Multiple size <= 100
OK
Multiple size <= 500
TEST 1 ARG:-234 181 -97 -57 174 -183 0 -173 108 -157 -82 -104 187 143 -105 75 -121 67 125 -129 -9 -139 152 173 91 18 238 -135 -226 54 -51 -19 -81 214 200 -238 61 104 -191 -66 121 145 6 135 -83 222 -3 -171 -199 24 -59 167 -232 70 -214 -4 -188 -150 165 -168 8 -132 -122 36 110 141 -103 131 -46 69 23 -89 77 119 -18 27 -49 228 -156 63 191 -130 220 102 209 72 213 161 84 19 -11 -73 -228 236 -64 96 9 -174 29 204 88 -87 240 -148 219 -85 -152 65 118 -94 -25 -196 -100 -38 3 246 -181 -61 234 -193 -55 177 -90 -43 176 -42 112 -184 -218 206 97 -246 129 241 95 114 -169 -217 -203 -69 -166 59 148 -248 -230 -80 -63 68 -35 55 -77 2 245 159 -143 -120 -179 4 -39 -140 -17 73 -96 -209 -31 -227 -93 221 39 -29 123 -208 -249 -5 -65 94 -124 -165 82 -115 122 -60 231 150 32 58 -24 -245 100 -102 26 -67 248 -30 25 -74 239 -201 -113 -28 244 -233 188 -229 217 -176 81 -112 -7 107 -158 -48 140 64 128 -88 164 189 -79 243 -133 -95 158 31 -136 -53 50 146 -126 -125 93 -180 207 15 103 -111 237 -197 -219 -8 38 -23 138 34 -41 202 -1 -128 249 -134 227 168 -167 133 205 192 -106 197 -91 -92 30 -33 83 215 -56 13 -68 -70 -50 41 196 175 85 -190 -222 211 48 79 -137 111 42 -205 160 -117 -195 -250 210 89 171 -22 -116 -204 17 -32 -241 -244 -155 -10 71 169 -98 -231 -131 -27 -178 -159 -210 -236 195 127 -101 -145 -187 -223 -71 5 -84 229 47 -6 149 -177 132 -237 92 -2 162 43 -13 233 -123 172 142 -170 -212 -153 78 -20 -216 -220 60 170 16 -99 235 -149 156 -192 -224 37 14 -26 203 116 11 -58 224 98 -52 -242 199 -154 198 20 139 66 -21 184 -36 180 -200 126 -12 -144 185 53 10 -211 -221 -141 12 -239 87 151 -247 -45 201 74 -34 -164 -186 -198 -44 154 124 -14 -206 -15 -207 86 -127 -76 -235 -175 -240 101 -202 130 153 163 -62 -146 178 223 -54 232 90 -161 80 183 -172 -225 212 -47 -243 -78 182 49 186 -138 -109 44 1 226 99 147 -110 -72 -151 113 40 218 21 105 -160 190 166 225 247 7 46 -16 35 -40 242 -142 -163 157 -189 109 -108 -162 33 -182 56 120 230 106 193 52 136 -213 -86 -194 -185 22 -114 -119 -75 -147 -215 194 28 -107 57 62 179 51 208 76 144 115 134 -37 155 45 137 -118 117 216 
TEST 2 ARG:87 37 -167 -116 225 9 73 -50 -2 194 -26 49 117 146 -185 212 246 -21 100 -159 226 -173 -48 96 23 105 -174 18 108 93 -140 -5 88 35 32 -153 247 -208 218 -40 131 191 43 248 -245 -198 -62 -207 7 -160 183 159 -84 -187 -103 -168 141 -209 -143 -161 112 -250 -219 -55 -172 -111 24 -148 74 126 -176 -155 -221 241 -118 124 -188 -33 83 20 58 -231 198 21 -186 149 -135 187 132 42 -36 143 -246 -81 237 -38 -66 4 -98 236 101 -227 -141 -179 -132 158 -44 -46 -7 -183 -96 22 -52 28 -88 215 11 -109 -202 171 235 -184 -60 -27 -57 164 135 -87 -6 64 195 34 -97 84 -20 -85 -214 51 -9 -101 -236 176 27 -123 -163 -105 113 163 136 -158 -42 220 137 -126 240 130 211 221 26 -65 116 138 41 -150 30 109 -45 -22 -91 86 -17 -212 160 -180 -53 -3 52 -189 229 207 224 202 -220 -95 48 91 -54 -110 -120 174 63 223 157 -59 25 204 238 -1 65 -225 -19 76 57 77 232 127 249 -229 186 -241 -129 10 -194 167 -90 39 118 -11 -151 165 -41 243 -56 -149 -224 -13 161 -248 -238 166 114 -195 81 -82 16 196 156 -58 144 -203 120 -178 45 -102 214 227 -47 -223 192 -100 95 182 75 14 -69 188 -139 38 230 -191 -243 -170 216 150 94 -23 36 6 -25 168 62 208 147 -68 129 242 29 -114 -28 107 -249 -86 -24 -211 -204 -206 -182 -175 -29 46 244 -181 -133 206 -39 -228 134 -239 213 -156 217 -142 -64 -242 -16 69 123 -166 210 -99 44 145 122 -122 -128 179 205 -190 -234 -72 142 -93 110 -78 -108 13 -80 -237 -92 -216 -136 -199 233 -107 -83 155 -113 -43 -77 -192 228 -222 177 -144 181 -193 -147 115 197 -162 -106 47 -63 -200 -177 66 -125 201 -49 15 60 -218 1 153 -232 2 67 -67 72 -104 -201 119 70 3 -217 -37 19 -15 -35 80 172 40 -169 -244 203 -233 234 -137 104 148 -74 193 -112 200 -134 -8 189 -165 219 54 -131 111 -235 50 180 -117 -10 -205 -210 -197 17 79 53 -4 169 170 -32 -18 -14 -70 -171 8 239 -71 -94 61 33 173 92 -30 139 222 103 -12 185 184 -89 231 99 128 78 -145 199 71 -115 -213 151 -127 -124 245 152 190 85 -157 59 97 -154 -226 121 -31 178 55 5 140 31 -119 89 90 -51 133 125 -138 -240 -61 -152 106 82 -146 -73 154 68 209 56 -75 -76 -121 -164 -34 -230 102 0 175 12 98 -215 -247 -196 -79 -130 162 
TEST 3 ARG:212 -3 128 -34 -218 -49 30 132 -174 -165 103 -84 55 -17 -197 -103 88 101 139 -157 93 -121 89 -203 107 7 -205 -40 91 46 168 -43 47 -191 226 76 131 61 -16 215 220 -47 190 184 67 13 112 -30 33 -154 -178 -133 133 -248 -231 137 104 -15 246 -196 11 -243 53 211 -184 63 92 -183 -26 -67 175 138 24 35 203 -52 1 -198 230 -68 160 20 -80 73 148 -244 -69 18 -171 80 -24 216 165 86 201 -127 -72 -139 -109 117 191 6 -216 27 -117 -94 242 14 172 -23 -115 108 -50 -229 -163 58 -143 244 221 205 206 -237 -74 222 -230 -125 -118 161 -164 170 188 -219 197 -82 199 79 12 116 141 -32 -141 186 174 223 -6 118 34 231 43 125 72 4 -172 234 135 31 17 77 227 122 -193 176 157 81 -45 155 -29 -39 -44 -150 -239 237 -202 97 -76 19 -209 16 -75 -61 -177 39 -106 164 41 82 65 236 162 -173 238 120 -104 213 -169 38 -249 -128 -195 -135 180 -246 -55 142 143 100 56 144 -207 -33 -201 -132 -41 -215 40 60 -175 173 -180 -77 -213 -83 140 196 228 32 83 -228 -186 198 -19 45 -119 -12 -59 -235 152 181 123 -95 178 127 -2 -148 -124 98 -114 124 -217 202 110 119 70 243 -65 48 -13 15 -156 209 247 189 187 200 2 -250 3 -189 -64 -66 229 -71 49 -97 -161 214 -238 -159 147 37 44 -42 -70 -147 -131 245 25 177 -240 224 36 -200 114 -222 -130 54 -208 171 -225 -221 151 94 -144 -138 71 -56 22 -162 -110 85 29 -21 217 26 -63 62 225 -204 -90 -37 -192 204 -62 -140 111 249 -14 -226 -170 136 0 233 150 -168 109 -87 23 -214 -206 -166 8 106 -187 -8 146 -185 -96 -153 -223 -57 68 239 -105 -152 134 208 -188 51 218 9 84 121 149 99 -54 210 167 -112 -86 -158 -199 -179 -116 -51 -7 -73 -149 169 194 179 -93 113 -78 95 -20 -182 -25 -234 -242 -27 -46 -123 66 207 59 -145 115 -108 -134 -176 241 5 -151 -160 -58 -137 -1 163 42 -60 -236 154 -129 193 -48 -99 52 -232 78 -113 235 -100 -190 -88 -241 -142 -194 219 -247 -11 -120 145 10 240 -220 185 -146 -81 -224 -122 -91 57 232 192 87 156 102 -89 -227 -92 -233 -9 -181 69 105 96 -31 21 126 64 -155 158 -126 75 -79 90 -85 28 -36 -28 -102 166 182 183 -53 -245 -111 129 50 248 74 -212 -136 -101 -210 -10 130 -35 195 -107 -98 -22 -5 -4 -18 -211 -167 159 -38 153 
TEST 4 ARG:-116 162 -184 68 -66 54 151 109 187 177 14 163 40 -115 -165 96 -32 -226 -178 128 197 231 -60 -8 93 -188 -107 49 10 195 -137 -192 129 -15 205 27 36 97 -243 -91 -159 -108 -143 -17 117 -218 -103 -202 -194 -82 -239 -9 134 -183 138 -19 -148 149 -181 228 26 38 132 184 -241 -102 -46 -81 -40 203 -141 -138 -23 -134 -204 -162 59 -175 161 -212 -84 -61 -98 170 -189 245 232 155 152 -235 -57 156 -1 -42 111 -221 207 -106 -48 -22 169 139 -88 -164 135 166 110 227 -195 -59 102 -150 69 157 165 -157 -127 225 136 160 24 -203 -87 191 2 -223 -73 -193 107 212 55 243 25 -37 223 242 -62 104 31 -47 -56 45 -24 -172 183 21 -125 -207 -197 230 -130 -35 -26 108 100 -179 67 78 -51 13 -12 87 3 238 -65 -238 95 -16 239 -242 -93 -182 -158 -163 5 -104 -234 46 -101 -14 -176 -230 -96 218 -122 175 -166 -219 133 -228 -213 -76 48 22 30 73 -29 0 -11 -126 -146 -109 199 -4 79 -3 -232 194 7 -6 32 -190 90 142 12 56 120 53 37 174 -97 92 65 -187 -191 154 131 -237 210 106 147 190 85 118 -214 -247 196 -43 77 34 130 11 -216 -250 144 206 -33 -198 178 -123 1 -124 101 -117 -233 112 193 -105 211 28 94 185 137 188 -89 15 127 126 -139 222 64 -94 124 -161 224 -49 99 246 219 72 -142 23 181 150 -177 -231 16 44 39 247 -149 -30 -132 121 198 86 103 -45 204 33 60 -79 -153 217 -222 -140 42 -169 83 -58 75 -136 71 9 -2 -118 -229 -28 35 -144 -114 164 143 -131 -75 -21 57 98 -135 -133 52 159 -86 -54 234 213 76 -36 -185 -236 176 140 -145 -217 -27 -215 -38 -248 -224 -92 240 41 186 192 158 -39 82 105 -160 -112 -200 -99 17 -196 -151 80 248 18 -154 -206 63 -64 -70 201 -52 -41 4 167 -55 43 62 -249 244 74 70 -18 189 -95 -68 -240 -85 50 -77 -173 -199 241 -111 61 -5 -167 51 -180 233 141 -80 -205 -72 235 148 20 145 236 -210 116 -170 -63 -83 -220 226 47 -245 -128 180 -100 -13 -174 -168 -44 -71 -156 220 -225 -20 146 168 6 125 -119 179 182 -25 -34 -147 -244 171 202 89 8 -90 221 237 -53 249 -67 -110 215 -120 122 81 -186 66 88 -7 115 113 -113 -31 -246 -69 58 -10 173 -74 153 214 -227 229 172 114 -211 -152 200 -171 29 -50 -121 91 -78 119 216 -208 123 84 208 209 -129 19 -155 -201 -209 
TEST 5 ARG:31 200 -108 17 197 127 184 203 211 -235 221 189 -79 246 53 -159 -123 79 112 -109 -13 -49 63 -170 212 -7 -64 8 -232 -191 -104 167 218 -12 -112 142 208 -105 -42 -63 -189 -85 -208 151 108 175 -248 -35 -65 22 -225 58 96 14 206 -29 -229 37 -125 -200 205 194 42 -226 -238 237 235 -161 66 33 68 126 100 238 242 -56 -218 -188 -37 171 -203 143 54 103 -227 202 107 -231 84 -160 248 186 30 -34 -92 50 -80 135 -210 -33 -134 140 -204 190 172 70 -250 224 -190 39 34 227 158 -10 82 -173 -40 65 -151 -244 38 -75 121 18 64 27 -197 191 -146 236 91 123 47 29 -107 -21 5 -122 -144 -221 209 -180 199 -219 -39 3 -20 216 124 -50 80 120 201 -114 67 173 -98 0 -175 -90 -167 240 -18 133 185 -36 -178 46 -45 56 -135 6 -69 -217 -172 20 -147 86 155 117 160 -116 94 -76 -47 101 192 223 -4 40 128 -91 -121 81 118 -51 52 141 -158 193 -16 -237 122 87 41 93 -97 48 -74 178 -169 243 220 -196 -26 71 -166 12 -84 -43 204 219 168 215 -73 -23 -124 11 -115 15 -61 214 177 2 -99 -216 161 -187 -96 -100 207 -249 -193 -5 150 -141 98 -89 -9 182 90 233 -66 225 16 -171 -28 23 -83 -94 217 -234 229 111 -195 -209 -164 234 -224 13 230 -81 -70 153 7 -142 247 116 -149 -11 -25 45 110 21 -145 -127 -44 24 -32 88 59 -17 89 222 183 -101 -31 -106 -53 -38 -186 -95 157 -241 -118 -131 76 -48 75 149 -117 51 -60 -155 -211 -19 102 210 -130 -228 166 83 -67 -58 156 245 152 -137 187 32 85 -86 49 -22 78 154 -168 -143 170 114 -139 -2 125 -182 174 179 -201 69 231 -132 -41 -184 -78 -113 -183 -194 148 -62 115 -54 159 106 196 198 -77 -119 -212 134 43 -240 -157 -103 -27 226 -156 -207 -165 -133 249 -14 -152 -222 104 -215 10 -150 129 99 176 -110 -179 -154 62 -24 92 138 -236 25 -72 188 57 109 164 137 -8 105 35 77 131 -129 180 -1 -177 -153 228 -6 -87 147 -15 -138 -126 1 -57 -93 -242 -3 -30 146 -55 95 -128 97 -206 73 113 -245 165 232 -230 163 -176 -88 -82 -243 44 119 241 -213 144 239 -246 61 60 74 -174 -199 -46 181 -205 -111 55 19 -102 -162 -198 -59 -148 145 -140 -68 9 -214 139 -247 36 -233 -71 213 -202 -136 28 -185 -181 -192 72 244 -120 -220 -223 4 162 136 26 -52 -239 132 195 169 130 -163 
TEST 6 ARG:124 -235 -227 38 -29 96 -213 225 -155 179 -242 -42 170 178 -74 204 140 133 240 48 126 171 -57 116 -4 77 -184 76 -172 -17 205 -94 -134 52 2 -10 212 -46 211 -83 220 -71 75 51 -36 -229 57 -14 -93 97 -6 95 -18 -65 13 28 27 -78 -96 -136 202 166 219 63 228 144 102 41 201 -123 -114 125 19 -50 -81 -142 -115 -72 -82 -39 -53 -69 119 -197 181 47 111 -240 145 -108 -246 190 67 -47 -244 49 249 3 -239 -12 172 -58 54 -188 215 32 89 137 -207 -49 188 -167 -85 1 55 15 -186 -179 83 187 -133 25 62 -161 223 185 -40 -21 12 64 93 243 127 23 -90 118 110 222 248 -206 -111 53 157 -156 132 33 -59 105 -13 155 -116 46 -119 -118 -25 120 -141 163 193 8 -169 -132 -153 82 128 -33 14 182 -43 -148 -177 236 235 -245 90 -237 -199 -44 6 162 84 -158 22 -22 -84 30 -202 230 -143 -226 121 234 0 237 -113 74 173 194 -165 -56 231 -86 -77 -19 39 108 186 203 -164 -178 -224 31 -203 87 78 68 -216 -63 161 -198 80 61 -138 -151 -32 -181 136 -204 -131 -3 180 195 147 -163 60 233 -73 56 -101 183 -68 -247 -214 -28 122 152 -218 238 -100 142 158 242 -238 -209 -51 139 -162 -107 50 -54 199 244 -11 -191 18 -7 -168 -120 -174 -125 -34 69 45 -201 37 217 131 88 -8 177 -106 213 224 -211 141 -27 -176 -210 -166 9 221 11 -127 5 -243 -171 239 232 -232 135 227 24 10 -23 17 -95 66 -144 42 -121 -137 146 -173 -222 -146 210 143 165 192 -160 94 -79 -26 175 -250 164 -205 35 -182 -87 -225 -159 -98 99 153 184 245 -15 29 109 -110 189 79 -89 -248 209 169 -124 -217 117 -150 -91 -190 -1 -109 -215 86 226 -180 241 -152 -45 -24 115 -154 91 206 191 85 -219 -139 71 -41 200 -221 -129 -2 -103 36 -200 216 229 -147 196 -99 100 92 59 -38 -52 214 -194 -223 -128 58 -67 -102 44 174 16 -104 -105 -62 113 -189 65 246 -70 103 151 -212 -241 -140 -185 149 138 112 -37 -231 -187 -5 -60 -195 73 -175 -192 -112 208 -135 72 -170 -122 -16 -88 123 -75 -208 -157 34 -76 -196 40 -183 130 160 167 -66 107 156 -35 21 26 154 -80 114 -228 -64 159 247 -220 150 104 -9 -117 -149 -130 -233 -230 134 -249 101 198 -234 -92 -20 -126 -48 4 98 7 -31 -61 -55 -236 106 148 218 20 -193 70 -145 129 81 -30 43 -97 207 197 168 176 
TEST 7 ARG:-2 -223 41 -84 26 48 184 -14 219 231 -150 -65 -110 -35 152 -168 -237 23 -85 43 112 139 -124 -170 81 -213 10 29 -121 -39 248 -72 177 64 -157 -127 -205 -28 68 -61 36 -193 -117 -78 58 -37 -69 217 -29 49 243 -222 -142 194 204 -133 22 156 67 -178 -187 -196 52 238 -130 72 180 -134 -201 119 -116 -16 -235 210 228 -143 42 -211 -216 -10 -111 100 92 -186 86 -231 223 4 8 108 -99 91 -243 -119 -165 12 230 -233 -92 117 233 102 185 -4 -197 -20 190 -102 197 -202 -63 -131 -30 -249 65 187 80 138 44 224 -225 -50 -241 15 -58 -94 6 151 199 134 -106 24 247 -47 -62 -70 -109 -38 -246 90 77 -93 -75 -159 -95 84 -76 148 101 21 -13 57 120 55 39 103 129 -22 33 93 -23 -245 -140 -242 -214 -79 -188 -59 78 50 188 -1 -199 241 7 37 168 -152 191 0 164 -71 149 161 -207 220 -26 -5 183 -132 221 130 214 144 153 -162 -82 174 -27 -184 -56 34 132 -57 79 -19 -128 106 -48 159 53 25 -25 125 -68 -182 70 193 116 123 59 -24 146 -220 -49 240 155 -203 154 -33 216 237 -174 83 160 -103 -41 -219 -6 51 60 -114 -210 189 -217 -96 182 32 -244 28 195 13 -34 31 18 -250 -122 -204 166 -180 -126 -125 -60 -105 110 124 -185 -155 5 2 -120 -64 16 -53 -209 73 -83 -208 71 -32 212 186 -181 179 -3 218 85 192 158 -144 -161 -44 -137 170 113 -15 -183 -67 122 -55 -195 198 97 94 74 -247 -194 196 -91 115 95 -66 -40 176 -100 -118 14 -215 -88 -135 40 215 -141 136 17 -11 226 172 -212 -108 207 -224 -158 30 178 -229 173 -115 141 56 -89 126 -139 175 63 -12 114 -171 225 -147 -228 -87 75 54 -218 -97 -90 -154 89 167 -156 82 150 213 109 -81 -74 47 118 -234 -112 163 -86 99 239 -43 66 -166 -149 -175 107 -206 -200 111 232 88 -172 235 11 -173 -238 -169 -52 -148 249 202 229 104 -190 -123 211 -7 -163 96 -54 9 201 131 246 236 -36 128 62 203 -236 208 -104 -46 -239 -177 -45 -113 -227 133 -138 46 -189 -80 69 227 -191 127 -136 121 171 -98 76 143 -232 -18 20 -51 -17 -42 -179 -129 -73 45 165 87 142 98 105 222 -145 -230 -221 145 205 -240 244 -107 209 147 -31 242 -164 3 19 -248 169 200 27 -198 -160 181 -167 206 245 -151 -8 137 -153 38 1 -77 -21 -101 157 -146 234 162 135 61 35 -9 -176 140 -226 -192 
TEST 8 ARG:-162 -150 112 249 -181 -221 231 -46 -195 80 -87 38 62 -237 -194 -149 89 -178 -197 -141 -213 -166 94 140 95 193 35 -177 -188 -138 171 220 -1 182 10 116 72 7 -101 34 141 -157 115 -40 237 232 218 -169 1 213 -160 -112 50 -83 -73 90 170 -167 6 -90 109 17 211 124 18 103 -226 208 229 69 221 246 -170 202 55 -126 70 -225 114 -245 -140 91 -24 -205 -206 56 47 -116 189 -54 36 236 207 -21 -182 -103 -228 -202 -51 13 -48 -27 -82 -14 -31 -147 217 194 63 152 162 14 226 -122 223 -41 22 188 64 -56 -39 -142 -249 -154 159 -203 86 191 -246 71 127 -89 -152 -215 -125 -107 -190 30 156 242 -100 83 3 -68 53 -23 -243 -49 -234 -5 -94 -244 46 163 -120 -199 -210 -128 158 -158 145 139 196 -185 -240 200 -217 -248 119 -70 -8 -184 157 -124 164 -42 177 160 -179 176 -139 81 146 -180 129 154 235 -216 -43 28 -111 60 -224 -17 16 -105 102 161 -163 5 117 -148 198 -32 -44 61 58 -38 121 66 -117 -35 125 -118 19 -219 -45 -92 -55 181 24 -58 -186 54 -60 87 -183 -98 -15 -156 204 110 -196 -189 59 -238 205 -67 -136 11 -200 -239 108 -26 142 216 99 8 238 21 -72 -212 -81 85 42 138 -99 -13 -77 106 172 118 -30 122 -28 -86 -78 -211 201 166 228 -187 -85 -173 130 -146 -71 219 93 -218 -11 149 -175 168 44 143 57 -53 136 165 -123 -114 -207 104 98 25 111 185 -133 -108 245 -151 -3 167 -168 147 79 -220 -235 -115 -121 123 240 49 150 244 -76 -172 -75 101 20 -164 -129 241 52 -96 -22 128 -144 -95 -109 -2 -241 190 -208 -231 -191 -214 -171 -227 4 -61 -97 -79 -19 74 67 243 -247 78 -155 -176 -236 206 173 180 -230 131 -63 133 -65 -161 -209 195 214 31 134 192 0 39 120 -80 132 27 -16 32 184 -250 -74 76 175 -192 105 -25 -29 234 -88 224 48 -69 -57 29 183 96 12 -12 -20 -232 151 209 40 -223 33 23 -9 -137 -36 225 -50 -59 230 -193 -64 227 77 -201 26 9 179 43 92 135 -10 233 -143 -102 -84 -52 -104 -47 197 97 -229 153 -4 65 -242 107 2 222 68 155 -127 41 -233 210 248 113 45 -93 174 -37 -135 148 169 -66 73 -204 75 215 -34 -222 -130 -134 15 -165 199 -113 100 -33 -174 187 -145 -110 84 51 82 -159 -18 126 -131 -6 -119 144 137 -7 203 212 178 186 239 -62 247 -106 37 88 -91 -153 -132 -198 
TEST 9 ARG:201 -172 15 136 190 67 158 -7 -235 169 -58 -177 176 60 171 13 -168 27 210 -126 205 78 21 -109 109 -107 -176 -242 194 -5 212 237 29 63 -161 77 -35 231 -170 -219 75 216 131 144 -97 211 -13 137 -99 -63 2 -160 246 -27 101 209 147 113 16 249 -111 -141 -158 230 -55 -240 199 156 -119 76 -233 132 -151 170 26 -123 -82 -104 -148 -239 82 -185 189 -194 238 -54 93 -19 6 -56 -59 65 -71 59 -178 235 35 192 51 99 159 3 183 -72 180 -183 10 -182 72 117 -121 107 -227 84 -147 -73 43 -21 7 -52 -62 -122 175 236 191 104 -116 -127 139 100 18 -90 -26 -209 -191 -223 -24 -149 -226 153 -42 242 222 14 105 182 -133 -50 160 -200 163 164 -81 -98 -150 -152 94 218 127 -186 -118 -159 36 -135 248 -34 -140 -220 -188 -228 -224 -138 168 45 34 167 146 -23 98 -113 -18 32 -153 208 197 203 -36 217 25 33 -103 -245 134 -222 -196 -142 -67 226 -250 140 119 -195 19 -157 42 -29 -1 166 -205 -60 -41 121 -51 37 240 12 -105 112 -102 -8 83 239 -169 243 -238 -11 124 102 -134 -181 71 -237 207 -20 -211 23 -215 -173 123 -48 -84 48 232 -96 -45 -117 31 -57 -94 157 -244 97 92 155 244 -91 178 -61 151 -179 -76 68 -65 -30 -108 -225 -14 186 -156 49 -216 -187 -214 -163 -112 228 -39 9 220 -201 -213 219 70 -193 -204 187 224 54 -197 -2 195 -208 74 -207 111 -101 130 -231 -130 47 39 193 202 -44 -110 64 184 -4 -162 -131 179 138 -124 -167 173 133 89 110 215 -212 -198 73 86 161 44 87 -17 24 225 -125 154 233 -202 214 172 -136 -180 122 135 -87 -88 96 -129 213 -165 162 -184 145 -203 11 245 -6 91 -100 198 247 185 142 95 66 -64 -232 196 -115 -32 103 20 206 -22 8 61 -83 -89 -12 -49 -53 -93 38 1 -74 148 221 58 143 149 -174 -46 152 79 -218 -114 241 -47 174 -33 -31 -192 150 28 -247 227 53 223 234 -68 -75 -199 -92 88 -25 -132 -248 80 -190 114 -229 85 -77 -120 40 69 -70 -66 -28 22 -143 -210 -221 56 120 57 -139 62 -86 4 -40 -155 126 -78 -175 -38 -80 0 -189 -16 17 -236 -145 -243 -234 -79 129 -43 -241 41 -146 115 -249 -206 -246 -37 -3 229 188 118 -9 -95 -69 -10 -15 204 -128 -154 108 -164 181 55 128 -171 5 165 -85 -230 52 200 46 81 -137 -217 116 -166 106 90 -144 177 141 50 125 30 -106 
TEST 10 ARG:165 -164 -229 -165 95 -132 86 -21 -6 -89 -114 100 -194 -179 157 101 198 -93 224 -11 -82 -182 -148 -157 236 -172 -13 114 170 202 132 246 -44 -84 124 43 -201 -56 -193 -166 -122 -146 139 -236 89 223 54 60 -101 189 25 -226 33 28 -175 105 -79 -63 44 96 -223 218 171 123 237 -118 11 130 -50 -4 -183 -64 -202 -25 222 55 199 56 -141 9 64 -67 -212 -113 -162 -28 201 58 -219 -33 150 -139 63 -246 57 103 -40 107 82 -42 161 239 231 -147 51 133 -190 -109 216 71 -16 81 -45 -17 151 -143 23 42 62 159 219 -207 169 -24 227 173 -94 -217 -7 92 -106 -110 -74 146 27 -245 -43 -134 93 -22 112 -191 -58 50 160 204 78 -153 -160 158 -197 106 6 200 -54 -35 1 -205 154 38 108 -235 -171 233 -70 102 -66 36 -154 -19 14 188 -173 116 -155 -1 -111 20 -185 10 177 -137 120 -167 -158 243 -36 -140 -211 121 -32 84 -47 -78 -186 240 -189 -221 -243 -23 -86 217 74 -239 -123 -151 -174 -119 40 77 205 213 -57 -135 229 -131 -196 -121 117 110 104 31 167 41 -38 -124 -200 -30 80 242 143 215 -46 206 -220 172 37 -198 232 32 -203 241 207 152 -231 -244 -9 -97 212 228 -10 39 -250 -187 138 29 -130 -136 -232 -26 113 -72 -68 140 226 -208 -218 -145 90 183 -62 -39 53 7 142 49 153 79 -81 -69 -216 -117 -210 3 -3 147 13 35 -222 -90 -242 -129 -76 127 -100 -169 193 -65 -60 19 -49 -98 209 126 134 -41 -2 -150 87 52 18 -83 -73 -234 21 -18 -48 245 128 -127 -55 -116 -107 68 -199 129 -170 249 -53 83 -204 211 97 91 47 109 -14 210 5 176 -156 -103 69 -168 180 192 -249 -87 220 182 244 45 131 -188 -120 185 -105 137 -206 -161 -176 -80 -149 48 -85 -71 -181 -29 178 -215 -27 -159 -177 186 -115 -102 -237 72 -99 -209 174 -180 -152 -178 184 26 66 -195 144 -108 34 0 141 30 -8 -133 88 168 4 -233 221 235 17 -95 -213 125 135 -184 122 -225 181 -228 155 -31 16 59 -138 149 85 118 191 -241 214 195 -12 238 -248 -77 -112 196 73 65 -125 145 -51 -88 203 179 -96 94 -230 247 2 -5 197 163 -37 225 136 70 166 99 -142 -92 8 12 -34 98 194 -20 164 -59 115 61 -75 119 24 -91 111 -240 46 156 230 187 -61 208 75 -163 234 -15 -52 -128 -126 -224 -214 76 -104 -227 -192 -238 22 -144 162 -247 15 148 190 67 175 248 
TEST 11 ARG:96 -58 -188 -78 -105 -36 97 -24 16 -174 121 60 -166 -213 -137 102 -81 44 160 61 34 247 56 192 150 78 -163 -139 -14 -172 33 42 11 188 -157 -130 -133 12 -50 -247 37 -177 223 -195 -104 -239 224 -127 241 -146 -114 119 185 -193 178 84 39 -28 216 45 195 -61 210 -34 239 -76 -184 -41 -211 -197 111 -60 -202 -87 -92 248 83 106 -17 7 75 -175 -4 -217 -74 158 -5 243 200 -15 72 113 124 -159 49 65 -236 219 -57 -230 141 -29 235 62 -250 149 -149 -191 118 -169 -210 212 23 -16 225 -18 -13 0 85 26 128 -30 220 -249 95 125 -21 -165 112 -107 -186 89 100 -125 183 249 81 232 126 -54 -245 180 -238 -182 8 -33 90 -185 -71 -1 193 222 -119 140 -46 -19 -49 63 43 -48 -122 68 -118 -135 143 73 -147 -141 32 233 187 -95 157 202 31 236 53 -44 2 20 169 -228 194 -37 186 46 -196 -181 -154 -162 244 171 -143 173 131 208 -73 -23 -201 -234 -221 24 -183 17 -26 71 -173 -70 -227 -63 41 47 -151 166 145 15 -131 -198 -220 -64 21 -106 168 -161 104 -96 -207 -232 -67 -136 -110 -190 191 -101 181 -102 -6 -155 -66 -115 67 115 189 88 -22 -179 52 -140 -2 -209 87 -121 -12 209 58 -86 242 66 -134 132 -194 117 156 -187 176 -180 -142 135 230 59 -148 92 -69 -138 -77 -170 -223 -39 1 -248 -206 103 -178 215 184 48 107 -99 -242 -164 -111 240 144 -52 198 199 120 -132 179 4 182 159 9 -246 228 -167 105 -150 94 50 98 -56 -171 -218 -112 237 231 134 14 129 207 13 -208 196 -65 -62 -11 28 -91 -40 101 -47 -42 170 -8 136 55 80 -72 36 -32 218 93 -225 -215 -237 -113 211 -224 139 108 -212 -226 142 201 38 -116 -233 -20 109 -103 -126 174 175 -84 206 10 74 -25 29 5 82 162 3 99 -108 -51 77 153 -82 -214 164 110 -93 122 22 86 19 172 -109 -156 214 221 -80 -94 137 245 -145 130 -129 -68 -89 127 227 18 213 69 70 51 -38 -199 91 -192 -176 76 167 -160 -85 114 -241 217 -7 -45 -117 152 -3 -83 -216 -229 40 -203 197 165 -123 6 -153 -31 151 204 246 -152 -55 161 -231 27 190 -90 64 205 -128 133 -200 -235 57 203 -158 -88 148 -204 154 79 147 -53 138 -98 238 -10 116 25 -43 -100 177 54 155 -124 -168 234 -79 229 -144 -120 123 226 -75 30 -222 -9 -27 35 -59 -35 -97 -189 -205 146 163 -244 -219 -240 -243 
TEST 12 ARG:-59 216 -218 -208 150 142 -225 30 -151 -172 166 -105 -125 -177 -201 34 246 79 110 23 119 -111 121 -198 -193 208 -66 25 227 -169 -189 -247 8 14 -97 -15 170 137 -197 26 195 4 -27 223 204 143 -52 -4 182 -230 -236 -130 76 63 -91 232 -24 -69 -34 111 210 196 179 125 -220 148 18 -175 207 -180 -77 -249 -222 -139 -49 188 129 -232 113 -110 107 -63 -51 -112 -46 41 109 -140 -136 184 -162 123 -104 36 162 -129 -115 -109 -194 21 -14 237 -122 -25 -228 152 -38 228 -87 224 126 -211 86 -150 -174 -250 -103 -123 -99 38 118 -146 -244 139 -74 -96 -30 235 -84 -237 22 149 141 127 -81 -113 -60 130 112 97 133 -147 -47 31 59 211 50 54 42 -55 -160 163 215 -31 -171 -229 144 17 167 213 -215 169 92 -48 -3 -238 93 189 -149 136 -85 -29 99 95 -10 218 -44 192 -21 -210 106 -2 -203 -163 32 244 230 -35 71 -23 70 -82 214 120 -167 -98 29 74 -62 -243 240 -83 28 -64 -76 -155 20 -118 238 186 61 -114 104 -191 234 158 147 91 -133 -234 -182 -216 -71 -246 49 -154 96 -204 193 -70 27 -192 -202 242 -32 -67 58 46 128 -100 198 178 132 248 -213 -95 -9 -219 -22 146 122 -241 -173 219 -138 77 10 161 -235 -148 57 -164 243 -28 -187 -121 -245 175 -176 -80 -37 -79 47 176 -145 13 -1 0 191 67 203 138 -227 98 72 -206 -50 94 140 181 105 -186 103 177 222 -126 171 2 -179 206 -39 229 -116 56 69 154 -190 -17 153 -157 75 -18 212 -199 65 -205 -127 194 52 197 -142 -170 124 80 151 -152 187 134 239 -93 225 5 165 -102 -188 -143 190 -214 -65 -240 135 217 -54 205 85 173 -41 -20 -161 9 -61 -135 87 44 -6 6 -88 1 -212 -166 -8 -78 39 117 45 199 160 -19 78 115 -221 48 -159 108 88 -209 233 -168 -117 51 24 -158 -92 -57 180 -128 145 33 -13 -11 221 -231 -185 -132 -141 37 172 -26 -89 43 226 156 -196 83 -217 155 -90 114 -178 73 164 -195 174 231 40 -248 -233 -16 -73 35 131 90 -184 168 159 -226 102 -33 116 62 64 -68 -40 -42 -165 -106 19 245 -200 -7 -56 -86 16 247 -242 -137 202 -5 -239 100 185 -72 11 -94 157 -153 12 -224 220 -108 -58 -131 -45 7 55 -156 236 101 15 -43 -120 -181 68 60 89 -223 183 -12 82 81 201 -53 200 3 66 -75 -107 -207 -183 -134 249 241 209 53 -124 84 -36 -144 -119 -101 
TEST 13 ARG:169 -154 171 192 11 -114 158 -137 -145 154 23 -244 63 -86 195 -95 -184 123 232 76 -78 38 -89 -50 186 -19 62 -160 10 238 -36 174 -57 -246 25 -104 -98 -8 -10 117 -55 48 -195 -174 -14 100 58 61 191 93 188 110 -207 -25 225 -120 -192 140 -230 -169 -29 221 215 149 -116 -163 239 197 -46 101 -118 37 194 95 -232 -240 -88 -80 18 142 -28 -90 -66 120 -44 -157 246 -229 49 67 -70 -65 8 211 -173 205 -131 88 85 -93 -197 105 9 -7 -216 -5 -119 34 83 -106 35 222 -161 115 -238 138 90 248 244 7 126 5 233 125 226 133 -180 122 198 204 -187 66 -185 132 -155 121 183 -175 -45 136 -149 -227 -54 -201 185 163 81 -73 184 -60 -77 234 -158 30 240 229 247 235 172 -100 -20 -202 156 51 224 107 131 103 137 227 -48 -58 -156 40 104 106 41 203 216 -92 155 -200 -40 148 -242 108 -99 44 -97 4 -199 -84 -107 89 -125 -21 2 210 -223 -222 -142 157 78 99 -6 -144 14 75 153 -220 187 -74 -170 50 71 -167 -168 -198 135 -38 -218 -22 -71 -248 -147 45 -143 -182 -121 21 128 -136 223 -204 -49 -101 24 33 -241 206 -208 -13 28 150 92 -183 86 -146 87 231 -212 179 -205 -15 165 161 134 146 -153 -51 32 -233 -135 -203 -108 236 217 -171 -75 207 27 65 144 237 -31 162 -226 -247 -181 102 190 -68 152 139 47 -213 178 -53 129 -110 31 -237 46 182 -139 -37 77 70 145 -105 -41 177 147 -82 56 19 42 -210 98 -33 209 39 199 -196 -172 72 -126 -148 -2 -59 -91 -231 91 36 -64 -191 -96 -225 -122 -63 -132 -159 167 -47 -61 245 -83 220 -162 -130 -43 -235 200 119 -127 201 214 -27 164 -23 166 196 -16 17 12 228 6 -81 -32 208 53 -9 -234 -190 29 -140 -62 -12 -35 -111 59 -94 -124 168 180 74 -128 -164 114 -34 249 -215 3 -102 -3 -166 -245 243 -178 -236 127 20 -138 -193 -194 -30 52 -76 -18 -52 -224 1 15 -134 -123 -186 141 -176 130 193 218 -239 -67 84 219 -209 -103 159 55 -150 181 68 189 109 -56 54 173 -129 60 69 97 230 94 -189 -188 176 113 26 111 0 -249 43 -219 -1 -152 -250 -85 124 -79 -39 -214 -243 -69 73 143 202 -117 -113 -11 16 175 79 116 96 151 118 160 170 -211 -24 -179 -112 -72 -133 57 80 -177 -87 64 112 241 -109 -151 82 13 -42 22 -217 213 -165 -26 -206 -115 -221 212 -228 -17 -141 -4 242 
TEST 14 ARG:-222 -143 170 -206 119 27 163 -197 98 -66 34 182 218 -41 -37 -219 -234 60 -133 -5 -84 117 -77 -242 -189 38 -200 -174 146 15 -241 -220 12 202 -69 41 -145 -244 88 -205 -232 -243 180 176 222 -44 -154 -100 -31 -60 187 134 237 -213 129 99 228 -39 -178 -11 92 -201 208 196 55 136 -22 -43 -47 131 -98 -247 -134 20 -90 236 49 -164 -58 175 171 -56 -64 5 -12 -49 181 94 -187 -27 -20 -81 -59 57 217 194 -13 -28 -55 -224 -181 53 145 52 132 -171 -38 191 -137 -229 248 -83 -149 46 177 -195 -209 -225 155 71 -106 148 -4 -207 -80 -228 39 73 56 -112 123 44 -199 6 -202 -130 -119 -129 -246 -45 0 -54 -94 -6 82 140 213 216 -249 230 72 104 -211 231 -208 3 26 -96 18 31 58 28 -15 -140 -238 -33 -180 45 -245 -34 -173 -153 110 -226 -10 -250 97 245 167 24 238 188 243 -126 186 79 111 -89 225 -51 -65 -42 -30 68 -169 150 90 -63 -163 91 47 207 -68 -82 143 -186 162 -91 -212 -99 185 120 -3 78 -87 -159 -184 227 -26 25 7 103 40 106 -121 -147 139 -120 36 -193 173 50 122 114 244 116 -138 -158 51 -162 76 193 -50 151 137 -185 159 -109 -18 -177 -97 -24 -191 229 -128 246 -16 -223 -57 -61 -108 142 -79 212 -1 168 133 -217 -104 87 -230 125 178 65 -35 -113 -144 118 210 -235 -165 152 141 -170 -88 105 144 48 -132 -14 220 108 33 -95 -150 85 -48 -72 -233 124 43 -176 -115 174 -210 93 -124 11 80 -93 157 -198 234 13 127 -218 -231 -157 -239 -114 138 -74 -179 96 -76 -71 -142 54 240 19 -168 2 -175 -103 -183 -237 -127 242 -118 235 62 -70 158 89 172 169 83 -203 22 201 241 -7 42 -32 206 183 -52 -23 100 107 205 -156 204 -139 -21 -151 198 -135 -214 247 81 -167 156 121 109 209 184 69 -125 -131 -2 239 211 199 95 233 112 -148 232 14 61 164 77 -46 179 30 -107 1 75 -136 -248 128 197 16 147 -110 219 -146 70 29 149 35 -155 200 -182 -190 102 23 135 -236 154 192 -240 165 221 -215 -53 224 -73 66 115 -19 4 -17 160 -196 126 -25 -192 -221 -105 -9 -8 17 -166 214 -160 -40 -86 -122 190 101 -111 -62 64 -29 -216 63 -204 166 113 249 195 8 215 161 130 -141 84 -194 -161 74 189 -101 67 -75 -172 9 86 -67 -152 -123 -117 -36 -92 -188 -85 223 10 32 153 -102 21 226 59 -116 203 -78 37 -227 
TEST 15 ARG:34 181 144 180 87 128 120 95 -232 -38 -99 70 92 110 -233 -91 -74 32 157 78 -230 -1 201 136 -94 -36 211 -169 -19 209 -240 17 187 33 -154 119 199 -135 105 -102 210 83 -138 193 153 135 -44 -237 49 -40 222 -213 50 -25 213 46 -115 -136 145 176 -199 19 -96 45 -108 -177 -123 -59 -18 146 -175 -210 81 -117 238 -216 -107 150 234 232 44 -128 53 169 171 43 -8 164 143 -193 242 91 -194 64 -58 11 96 -171 -127 231 100 85 243 -4 -116 -54 -5 195 224 -245 -182 -220 118 141 4 -98 -57 -162 129 79 245 -241 -173 166 194 191 -244 192 216 -185 54 7 93 -147 -51 104 -85 -159 63 27 88 -165 -239 -21 223 -95 -49 -82 -250 -172 -105 184 -168 142 -55 47 75 -226 -140 5 -180 -26 -139 -71 228 -60 65 76 -110 174 99 74 240 188 132 196 -196 -215 203 -229 -35 -156 106 15 -72 26 237 -179 138 -56 158 -111 246 -114 -113 204 113 51 235 -9 -150 36 200 172 52 170 -211 -52 160 -81 -236 -200 241 -103 -234 221 167 39 -202 -47 -174 -148 127 -24 109 -73 -120 190 -176 -48 80 56 -238 -43 -64 -125 -204 -223 -170 -100 90 122 62 140 133 -104 -225 73 10 8 12 117 115 148 116 137 -152 -188 28 58 -88 239 -70 -143 -218 -45 179 98 -50 61 154 -109 23 -89 -191 -157 152 -134 -112 -31 -83 130 217 -137 -203 -198 41 102 -227 -212 168 -186 220 149 1 -27 -247 -77 -166 111 0 -61 -92 108 84 161 24 16 205 -14 -37 182 103 -190 -97 -155 -124 -153 -28 -197 186 139 -23 -119 -192 -228 -178 -101 67 97 -149 -78 -145 212 -163 -235 -142 21 -214 9 48 30 -67 -33 82 155 114 230 31 151 -93 -42 -189 -3 249 163 -66 -151 -6 -20 206 107 -183 189 -246 66 156 185 -219 233 -86 14 198 -106 -184 -167 -161 175 -7 162 -63 -69 -208 40 -10 -160 225 215 -79 6 -80 89 55 -132 -243 125 72 134 247 -224 208 -17 -30 -12 3 -130 165 86 -29 -217 -13 37 77 244 112 131 -76 69 -46 -248 -2 227 -222 -41 -90 57 147 -141 -131 -158 226 -65 -34 183 -53 -32 22 -133 197 94 159 -195 -207 59 2 -205 18 -15 -39 -206 207 -121 42 -249 229 123 71 126 -144 -146 -118 -129 68 -75 -231 214 173 178 218 -87 -62 -68 -126 60 -187 -181 -84 35 202 38 -221 -122 236 20 -209 101 -11 219 248 -16 -201 -242 25 -164 177 124 29 121 -22 13 
TEST 16 ARG:98 136 -171 13 -96 -50 61 179 157 -23 -110 41 -91 -78 -113 -107 20 -36 -20 238 -69 -183 47 -165 -42 -213 -24 42 -104 -40 -25 -191 -88 35 248 -236 107 -229 -125 201 228 -202 -242 -140 78 -66 -122 -159 -192 14 63 12 -231 33 243 124 -230 -201 65 -52 165 3 235 160 71 -221 100 -77 170 -189 -185 -92 -21 8 -102 -100 -243 -57 177 203 -141 -218 167 154 -80 5 171 -13 -176 117 -246 -49 77 64 237 72 -98 -177 -90 -70 -169 126 110 155 -99 216 99 -126 -186 189 -193 227 36 16 -142 91 -174 53 -214 -188 137 -167 -181 -83 -244 187 6 2 -75 249 242 143 127 29 -212 164 -217 17 -32 52 -89 129 151 -203 59 -124 -237 82 204 -101 193 28 190 74 182 -220 224 183 -1 132 -152 -134 -240 233 57 103 -47 32 -157 -153 -103 34 217 30 223 -160 153 -211 -84 -48 -166 75 -208 188 79 92 114 -56 196 -216 -68 -190 -55 90 234 -82 -116 -17 169 199 -60 -133 -226 175 44 -53 19 213 -161 -121 200 -5 -233 -72 87 -8 24 105 -14 161 -63 1 -145 -114 116 231 -15 -205 -138 -241 -147 -249 -199 -10 -128 -76 -33 95 69 122 120 -150 -210 -154 -27 206 -184 -198 -4 -44 -196 -180 -86 225 -195 139 247 46 -64 156 -131 -148 -2 50 -197 -51 51 102 226 -170 10 -225 -58 -194 145 -65 -155 88 -22 214 229 128 -136 239 -232 -12 138 -179 21 245 209 108 66 -123 125 -112 -71 118 -250 93 -3 -19 -178 45 23 -59 56 159 -93 211 -62 -43 -94 186 73 -6 -28 37 85 -135 -41 130 172 76 -111 178 141 166 219 -149 62 208 112 142 -168 -132 149 -164 86 207 173 -105 -26 -45 48 68 180 -54 140 202 83 26 -158 194 -129 240 -238 -143 -222 212 -209 176 -67 4 -239 -46 162 144 -163 -207 222 215 -117 -109 101 -16 135 38 58 -30 27 -182 158 -11 -74 -137 121 241 -187 113 -175 18 -97 191 197 246 -79 -151 220 -115 205 150 131 134 80 -18 -61 -9 49 94 -146 -206 -38 -172 -219 -227 221 25 -106 198 232 -173 -139 185 7 -7 123 -87 -162 -204 -108 104 39 244 -95 -130 -29 195 -156 -85 -223 210 146 -118 97 -39 152 55 -127 -31 -245 218 111 0 -235 54 168 89 -200 -144 40 -119 115 22 -215 174 -224 -120 9 96 43 119 -34 147 236 163 -81 -234 192 81 -248 -247 -73 106 181 148 84 -37 -228 60 -35 15 67 109 184 11 31 230 70 133 
TEST 17 ARG:-74 -140 110 231 -73 -212 47 70 224 -204 -31 -9 -141 131 238 -5 197 9 79 146 248 53 -59 167 4 -106 -54 37 -105 242 68 205 189 -108 -191 177 -154 171 -144 52 -41 -29 -95 -174 41 34 -94 -111 45 92 50 66 179 -52 138 -190 57 -232 -46 -50 -225 -236 175 -201 233 219 -158 244 222 -247 227 -93 33 -81 168 -112 -90 78 -10 -98 192 44 65 -113 84 -116 7 198 39 -72 -26 51 199 -189 234 235 -163 -227 -48 225 -57 180 -237 -86 -37 115 -51 8 -4 136 -202 48 -119 -235 -124 -208 -172 -187 32 -162 67 46 -213 54 194 -125 240 149 43 -39 -32 6 210 188 -156 246 -176 191 -221 -11 16 49 -22 190 -83 -61 -127 113 217 208 229 -23 85 10 20 216 -44 -77 60 159 -104 42 147 -28 215 -165 83 -85 -47 196 -183 18 -211 101 -89 -60 75 -149 -139 -20 -195 142 187 204 -96 221 -1 -200 -206 28 64 145 -122 111 103 -30 182 156 -180 134 -70 124 81 166 -66 239 -196 -78 -219 109 150 -88 -143 -84 132 25 19 -64 99 -246 -220 -18 -132 176 237 -97 -152 243 23 -56 93 -239 -75 -69 -24 -146 183 56 100 -58 -76 164 -130 -128 -65 72 -217 -63 -223 -242 -25 89 97 152 -6 127 -117 -12 -231 223 -42 -118 -62 241 117 -222 143 129 -168 122 -218 126 22 59 14 -192 -19 -241 0 71 63 1 -131 90 133 -7 181 226 186 5 104 58 -114 -244 160 -160 249 170 247 -179 -215 -147 -169 -15 232 -181 -150 118 -53 106 -38 -134 -13 -214 -233 163 -138 -137 87 61 -49 -45 -82 -79 -14 13 -186 193 201 -167 -100 12 158 3 2 -243 -155 27 -166 -110 -175 102 -80 86 172 24 123 -209 -226 15 -126 -182 -207 -216 -157 161 236 108 -34 157 130 -103 209 -184 -99 120 141 116 -92 -151 -210 -2 107 -67 -199 -35 35 -203 121 -185 -91 230 -87 -234 162 95 -197 -188 -205 -248 174 245 -27 153 -238 96 88 -145 -161 155 -173 173 128 -109 -43 -159 178 -21 -17 69 82 17 218 -55 -68 -123 214 -198 -107 -178 80 144 -3 148 -245 26 62 -230 154 -16 -71 125 -249 91 76 40 -135 228 -40 139 -250 -129 -193 169 -229 -115 -194 -228 213 -164 31 137 -153 73 -148 -177 119 36 29 114 112 -121 -133 -36 203 -102 94 98 135 105 77 140 207 -171 200 11 74 211 21 195 -136 -224 220 151 55 -170 165 212 -33 38 30 202 185 -142 -120 -8 206 -240 184 -101 
TEST 18 ARG:-32 107 -205 121 -202 231 -208 89 -224 148 175 84 45 -213 -117 -40 19 163 131 88 -211 59 -129 -169 64 38 -11 168 -91 230 -195 -93 -190 -200 91 -203 -217 160 -68 153 100 180 4 200 -148 -140 179 -63 -209 -154 -179 236 24 -97 -233 -228 -219 213 66 -53 220 -112 -78 60 174 -50 199 -149 -174 -121 -100 -79 11 77 70 -19 249 29 51 215 81 235 -56 207 -171 116 -83 -199 -17 -87 96 197 167 214 164 113 -138 140 -226 -110 -249 32 -30 106 117 228 -145 25 191 -20 -206 247 -35 -55 -89 40 -221 47 -134 16 82 129 172 -133 -98 63 58 -237 -77 26 -2 20 -106 -13 101 -43 -201 94 -185 104 -241 -235 144 -143 229 -71 137 161 -66 -51 95 54 -88 -57 -80 -49 142 -126 46 -113 85 74 -175 112 204 211 -70 -123 -139 159 -7 -236 -124 -162 -29 108 146 -160 -47 202 -164 41 133 158 35 110 -238 -39 -103 193 -101 149 -150 138 239 -26 43 75 132 233 -52 128 -12 -14 -114 -108 127 65 -99 93 244 -146 103 -246 -239 111 28 -165 36 -119 -161 -204 97 192 205 73 31 177 201 152 -118 -36 227 190 -189 10 -120 124 134 -46 -16 208 -38 -247 118 55 -141 -28 151 37 -244 17 -111 68 -240 -242 -18 -5 240 -4 -84 212 -115 79 48 176 198 -105 -127 141 -220 171 72 246 -173 -218 99 34 80 224 -157 -92 62 -76 -163 187 -147 56 145 -62 223 243 -181 123 -215 -116 -131 1 49 136 -75 248 -158 -156 -167 218 -137 -231 -3 -82 245 222 -54 -223 154 -183 71 -60 170 -250 -212 -234 -135 139 -104 53 234 9 42 147 18 120 30 -168 33 -69 196 21 -245 -81 92 87 125 -44 -21 50 -155 226 13 -178 -67 86 -142 -37 -222 -187 156 12 78 -230 210 150 -102 189 182 157 181 -61 15 -177 194 23 216 109 -59 188 -42 209 -170 -132 -227 -184 -22 -1 -125 -191 -96 -136 -95 185 76 -45 166 -6 -24 206 126 44 203 -15 -74 -23 232 -65 219 -198 -172 -9 -196 184 6 -248 -216 237 -166 -122 238 -159 -41 221 173 5 67 -85 135 -229 169 -210 130 143 7 -34 -153 -130 -86 57 83 -8 -243 -90 22 -180 -188 217 -151 -232 -107 -10 -72 -176 119 -128 114 165 225 115 -207 105 155 39 -33 -225 -64 8 -109 -192 98 52 102 -73 -182 -152 3 186 -214 241 -94 122 178 -25 -48 -31 61 2 -144 -58 162 195 0 -193 -197 242 -194 183 -186 -27 27 90 69 14 
TEST 19 ARG:28 -108 25 -20 -16 -229 -102 2 68 223 -27 143 206 64 182 -191 218 -33 -184 -211 -148 -205 -146 -131 -222 219 -93 114 239 81 168 123 -217 129 211 -203 -174 117 -234 -214 -145 -129 215 -143 -243 133 -29 91 144 221 -179 24 -35 -137 -112 -14 -206 85 -160 66 213 8 -48 -116 -24 70 155 -208 -151 -68 200 -240 71 -171 -103 -101 145 -158 187 183 -125 112 -215 62 -144 -44 -224 -8 245 -250 17 -231 -185 95 82 50 128 -180 134 149 -183 154 101 -169 131 12 -99 96 -31 -95 238 166 -64 -178 31 54 -67 127 204 222 139 -130 -118 30 -97 -76 -71 -223 45 167 94 -50 58 -228 -157 -109 -110 52 -244 248 33 231 116 -220 34 240 -104 77 -198 -172 -165 185 6 197 -239 -122 -10 111 205 -37 -149 -140 -26 233 -22 4 237 175 -74 19 -170 208 164 -32 165 162 80 43 152 -202 216 -245 -142 151 153 -209 198 -92 -124 0 -106 61 -115 -219 108 26 -235 -66 7 -87 214 230 100 67 203 120 229 192 -181 -168 -84 5 -193 90 249 3 51 -227 42 130 217 -100 -59 -19 89 -197 73 -136 179 -65 -58 -45 72 87 38 170 -4 -9 69 246 226 -187 137 -233 -225 243 121 -154 -114 235 -175 -133 14 -62 -121 -238 -111 39 -156 173 -40 188 -230 83 -25 190 -56 -200 -226 199 -90 -105 -195 -241 -248 -113 -173 84 20 147 -17 236 15 -52 78 228 -73 -138 -82 -6 -79 207 -134 -47 97 36 10 -46 -21 -23 -242 136 186 104 22 194 -210 -159 -1 -39 -192 196 141 132 -212 -51 -57 177 -61 242 79 103 140 -69 -237 -213 -89 -72 224 234 92 75 9 -218 -63 110 -189 210 225 102 -247 -119 -91 138 16 -70 55 189 -15 -30 98 35 -164 -120 60 59 -249 -126 184 -107 119 -132 142 122 -49 -81 -188 23 180 -128 -135 -3 202 159 -167 56 -96 -139 115 -176 157 148 -60 74 63 106 232 -150 -98 21 107 -196 156 -83 -152 27 212 -246 -53 150 -34 -163 65 53 37 169 -161 241 -216 178 -199 -182 48 244 -28 -42 49 88 -11 86 -38 -5 193 113 -75 29 -236 47 -78 93 195 46 -88 -85 -13 191 13 18 -141 -207 220 1 44 -153 -36 -204 105 -190 158 32 161 76 126 99 174 171 -2 181 -162 -117 -41 247 -147 209 -43 124 -221 201 -94 -232 -201 146 118 -12 160 -194 57 -123 40 -54 176 227 -80 135 163 -155 -186 41 172 -55 109 -166 -18 -7 -177 -127 125 11 -86 -77 
TEST 20 ARG:-250 2 84 31 159 -212 22 66 240 -34 -225 -8 43 -159 -89 -101 140 -97 124 142 -186 126 92 68 -82 -99 165 -72 52 -22 -53 -222 -179 -111 155 217 199 -148 -110 -51 156 -40 -76 -229 231 215 -243 230 69 -195 186 -60 -31 -175 -143 141 218 161 81 -94 144 -180 237 109 -220 241 -3 -117 188 -12 -221 150 201 99 -233 -198 -105 115 -163 -235 49 -37 25 -7 -144 -209 85 160 -166 166 -128 -6 17 132 183 106 1 203 -196 -54 -168 -115 13 -226 -162 82 178 26 41 -201 -123 -242 -227 -15 173 110 -102 -68 -63 -58 -149 -126 -116 -192 -112 -185 194 88 123 193 -74 -96 -69 -35 27 -48 -107 -200 72 222 204 -57 114 -139 -133 80 129 -65 5 -52 -64 -70 -193 180 94 149 181 -189 158 -152 -238 -154 30 89 51 -178 0 77 113 39 6 -130 105 -244 214 86 -246 -10 56 120 216 226 -165 148 73 192 -156 189 -138 138 -61 -218 -197 45 -124 -203 174 162 -239 -169 102 154 -137 -95 100 -132 -91 187 -100 -45 -42 -41 196 3 48 95 227 146 24 121 37 -56 212 50 -75 151 18 -59 -211 -85 -92 32 4 -16 128 -194 125 35 -181 -78 191 -5 64 -50 -247 137 228 -174 15 70 -39 136 -223 28 -36 -147 -88 103 -83 -249 176 -18 -191 -150 -103 234 97 -104 122 -241 44 -118 29 -176 119 -26 247 -170 -2 90 16 -206 242 -44 107 233 208 -1 67 -155 163 -13 33 190 -30 200 -38 61 -210 197 -158 -129 130 238 221 -173 93 59 60 -140 -188 8 133 34 -219 -199 -190 139 -9 53 235 -14 -93 143 -28 -141 131 -71 -84 236 223 -231 205 7 -122 20 -120 -49 195 -80 171 117 19 65 157 111 167 42 -142 -202 -145 55 152 79 -172 -207 -43 112 243 -119 11 -164 209 168 249 96 245 207 54 91 104 62 225 -108 -177 -237 135 239 -245 -98 -86 58 -157 213 127 -55 -27 211 23 -161 -46 118 63 -228 -127 -213 -182 232 -113 169 153 -109 40 -236 198 229 38 -224 219 202 -62 -234 -67 87 -4 147 -131 -204 -87 -167 -136 -125 -215 74 134 -79 78 75 -90 -216 -184 47 -25 -208 57 206 -121 116 -81 -187 -151 -146 -19 -66 -134 71 -29 220 145 244 -135 246 -47 179 12 -214 177 -217 -77 175 46 14 -232 -33 -230 210 76 -183 164 -23 -240 -32 9 108 -20 -24 10 21 185 -171 -153 -248 36 184 -160 98 -21 170 224 248 -114 -106 101 83 182 172 -205 -11 -17 -73 
TEST 21 ARG:-84 158 161 -218 -164 -172 232 -58 5 155 110 -104 93 234 144 146 177 204 54 75 -246 179 202 175 -48 211 141 -159 -28 242 169 -21 -121 220 -35 69 39 46 -193 -212 109 73 108 38 137 -31 160 -49 166 -79 -183 127 -69 -105 -127 -36 -38 -46 28 156 -189 197 -19 -98 -235 139 77 -214 -12 -202 -33 117 -228 134 -154 -57 -13 -238 36 -129 -150 -32 27 -232 188 -239 -14 -176 -242 -125 -118 118 221 -148 206 -240 -102 41 106 212 22 -187 225 -60 -225 157 -110 -185 44 230 -111 18 -59 148 35 52 -221 113 98 -109 -114 245 84 136 105 229 14 -108 -97 -68 249 -67 -222 -211 -200 -223 94 33 -146 -144 190 -119 207 -196 62 199 -56 196 -101 -160 24 -20 143 13 -120 -130 47 -245 183 -132 130 -7 -194 -217 104 236 -142 145 0 223 99 103 49 100 81 167 128 -75 195 -112 -234 -226 226 -87 -208 178 23 120 -133 138 79 -91 34 174 -179 198 -5 -55 -45 -220 240 -82 122 219 182 -16 112 32 -74 97 142 -244 -126 -113 227 162 239 149 101 -170 -71 111 -10 119 -155 66 170 -18 -44 6 11 -65 -204 -15 -199 21 173 -83 60 194 -123 -210 233 2 -174 191 147 74 126 115 -168 -27 -11 132 205 25 140 -39 -54 48 -233 -135 -63 90 172 40 50 200 63 30 -152 -4 -166 -124 7 215 184 -93 -61 -139 -34 -117 203 -106 57 248 -90 164 12 -128 -215 -134 10 -42 186 241 29 -158 -17 -72 181 42 238 -47 -53 -86 153 102 231 -162 -191 -186 189 59 9 83 131 68 80 56 -149 -206 -77 -137 -145 -100 -173 124 224 -157 37 -81 61 -99 -229 17 31 -50 78 125 121 244 -205 -51 -62 64 -140 43 45 70 150 -248 187 -153 -80 -198 -169 247 -131 -237 243 217 -3 129 107 213 87 16 26 71 -192 -24 65 8 210 171 -188 96 -219 -180 209 165 192 -201 3 208 -89 95 -230 -203 -2 88 -165 193 91 -29 82 -94 246 -243 235 163 -231 176 -107 114 85 -96 -167 -175 123 168 -92 -138 19 151 -182 -70 -241 135 -177 -143 -190 67 -195 -66 222 58 -115 -6 -250 -122 76 159 -136 -181 -37 -213 -85 116 -224 -73 72 -227 -141 15 -41 -236 216 218 237 180 -1 154 -43 -151 -25 -103 -197 133 1 -88 -207 89 -64 -163 -76 -8 -78 -52 201 -22 -161 -116 4 -216 185 -247 -171 -30 -9 -156 -147 -40 214 -95 228 -178 -23 86 51 20 -209 -184 -26 92 152 55 -249 53 
TEST 22 ARG:-1 -199 53 50 61 29 -169 -233 236 -160 -177 -123 69 -238 -176 66 -29 197 -9 -10 -153 234 -186 -86 221 -246 125 -137 -135 188 227 -165 47 -64 -204 190 43 -98 -88 36 240 62 214 -237 25 -101 102 -48 -245 -35 -22 112 32 -125 -166 -142 171 -147 -24 -184 -18 170 -44 37 166 -27 150 -20 -109 -139 213 67 70 182 -168 44 -57 60 -164 109 -185 -82 21 -205 -11 -105 216 130 -212 127 -170 39 -174 243 2 -211 106 117 142 -96 -131 162 -45 -175 156 -235 209 -60 27 136 202 30 -68 128 -52 40 -70 -144 184 -76 -53 -46 -122 -206 -155 226 -30 -103 -65 79 88 189 -181 -97 154 63 232 -239 131 6 124 218 200 -116 169 248 -50 -234 122 71 134 223 -157 49 -230 -250 194 78 174 103 -107 -95 249 -200 222 57 111 -25 31 -219 99 -6 -84 -79 -37 -188 -85 34 -17 -47 -216 17 113 -117 68 139 -214 74 80 -2 -240 -15 24 -202 -19 -49 155 137 -99 4 105 13 -150 -112 244 -41 175 159 -3 -92 211 -4 133 -203 -196 -151 172 98 -226 -129 -227 -197 -67 212 -229 153 -132 -93 -74 -66 228 -242 237 -94 26 14 247 16 114 -126 -26 12 94 42 181 -173 242 23 84 176 15 -78 35 -191 -193 -143 -224 56 229 230 -209 -249 11 -162 177 54 -39 108 -100 -195 -152 217 58 231 192 -115 -119 -130 191 161 151 95 246 -127 -244 -217 120 -110 83 -72 18 195 -38 81 193 206 -210 52 -232 -12 173 -194 -171 91 -71 178 179 73 5 -128 -189 -228 145 158 141 160 -54 123 87 -40 -225 89 132 -136 239 46 -221 -90 198 238 -180 55 -167 180 -31 -161 -13 -121 -172 -106 -111 121 187 -8 -83 59 72 3 -51 115 -80 -178 201 -208 199 126 7 64 -134 135 -63 82 20 -145 208 129 -201 215 157 -222 210 -75 41 -32 90 8 -124 -16 -120 140 45 -28 93 -215 -207 -154 224 -21 241 -213 48 76 144 -104 196 75 -187 -138 -149 -23 -89 97 92 96 -62 -81 -148 -158 -73 205 -59 85 204 183 -56 0 -118 -77 235 118 148 -198 -33 -114 -43 -42 -36 -113 165 -55 219 38 -34 185 110 167 147 207 -108 22 -141 -183 -159 -241 -58 -163 19 149 -14 -220 -140 233 143 -231 -91 225 116 77 152 -7 -179 164 -61 245 168 220 65 186 -218 -182 -248 163 -146 -236 138 -5 107 104 1 28 86 -69 51 101 9 -243 33 -133 119 -87 10 -102 -223 203 146 -190 -192 -247 100 -156 
TEST 23 ARG:62 -56 -202 -132 -161 200 2 -224 111 241 -219 -245 66 -194 21 247 -101 -239 155 -197 -96 -203 -200 204 -2 120 34 -114 -177 -109 210 110 222 220 -53 -5 -21 214 -59 6 -76 141 -157 -28 114 -7 74 -86 137 229 -94 -144 238 -174 233 231 18 162 -179 102 133 -14 17 -222 -230 25 -1 196 -102 -158 -11 -99 41 -49 130 93 -18 140 165 193 113 -92 183 148 -151 -142 -110 11 19 -74 -38 -82 13 221 45 -41 -191 -117 -148 -107 -162 83 -166 -204 202 -228 9 -173 -80 -32 80 -78 -40 8 -165 -8 28 186 79 -97 84 142 -250 -160 -71 145 56 248 47 -48 55 122 -207 76 207 -47 249 -20 232 -199 90 48 -154 52 177 -65 -72 77 73 211 -147 91 85 15 -44 -103 -24 134 -137 -246 -57 -50 -217 -104 -244 -188 237 -33 245 123 46 -123 14 -9 119 169 -121 117 -185 -238 -23 151 -43 150 136 -46 -243 225 124 144 -223 32 131 65 -17 178 23 185 -122 94 22 59 -35 143 104 -87 127 -249 -79 -19 36 -118 -130 223 -163 -81 -159 190 -88 -146 -75 -129 1 242 -83 -241 100 -192 189 -124 -140 -100 -181 -231 101 -206 -216 -98 -164 -141 -105 -248 108 198 -220 -242 -25 -152 195 188 197 157 107 -133 -247 -236 -156 81 167 -90 -111 216 103 194 -85 209 12 -168 184 -91 173 179 -184 98 -120 69 67 -196 126 78 172 -212 -39 -134 75 -52 -63 -37 -187 -218 -6 -113 35 72 115 58 -182 54 29 163 88 27 181 -89 -139 -221 97 -22 -180 -12 30 171 24 57 139 70 -126 -54 -226 -4 161 -232 106 -149 -205 206 112 174 168 154 51 -31 64 -150 -131 -27 -198 -169 240 129 60 87 -229 37 16 212 -15 -167 219 105 203 -77 -60 118 -190 121 180 86 -36 33 224 49 205 -213 92 10 208 182 175 160 218 -143 234 -195 199 217 43 -30 38 243 -68 -66 63 82 146 -128 138 -183 192 42 227 135 -127 -210 39 -208 99 -70 -115 -45 95 40 230 26 3 164 116 20 -62 -178 50 -215 -175 4 -16 -240 -3 201 44 215 -209 -176 125 -135 -112 68 170 176 -29 239 147 236 -116 -155 5 -138 -227 -225 -193 -55 -84 226 31 246 -73 -237 -235 -42 -34 -51 -145 -171 -13 -125 -119 -108 -214 132 -69 109 96 149 -67 159 -93 152 61 -233 -61 -58 -136 153 228 244 187 -189 -26 7 -10 53 89 213 71 -201 0 -186 -95 -172 166 128 -153 191 -234 158 -170 -211 -106 235 -64 156 
TEST 24 ARG:-221 -154 -27 -33 176 -234 -162 -39 -180 128 22 -35 178 37 80 -191 21 87 23 -30 28 -219 -208 79 183 -206 -57 -133 -92 -198 17 85 -140 58 77 -213 -108 88 -78 78 211 -238 -119 -89 -135 -155 -139 -192 -40 51 -193 -197 -44 108 191 -15 63 -248 24 195 235 -95 -116 244 -179 20 -9 163 26 241 -242 39 48 27 189 76 190 57 -233 168 188 -204 -32 52 124 -224 -214 -24 -56 121 53 25 -123 -250 194 138 -141 -121 158 -227 227 148 69 -98 -164 -189 -65 -101 92 -196 177 74 -187 115 -74 131 -230 -28 -64 145 156 174 -51 209 41 -69 202 2 -93 36 -211 112 -144 -160 -48 -111 -41 230 -109 -243 234 94 70 -168 42 184 -200 89 179 -237 -22 -181 -88 160 -136 -195 159 213 -241 -102 14 -19 3 133 240 200 -228 232 129 56 171 -62 -115 150 -38 -47 43 -150 -6 118 32 -169 -122 71 140 73 -13 -63 123 -134 120 243 222 29 -59 -246 161 141 -203 104 125 18 -85 -5 172 -152 -75 -129 4 38 228 54 81 186 -176 -42 86 -77 -202 95 99 207 126 -81 153 237 181 -220 116 199 -10 7 109 -103 236 180 -125 44 -46 224 68 -247 -149 -68 -167 -99 -205 -91 47 -240 91 -11 -159 -183 102 -73 -244 -148 114 107 -107 -182 -49 6 -94 30 -130 -143 -217 208 -194 -138 1 82 217 -20 -55 -170 -127 229 -25 -3 -104 -23 151 -60 64 -79 215 -225 182 187 242 225 -17 -223 247 164 -231 -173 169 19 -210 -222 -132 -165 142 -118 -12 -36 203 67 90 105 166 -43 -185 -166 -52 -80 -151 162 144 -18 -245 226 -209 223 193 146 -156 100 206 -21 185 9 -184 154 -216 134 97 -31 96 84 -232 -97 -178 -113 205 -110 93 -236 -126 34 216 11 -199 106 136 -175 -226 59 8 -66 157 -117 -201 -76 -186 -4 192 -26 31 -87 143 -207 110 196 245 -128 -29 -67 -212 -163 201 -190 219 98 127 122 83 -146 137 5 147 238 239 198 170 -45 130 46 -112 103 -153 220 165 65 -8 249 0 101 -106 -172 132 -37 175 -235 -82 231 -83 -34 61 16 155 117 -249 113 111 -50 218 55 40 149 -147 -145 -157 50 -71 173 12 35 -84 15 -61 197 13 -120 248 -114 233 135 -72 -171 -142 -96 -1 -218 62 139 221 204 49 -137 60 -239 -16 66 -131 -70 -177 72 -229 -100 -124 -54 -2 152 75 -86 -58 119 -161 246 -14 33 -158 -188 -105 -90 -215 45 -53 214 -7 212 10 167 210 -174 
TEST 25 ARG:151 -95 -240 81 51 118 106 99 98 192 -221 184 181 -44 -14 -188 -140 28 114 79 -223 31 159 -103 -190 -34 -171 19 60 -185 -200 -79 -92 104 -187 -57 -199 -203 -91 85 -69 -113 -108 -78 -247 -218 75 134 148 -55 -54 -135 82 5 155 18 0 -84 43 185 61 17 41 -90 29 -217 -184 206 132 217 -46 45 64 70 -76 -225 216 -11 2 -12 -211 -67 50 6 65 -213 -24 111 204 187 -132 137 -86 -70 235 47 -100 35 -149 -15 -209 228 -43 -196 -126 240 119 -123 100 -235 80 116 -133 -115 88 -122 46 237 -7 -147 202 27 189 210 7 103 -9 -31 20 160 144 -137 -145 191 233 -241 13 -105 105 36 -245 56 -130 154 -27 169 -239 -65 186 -97 -178 -206 -101 -71 -45 69 211 -53 84 -93 -74 -77 218 -139 -75 12 130 241 101 -182 -60 -47 -193 63 -127 21 171 199 162 58 -128 163 -229 190 -28 -212 9 165 196 90 -111 -152 243 -99 115 -114 -2 -165 -21 24 -219 172 -112 -242 -121 93 -129 -243 26 246 1 -64 -138 -16 -117 59 -236 -215 201 74 -66 -181 -159 230 -50 182 128 157 83 -56 249 40 -207 -32 -68 -120 -176 -183 30 -151 236 -58 133 -42 -82 175 -231 22 223 -163 -157 95 -197 195 227 205 121 142 86 244 -118 158 177 -25 -41 141 71 -172 -204 -192 96 -136 87 -10 -119 136 -124 -52 -48 209 -3 -226 94 -158 55 -169 -168 224 -13 -216 -161 -83 226 -131 -104 -109 -8 -5 14 -224 -164 214 248 23 -227 -232 -205 -29 125 49 124 -189 57 -174 -198 -110 110 -39 -250 178 -238 -237 140 234 145 -96 -186 -20 168 239 -19 161 -143 -144 -167 -30 52 32 37 176 -146 127 -177 198 123 238 -170 -202 -249 220 -73 39 -150 -36 117 -142 -148 113 -228 53 67 231 149 62 225 3 232 170 112 153 91 -22 -153 -87 221 150 -72 -4 44 54 -222 10 78 139 -106 152 72 -156 135 -141 -38 -23 126 215 -166 -37 109 -160 138 207 -80 212 -1 -233 -194 173 68 -154 203 97 129 -51 164 107 197 147 -49 -18 25 -63 -208 -214 131 -179 92 33 -210 -85 -195 77 -81 15 193 166 34 11 -17 -102 208 -61 174 -33 -107 188 -244 76 183 -248 -89 42 -6 38 194 -155 89 -40 120 -246 -62 -180 245 -175 -162 -125 179 73 156 -220 167 -201 108 -88 -98 102 8 200 -26 213 247 242 -59 -94 4 219 -35 229 -116 -191 66 16 -230 -134 180 -234 48 222 146 -173 122 143 
TEST 26 ARG:-119 26 50 -107 -128 -73 -77 117 139 183 -109 -210 -114 -236 -159 -157 -97 -230 -24 107 -123 -136 -245 -144 -37 -115 100 90 110 125 188 66 79 -86 161 159 -17 -9 239 40 149 -133 -29 -87 158 2 28 245 57 -82 -207 56 -219 -184 59 -33 -223 -124 52 58 -90 34 93 -197 -98 -74 156 -79 -152 -194 167 -172 144 -238 -199 160 127 -40 185 -188 -51 178 41 -169 -240 -143 -108 -203 170 -244 206 -225 -50 -191 86 115 31 70 210 241 133 -8 -68 109 153 -28 143 -241 -2 -34 29 54 -208 129 -43 213 51 -7 -27 -104 81 136 -81 190 140 -48 -164 -116 -103 -70 48 135 237 87 -161 221 -243 -180 166 118 112 147 -215 -42 249 212 179 219 -214 -19 168 142 89 231 -110 114 72 -131 113 -195 -239 -190 -218 -35 6 -217 -134 197 222 111 106 128 157 -129 199 -99 218 120 247 -55 -16 122 -53 46 -6 96 -105 83 145 15 -38 30 126 -174 -160 -113 200 131 -149 -231 207 16 -95 -233 -202 227 98 203 35 -46 -36 244 238 -101 -14 11 193 -92 154 -216 208 -226 177 32 -206 -224 -65 121 -52 24 138 -175 -63 -155 -141 25 88 232 47 7 196 233 198 171 27 39 -32 -182 45 -227 14 124 -117 64 184 42 176 -212 60 -221 -111 49 103 -248 61 246 230 21 4 -187 -232 97 -132 214 164 205 71 77 -20 -242 194 152 -118 -5 -94 94 -18 -205 137 134 -213 -249 38 -21 163 -23 44 -154 220 76 -235 -106 -57 65 -234 180 -125 -71 217 -247 -196 -93 -173 192 -4 224 -26 215 -89 -193 101 -121 -229 -59 248 80 -96 -176 -91 20 116 240 55 -137 162 -189 -185 -41 85 -85 -145 236 173 -250 -246 148 -222 -139 17 -60 172 22 -84 43 37 67 -168 68 -127 119 211 169 -58 -198 -100 -135 -163 -122 82 235 146 -75 -170 102 -11 -80 92 -39 -66 189 -204 -138 -200 104 -44 108 130 5 -147 1 -83 201 -72 8 151 -179 -61 -12 -102 -150 191 -126 150 -148 -56 -10 -153 -112 -45 -162 243 187 -25 186 -15 -13 -181 223 62 204 225 -142 -69 182 226 -76 -120 95 202 -237 3 12 -22 -171 -54 18 23 78 33 -62 123 174 -88 -211 229 -78 -165 91 -228 228 -146 63 242 -220 -151 -47 234 -201 -156 53 74 -166 73 209 155 69 10 195 132 -1 165 -178 -177 -140 36 175 9 0 99 -67 -64 181 75 -30 -158 -3 -49 -130 -209 -167 -31 -192 -183 19 13 216 -186 105 84 141 
TEST 27 ARG:219 203 -48 -109 -31 220 6 214 175 -144 167 -3 211 223 41 -137 -133 -132 147 196 178 138 45 -154 156 -118 56 231 140 -188 -180 -117 111 191 240 -102 144 -32 -1 217 -95 0 103 125 -184 -8 152 -134 -89 13 -220 -243 -93 -104 -236 134 119 -214 165 -119 -146 -34 38 -5 -148 -107 -83 -237 -96 47 202 30 108 218 -185 -120 151 102 -16 39 -239 123 85 3 -235 -9 117 148 199 21 172 -157 1 245 -41 98 212 17 -12 198 -151 -106 -72 -100 72 139 -183 188 228 91 -182 -70 -68 -64 -67 -115 224 97 182 -25 -136 239 -228 -124 -200 -210 -216 -135 222 -169 -13 -211 73 63 158 -163 -143 -127 -76 -116 -94 232 -192 238 -61 -245 213 180 -98 -197 50 -53 -36 -247 241 49 153 -82 43 52 -66 -189 -209 7 -158 -208 15 -217 249 -242 229 -186 -206 -56 -45 -213 -27 67 -139 -40 -101 46 87 80 137 -199 -187 74 173 244 -202 242 127 -51 176 19 128 -231 -223 -47 -142 126 93 -52 61 161 -234 -165 -91 243 27 -205 76 -19 -171 -164 155 88 177 78 184 164 -29 -43 209 166 96 37 -140 9 112 132 -130 -103 -174 -35 89 204 -46 31 192 131 79 75 -44 208 -54 8 28 -81 12 187 163 146 149 42 -145 -175 -14 -65 210 -86 -121 -233 53 -152 114 101 -28 230 -15 186 145 -230 -4 95 81 -30 -150 18 55 64 -111 -49 94 -212 40 -172 -191 -196 4 -123 -218 -97 171 190 54 -79 -249 -250 -63 237 -241 -176 225 -198 -37 -167 -92 -240 -17 -60 233 -141 216 -88 60 106 -168 -159 207 -75 66 -179 -38 -193 58 69 234 -85 194 -55 246 65 -22 118 162 -225 -229 107 -39 143 59 -178 226 -73 33 109 -177 -69 206 -90 70 205 113 236 157 247 -6 -219 -87 -20 -181 51 -138 -129 122 -122 -59 -33 -62 -71 -21 29 -147 -244 -207 235 2 20 32 -50 -42 34 -99 25 141 -2 24 -153 36 -222 133 77 -26 135 68 159 -161 5 -226 48 -80 -18 -162 -10 -190 -238 16 23 -201 -194 11 -215 44 201 174 90 -77 168 -78 104 154 -58 197 -195 86 -110 -24 -125 -112 -173 221 129 26 -57 -7 82 -224 -11 -126 -74 -23 71 100 35 -248 -149 -128 150 -156 181 183 -170 195 84 227 189 -166 170 200 92 120 130 -114 -232 105 -155 248 179 169 -221 14 10 83 57 -227 185 136 215 116 124 99 115 110 193 160 62 -246 -204 142 -160 -203 -84 -105 121 -108 -131 22 -113 
TEST 28 ARG:84 119 111 -95 93 -164 104 -84 244 -25 173 206 113 -163 176 -8 22 105 -24 209 0 192 92 -202 -118 62 94 144 -26 158 179 -88 21 148 32 224 -237 217 -107 -149 29 155 165 -15 -199 -126 -128 66 -85 -214 65 -173 -184 73 -161 69 112 -70 219 9 -18 -185 229 -186 127 -119 -108 132 -203 -16 15 -191 188 27 63 97 -200 -221 -117 77 -175 -35 147 18 -127 -212 -7 -176 -63 107 118 -197 -36 135 67 -195 -75 -90 -162 137 95 174 39 -64 -241 -211 228 -145 -111 16 -168 -159 -134 149 -14 -141 248 -194 -240 19 2 -101 8 -178 12 -65 -231 236 -33 -57 152 -59 102 164 121 233 101 186 -73 60 220 -121 -92 83 -31 232 -132 200 191 -78 245 -205 114 -183 -2 -154 -60 249 -89 -28 4 139 20 75 28 159 -120 -62 187 46 100 183 -233 -156 -167 171 189 126 -201 90 -165 35 -46 128 51 -53 -236 -196 141 -11 247 14 226 122 -247 -144 202 243 -153 -135 34 185 -97 85 -106 52 223 -210 25 -10 -67 -52 -172 58 190 180 207 -43 70 150 -110 -123 157 89 -91 172 -45 -209 -68 -177 -87 -213 230 205 -20 -86 -219 163 -34 204 -235 237 -217 40 61 -102 49 57 124 -109 96 -83 -47 7 154 -69 -49 80 196 -234 -204 -230 221 -226 -104 123 -229 178 -171 146 -189 -77 -174 33 -190 -125 -187 54 133 242 182 98 -147 -79 184 193 88 -115 -206 142 -6 -218 177 53 -249 -61 91 225 78 -188 -220 74 76 5 99 1 -38 -215 45 160 109 -207 166 -3 -81 -158 -142 23 -37 194 -56 43 -30 -216 -198 -180 140 -17 -21 235 -54 -116 199 -224 -192 222 31 42 -99 -245 -4 -42 -93 115 143 13 56 -243 55 79 36 -248 -227 6 -242 108 156 -29 -160 -179 167 -169 50 246 145 11 -74 -228 -55 153 238 213 162 -246 218 -22 -244 48 -232 116 -72 -170 -98 197 130 175 169 -150 -114 208 81 168 -71 211 -122 44 26 -143 -41 151 210 117 -166 86 87 125 17 138 -157 -239 -131 -100 231 -151 -148 -48 216 -112 -225 -136 -152 -82 -139 -12 -137 -146 136 110 120 -76 -250 -58 -66 37 240 -155 -113 -130 -124 -19 -39 47 -181 10 -182 215 3 234 195 -5 103 24 -1 -13 68 227 41 -23 198 -140 72 -50 131 212 129 -96 -80 -193 106 -40 214 -138 -44 59 181 239 -9 -208 201 -222 -51 38 170 71 -27 -105 -94 -32 82 -129 30 -238 203 -223 134 64 161 241 -103 -133 
TEST 29 ARG:-103 9 -73 127 -65 -24 -52 48 211 -95 188 121 165 107 -19 -14 23 71 118 -175 -134 -42 -106 0 -137 -204 -239 68 -69 -179 117 186 13 -169 189 215 -50 -181 -144 177 184 247 -86 187 -202 101 -125 162 -183 62 -46 129 -81 -182 -30 -47 212 221 -211 120 -157 245 128 -12 110 16 51 109 74 -7 75 -172 155 170 -20 -120 181 95 138 214 -43 -224 137 -237 -146 -121 -248 -131 182 -38 164 239 -164 195 139 100 -201 30 -217 2 3 -162 154 -63 14 18 -167 -228 -190 -223 -214 24 157 -189 172 -207 99 123 210 -109 205 -6 81 19 -83 -173 -234 -160 180 -67 55 217 -33 -94 228 -232 -147 40 -195 -128 15 111 -112 113 140 -206 -174 86 25 -71 -26 122 132 -238 -130 126 203 248 173 89 190 -16 141 242 147 -60 37 -226 -132 108 -113 -107 -11 -171 131 -177 -197 160 -85 47 200 -110 -176 229 -23 96 35 115 130 -191 148 234 -152 -184 -139 52 -74 -78 159 196 -233 -242 -245 7 -2 -111 -118 97 -188 -101 -82 167 21 207 -154 11 79 76 -156 38 -17 161 -40 246 -72 72 166 -213 178 -126 158 12 -231 -98 225 -100 -8 -250 29 -124 152 -102 227 -28 -215 -25 -27 -127 65 -194 106 -222 240 -140 146 -229 232 143 112 -88 -246 150 87 -96 230 -149 175 -1 -220 -168 -41 -193 36 -142 244 145 -29 233 34 66 -123 32 45 77 -198 -200 -158 53 -117 -161 219 26 231 201 -185 169 -199 125 114 33 17 -180 -219 -240 1 -56 -90 222 -44 -236 43 185 -55 209 -230 -51 -166 -62 -163 134 22 -66 4 -216 -143 168 -196 49 73 151 -93 -221 -227 91 -21 220 176 44 85 216 -104 -170 -79 78 153 -89 -105 80 -178 243 -48 235 -87 -155 8 136 -153 82 -61 249 191 5 -3 -91 -76 -5 42 208 -141 193 -150 39 -148 69 98 -35 -115 -136 -70 63 238 218 -53 70 -68 142 -145 -57 -135 124 -108 -99 28 -32 -59 116 -22 58 6 -10 198 -39 223 -210 31 237 174 -75 92 -151 -77 -114 -18 10 -122 -165 93 -116 64 50 -13 -119 -225 156 88 -129 -241 90 163 -64 54 -34 236 135 103 -54 -249 -36 226 -138 56 -80 192 -209 241 183 202 -192 -186 -159 -187 -235 83 -133 -243 104 -247 -45 171 206 46 61 -218 -212 -97 -84 133 -4 -208 179 194 119 -49 60 -37 41 94 213 -92 20 -205 102 -15 -203 -9 199 84 -58 -31 224 197 59 149 27 204 105 57 -244 144 67 
TEST 30 ARG:-239 214 -183 -184 -134 -38 124 -144 70 -246 150 3 -17 -207 162 169 -169 204 -44 -115 7 147 92 181 73 -241 168 -163 77 -70 206 -175 141 -49 -167 -78 -192 39 29 34 -148 64 134 -56 187 -82 -201 138 -58 47 -176 20 -88 11 143 153 193 -66 -13 -132 239 86 -116 -53 -180 -4 166 -126 -190 -219 -74 -137 -43 -242 -213 215 22 -97 28 -94 161 186 1 81 -210 -112 -5 209 172 122 -2 -220 95 245 -109 -83 18 79 -26 178 -7 -221 -31 189 234 135 -141 164 -108 -99 71 -10 208 170 238 205 212 -22 -14 -177 151 36 -216 -9 38 -237 -64 -130 190 146 -165 -21 -62 -198 218 -25 -231 98 -168 26 -63 -107 -133 -29 -226 158 180 -47 -225 109 62 5 107 -179 -18 54 -87 30 126 87 -145 142 -186 88 -206 242 -211 155 171 -223 43 46 174 33 48 -71 -224 72 -3 131 -100 -156 -245 -196 235 -152 31 -123 225 148 104 -23 -110 246 228 -42 -159 -161 236 185 -51 -106 -79 66 19 -124 226 96 -37 -41 -202 -76 -166 -68 237 -244 -172 -84 130 127 -93 210 101 -20 -19 136 -111 -54 37 12 63 -154 110 102 -142 84 121 118 -121 58 113 -101 145 231 59 123 157 159 -188 -200 90 132 -215 -229 50 -120 -232 -27 -135 -104 117 -240 202 -77 114 233 197 78 65 200 -90 -80 194 116 -189 115 -197 -209 -129 201 -60 191 55 -30 -248 216 -146 211 40 -57 -105 45 -234 15 35 -243 57 -150 175 -75 -157 56 188 -238 173 41 -178 -153 -174 232 -249 -193 -230 24 -208 -35 6 -162 -235 119 -182 -81 229 240 94 -122 -222 -217 -173 156 82 -236 217 9 137 -113 -131 -138 17 -24 -8 -140 -69 112 2 106 -136 32 -39 176 241 -34 61 16 -203 128 177 -185 -119 103 93 -247 152 -149 140 129 -195 165 192 60 -199 80 244 -127 222 69 51 -191 248 179 199 68 -67 -12 -32 76 195 -102 160 -147 97 -204 -143 -170 -33 -233 196 -117 -98 -171 67 163 167 49 227 -48 85 -103 213 -125 224 -15 -151 230 -114 -250 -86 120 249 154 -92 -227 -118 25 184 139 183 4 75 220 -160 8 -85 -214 -89 -55 13 -59 21 111 -95 23 -194 -212 74 108 -40 -164 99 89 -16 223 243 144 -228 -155 149 52 100 247 -72 -187 -1 221 -61 -218 125 133 -139 -181 10 -36 -11 198 -50 -205 -52 -28 203 -46 14 -158 83 -128 -73 207 -91 91 -45 0 -65 219 53 44 -96 182 42 27 105 -6 
TEST 31 ARG:-166 44 -137 135 27 86 -250 33 105 133 -198 210 50 1 61 38 -109 -48 81 -5 -16 -71 140 -240 104 91 -126 6 -201 216 173 -4 93 -14 119 215 -9 -169 -90 -18 -96 -184 175 156 229 100 241 31 69 182 -200 -209 -70 -228 176 224 -173 109 -62 -117 239 -133 -183 180 -158 228 -84 88 -190 -89 -80 76 128 245 51 -52 -22 82 -35 -59 -149 16 148 14 187 80 -92 -197 -218 -229 72 194 -99 85 -93 181 57 3 -144 -111 -139 -146 -141 7 -156 -175 117 232 191 207 -53 -181 -247 103 -77 -246 244 65 -122 68 -128 77 -31 -13 -21 -42 79 -165 83 125 -73 -94 218 19 -231 -178 107 127 -227 -72 -233 -223 40 -154 -155 230 -216 -12 -191 75 -224 221 -105 -174 -20 -29 226 220 96 52 -103 -27 -2 -113 131 -15 -66 70 236 11 132 41 137 213 188 -204 212 -108 -213 -38 219 -221 -235 -245 -225 5 0 -60 190 -6 -132 231 -194 -98 186 118 36 -75 -199 153 110 -207 -220 164 -44 -23 -106 214 -203 -102 145 -46 -187 -7 -138 -170 248 185 167 8 -177 54 -193 74 -130 -202 126 124 -142 151 -24 -123 -217 -116 -100 -163 169 184 46 -55 9 -172 -249 -34 -212 92 -241 -230 64 -101 -36 47 -47 25 -161 -186 -19 71 4 -107 114 78 24 28 113 -63 158 177 -143 122 168 -171 -243 238 -3 -95 237 116 166 111 120 -189 -162 -180 160 95 -167 154 -86 152 63 -188 53 -91 62 143 -39 -192 22 211 101 130 67 -157 59 136 -110 -153 -129 30 202 249 208 209 -242 -37 -151 -168 203 -87 183 -30 161 12 225 34 -135 84 98 18 -33 -219 223 157 -45 -125 21 -40 -17 171 73 -176 -232 -79 146 35 -76 -182 165 48 198 -112 -11 195 123 179 49 -61 23 139 -159 247 2 205 13 -211 -248 -64 240 -25 89 -114 200 134 58 147 -237 -214 -104 10 -127 -215 162 -49 42 94 -88 159 66 227 172 37 39 -185 112 178 -41 97 -85 -83 -140 60 -120 -124 -43 197 55 -205 149 -234 -244 -82 217 106 -69 -121 150 -148 108 233 -56 193 206 -50 -152 201 246 -222 -74 -118 -195 -226 192 -78 26 204 -10 -67 99 170 -54 -210 163 -58 56 -51 -28 15 -147 -131 141 -179 121 -150 189 45 129 -26 -160 174 235 -81 32 -236 -145 138 -134 243 -164 29 20 -97 222 -208 -119 -136 17 -196 90 43 -65 -1 196 102 242 -206 -115 -238 155 144 199 115 -8 -239 -68 -57 234 87 142 -32 
TEST 32 ARG:-40 47 -169 169 -36 143 177 70 211 -167 -196 -181 -140 84 27 241 128 -210 194 -151 71 173 242 -211 191 149 -155 -194 -249 44 124 -89 161 14 1 -39 -29 -100 -138 133 39 42 145 -113 -25 -34 -59 -20 -111 -82 56 -161 -186 229 -56 138 -235 227 -193 37 204 -129 22 101 -54 -195 -46 -112 -147 61 -125 -21 51 -226 185 91 174 -237 235 103 43 -48 -57 92 11 46 117 209 -16 74 181 163 -165 158 53 189 -10 132 10 207 -23 -139 -76 -43 87 2 -11 168 -118 210 -13 178 -160 248 -115 120 245 -250 33 83 135 -78 -35 -144 3 -65 -207 -242 196 171 -86 -122 200 80 13 -205 139 -90 239 130 121 28 78 62 215 7 -38 31 162 -136 198 -192 129 63 -180 123 65 -143 201 23 141 -175 147 -94 217 85 -162 151 -17 -247 -248 76 -238 -18 111 -114 -204 186 188 238 -126 -47 153 54 -159 -117 222 -31 -223 223 -42 -24 155 -98 190 -148 64 221 -243 -189 134 49 231 -102 36 203 -135 -62 -130 142 -141 16 -158 40 -96 -200 127 -206 126 236 -190 -121 206 136 -142 234 52 100 -224 50 -209 -216 -157 48 -30 118 -228 -152 166 131 -109 -72 -171 -99 -14 6 -208 66 89 -6 -66 -245 228 -166 -137 45 195 -55 60 86 58 182 -61 -107 29 225 -87 -19 -219 32 79 21 -178 67 113 -239 -70 -187 218 -201 -233 -132 73 212 -199 -80 -44 125 -105 249 -73 26 -127 -97 110 0 -215 57 17 -7 -240 -60 -191 -85 -37 -110 -197 184 146 15 72 -79 -184 -49 107 -229 -26 20 -52 112 -220 122 -172 -93 167 220 148 -182 93 -232 34 -91 202 -103 116 246 -8 180 69 150 -83 -179 77 -81 -108 -104 -202 -22 213 95 99 192 157 25 199 -116 104 -203 18 170 88 82 -174 -163 -217 -45 -227 -154 -221 156 -69 -133 59 -173 -214 -92 -33 243 12 94 197 214 -236 224 -50 -222 -123 -71 -64 -176 176 205 4 81 115 244 183 230 160 233 -12 -27 -170 -84 179 102 -164 -3 -88 159 -120 105 75 -234 175 -183 -9 -212 -231 193 30 -63 9 208 -1 -75 -145 137 -134 144 8 172 -51 41 -68 247 -53 216 -153 -185 -168 219 -241 -119 90 -188 106 -244 24 -131 -106 165 237 -198 35 -77 96 -5 119 -246 -218 240 187 164 55 140 -4 -177 -128 226 -28 -32 -58 68 -156 -15 98 -101 232 114 108 -230 19 38 -213 152 -95 97 -150 -41 154 -149 -124 -146 -2 -74 5 -67 109 -225 
TEST 33 ARG:158 -115 -6 -220 -97 82 -168 234 -42 118 164 -82 80 195 182 240 -67 -93 -213 117 -246 -30 148 248 -141 -12 3 -217 -228 -249 -72 -145 -175 -26 138 -48 190 -239 -210 176 122 -92 -234 135 -183 -134 229 89 -240 88 -11 68 220 143 6 -207 -32 125 -61 155 -182 -218 -233 126 245 -27 -129 -18 140 16 116 136 -14 -245 -33 -201 -10 -46 -25 142 -125 38 62 104 85 141 -64 115 -223 199 -236 -131 -225 -177 43 210 -124 22 61 2 106 -139 221 242 219 14 127 87 244 83 41 150 32 154 -45 -68 -86 173 -89 166 165 23 208 -83 99 105 -41 94 -165 98 -174 -65 -35 26 -51 -31 227 -36 76 -143 -99 -22 -154 -57 129 93 -80 -242 -214 -110 130 -95 -132 31 217 -34 -170 -202 -185 -120 133 97 -247 -172 -7 -119 -235 29 -243 -100 -106 -49 226 -155 -156 198 28 101 -19 222 81 -1 -117 186 -53 -160 -161 -146 145 110 214 249 -58 79 -142 -55 134 -9 -112 -23 13 -248 207 -104 45 -3 107 206 120 -103 72 46 33 178 103 -2 146 -222 -167 -176 7 12 180 63 -157 205 162 191 9 216 209 0 -43 159 131 -211 157 60 247 71 -101 -205 66 -237 -231 181 -159 167 -78 27 -219 -163 -5 25 -250 203 4 -37 -84 -136 231 -90 185 179 -40 -29 53 -171 132 243 -94 -226 -73 -169 -98 -123 113 241 183 161 -91 -116 156 -4 24 -96 -70 -62 86 73 -109 -52 -241 187 -85 184 10 -178 -184 109 -135 -77 218 160 169 -244 123 235 -204 1 11 -8 192 -128 238 -87 -108 -118 30 121 -76 -59 196 -212 -191 95 51 47 189 -152 171 -137 -121 -151 42 -13 -224 239 17 -38 -74 -181 5 -107 -186 -147 65 -133 91 -190 137 -24 174 -164 233 112 36 246 236 -127 -130 -227 44 -230 177 -105 40 49 55 151 -200 15 172 59 -75 -28 -138 92 213 163 -148 -122 -81 -203 -209 78 111 139 225 -56 -66 -196 -54 -173 -194 197 -189 20 -88 -21 128 -102 144 84 54 19 -140 124 50 35 21 74 200 -187 56 -144 215 100 -153 -60 204 96 -39 -158 230 147 -192 8 -20 114 -215 -113 168 67 70 64 -111 57 119 -126 69 39 90 -193 77 -69 -195 201 -50 -15 232 237 -198 175 -71 -17 -180 224 18 193 194 152 -199 -44 212 -16 -229 188 149 -179 211 -216 -206 58 -149 37 -221 -232 202 108 52 102 -238 -79 -197 -188 -166 34 223 -114 153 48 -162 -208 -47 170 228 75 -150 -63 
TEST 34 ARG:-36 -105 -155 126 23 221 96 69 -196 -169 -207 -93 -216 143 199 65 -170 -153 208 193 236 20 -230 145 -73 -96 91 -118 175 94 -56 -182 85 -237 243 -22 -115 147 -57 -208 -224 -160 -167 58 225 -128 37 -17 11 179 -226 -213 -47 14 -67 -95 87 172 122 60 -4 -5 -52 4 -45 112 186 106 27 36 -201 -107 26 -144 227 -176 38 80 127 184 174 -132 103 118 181 211 219 55 -18 136 -186 78 176 -231 21 247 197 15 51 210 -218 -189 98 -126 -26 41 -220 -54 201 113 -238 -84 185 -103 19 -98 -94 110 133 32 173 -117 89 81 -79 -116 92 138 130 -110 -8 -240 218 83 -31 -50 -97 178 -33 -55 -171 -190 -135 34 155 146 -100 -12 115 -168 200 134 -243 75 -19 56 101 191 59 148 -180 139 -43 46 229 -129 142 67 -219 -10 -145 -232 -91 79 -227 245 52 -248 161 -198 -83 168 238 45 33 -225 -209 124 -177 -77 166 187 -164 -13 -222 108 -151 1 -23 -193 -228 25 -16 9 -174 53 -184 177 10 -34 76 -202 248 -173 -205 40 -157 144 170 -130 -229 97 102 3 44 -14 -242 224 28 -161 -109 140 239 128 215 234 -38 203 121 -108 -74 -71 12 -6 -63 -134 -191 -51 -39 246 -236 212 50 169 -206 93 -72 -156 2 -149 180 -35 -212 -24 -123 -11 39 72 149 -29 -127 135 0 57 -197 29 -124 -159 -181 -102 -48 125 73 -58 -32 216 5 74 123 -183 100 -140 90 119 -81 213 195 -28 190 24 189 -211 48 -89 -150 88 -200 -111 -163 228 -245 99 214 -46 -154 84 -101 31 86 -185 -60 -233 242 -139 165 237 -20 151 209 -90 244 -121 95 132 -42 223 159 -152 43 -217 -86 206 220 64 129 171 249 47 -246 -41 7 -136 -53 -112 -59 -210 -162 235 222 160 35 -76 22 137 -21 -30 -62 -106 -166 -1 -44 -175 -66 157 -133 -239 240 63 17 109 116 182 -143 120 207 -80 71 -88 -199 -78 -178 -250 -92 -40 233 196 -61 -235 -69 152 -221 -192 164 16 231 204 -7 -65 82 -82 70 -70 232 141 111 -215 -247 183 -2 158 -113 -165 -138 -85 114 -249 8 131 -203 -223 -147 156 54 68 104 6 162 49 -15 18 42 -244 62 -114 241 154 -158 -194 194 -125 198 -234 -122 -68 -27 -120 -137 66 163 105 -204 188 153 150 -75 192 -131 -104 61 -141 230 205 -179 -119 -64 -99 217 -146 -9 -148 -188 -172 -25 -3 -37 -195 202 30 -87 167 117 13 -49 -142 -214 -241 226 77 107 -187 
TEST 35 ARG:-124 10 17 69 220 -236 -211 -109 -73 221 43 -112 215 -110 -148 71 -248 -234 -21 -53 -130 -50 -135 117 235 242 -162 98 131 145 79 -149 91 157 -25 -246 22 -232 -78 148 -137 -57 32 50 162 179 -207 225 -99 -46 -58 -224 228 -171 223 7 -97 -31 -209 -145 -173 -183 231 -13 -161 51 -179 -71 -11 -34 -235 -86 -70 -231 -83 206 19 198 5 151 237 113 163 80 -43 186 -122 135 -140 -10 -164 -48 -242 -24 -32 234 -105 115 70 -155 27 -147 -51 -96 211 -187 -18 197 65 1 -237 90 -217 208 -28 15 55 166 -132 -225 118 84 -201 -194 -184 156 -52 233 -90 165 150 57 -193 54 -92 100 -126 -151 -47 -65 -195 -74 190 210 -4 -59 99 -6 -239 82 -104 83 -55 -138 -98 124 224 154 21 -95 138 122 -223 218 177 -141 23 29 -176 -169 209 -160 108 4 139 26 -178 -41 180 236 -143 -158 202 167 -123 -198 63 -177 101 -20 -91 -3 41 -190 44 -156 -101 -118 -192 140 -7 241 204 -49 173 -116 132 119 155 -115 -129 2 -106 -44 116 58 -89 -241 -227 -54 229 75 -226 -19 -204 59 -172 -197 -16 -119 34 141 -166 -250 -68 -144 -88 -37 -189 -87 -229 87 -238 191 0 247 -218 -36 -30 152 64 -62 102 -26 147 -113 232 12 -180 161 11 227 -82 73 103 -39 96 3 -142 -152 6 212 -203 130 214 -12 30 -120 -244 193 92 133 -63 244 -56 160 38 -181 66 -150 -107 77 62 -185 -72 97 -240 217 248 109 125 188 -216 -247 137 245 207 240 168 -80 -75 -103 -202 -35 183 -215 106 53 -133 185 -108 -206 14 -22 195 -233 -23 216 169 9 192 -153 -40 -200 -27 -199 13 182 -93 49 -66 -188 174 -100 -134 128 -131 86 -67 -208 184 28 112 -81 56 134 31 -213 -249 178 -127 -243 -245 170 144 45 143 52 -168 189 -1 94 -182 -79 -9 142 -154 36 196 -128 68 -146 81 -69 -15 239 76 219 213 24 -163 205 181 -2 74 164 -5 158 18 111 -205 -121 176 187 238 -14 -165 126 -85 -228 200 -175 -8 -210 48 -17 107 89 127 159 78 121 42 -221 37 -125 61 -64 171 35 114 149 39 -222 93 95 -61 -76 110 16 -157 136 33 243 25 47 40 -102 60 -38 67 -214 -45 -167 85 104 105 -191 -117 199 8 -170 -212 -136 -77 72 20 175 88 230 146 -111 129 -33 194 -186 123 -42 -159 -174 246 203 120 153 -114 201 -29 226 249 -84 -139 172 -94 -196 46 -220 -60 -219 -230 222 
TEST 36 ARG:-191 -145 176 70 -141 33 211 -142 -113 -77 -71 31 68 60 78 73 18 138 -185 -150 241 92 -120 74 145 103 83 -118 -128 137 194 -124 246 -1 -244 187 -146 185 -195 140 105 -153 129 -173 -98 146 -3 220 -116 112 -52 -243 -239 4 236 190 239 196 -125 186 -218 165 243 88 9 23 -23 -68 166 154 -60 102 -24 -96 -55 -121 28 -74 100 164 -43 128 -101 -64 -172 -44 177 141 -119 -42 198 93 167 2 172 -82 -35 91 180 10 -83 178 -143 125 -194 86 -156 41 -130 -5 39 -236 -196 151 226 -222 29 202 156 -69 -13 75 223 38 -14 197 -15 -188 -207 -100 104 -183 -4 26 6 -224 157 -249 -201 -157 -91 179 17 -168 -175 118 11 -245 76 -217 121 117 69 -88 24 -80 -112 -47 110 3 -248 -57 238 -199 148 89 123 -22 -12 -28 51 130 62 -166 -234 52 158 20 131 -123 59 46 44 -192 232 -53 113 248 119 -40 -72 77 171 -59 173 58 -238 82 -115 -17 -240 -9 47 231 -228 -56 -103 111 -198 -73 -174 -180 94 108 61 218 -230 -37 -179 37 49 -139 170 -99 16 161 205 -122 -46 -61 210 224 50 -109 -176 114 213 -107 7 -171 -155 72 30 206 -110 36 124 -161 8 225 229 56 169 -19 -104 244 120 -241 -144 -33 -237 -203 -87 -231 -95 -246 -186 79 -167 -39 -233 -220 -205 -117 162 -78 -131 -93 -90 242 -212 -147 126 57 -184 163 -27 249 217 -126 149 133 -164 81 35 99 189 -223 127 191 107 54 144 -151 109 -111 -70 12 -169 -148 34 -66 97 -137 -250 -138 132 85 -152 -7 -36 -247 -54 5 -89 -227 -75 228 -67 -197 -165 71 -92 95 -213 219 227 215 -154 101 182 -182 195 -29 245 204 -81 -48 19 160 -34 -32 -21 181 174 -160 -8 -45 -16 -210 -84 216 235 150 -97 -202 32 -49 214 175 -134 201 -232 -215 -94 -214 -86 240 42 188 221 -62 -225 -26 25 212 209 87 1 192 13 -106 247 203 67 -11 -189 134 -226 -170 184 21 84 -50 -242 96 -20 230 -25 98 53 -181 115 -65 43 200 -102 -58 152 207 -63 66 -129 155 -18 153 55 -216 -178 -38 -206 222 122 -105 -10 -85 -159 -149 193 -162 63 -219 -204 -211 -221 -200 14 -51 64 -41 147 65 233 22 183 -31 -79 208 90 -235 234 -208 45 80 -209 136 -190 139 135 142 -136 -30 143 -108 -229 15 48 27 106 -76 -187 -132 -114 -135 116 159 -140 -6 237 -163 -133 168 -193 199 0 -177 40 -2 -158 -127 
TEST 37 ARG:16 -202 95 93 163 -230 -141 -67 -215 -149 -11 -136 -48 200 11 -117 114 62 -84 -23 -195 -66 -170 197 190 -112 -189 148 72 240 84 -213 202 186 215 48 125 246 86 87 -83 177 -81 -242 156 151 247 -204 -8 -100 -214 -174 -122 -231 -223 -210 -26 -225 -165 -88 56 -98 -53 168 -65 229 157 182 211 -85 242 -12 -44 76 25 187 144 85 -87 102 -64 65 -49 -86 -198 216 43 221 -229 109 -220 -118 -75 9 20 82 -180 19 249 51 61 -129 -68 -206 174 -45 -61 -3 -191 166 45 107 -47 112 -167 55 8 -5 206 -209 -128 176 -39 -130 -41 -35 -7 -197 169 -224 35 126 119 -131 14 -25 165 -19 188 21 -222 -190 224 81 99 -126 118 237 141 40 88 238 -212 -91 -159 -121 27 152 172 218 -250 -249 140 -169 210 -173 24 -32 -221 -13 -127 179 181 22 150 214 7 -106 -162 -108 -156 219 121 -237 132 -228 -76 -146 -119 142 -60 -184 228 167 13 212 213 83 199 -51 192 183 -216 231 -10 -239 -186 -77 -78 -235 -185 -17 -101 120 60 111 -36 -248 -181 -124 -205 180 106 135 -96 127 59 -102 4 -113 189 -40 18 3 239 -145 155 -153 -111 6 -155 -179 -54 -4 -142 128 145 -199 178 149 -62 31 173 -207 248 5 -172 -69 -123 39 50 90 -135 136 -196 225 -200 -150 -92 -9 -244 232 -152 -176 -201 -211 105 -178 -233 -31 23 -14 129 41 68 -164 29 170 36 217 -24 -52 -57 -74 -20 -120 124 -37 -208 -194 116 79 -143 223 70 12 58 245 117 -18 143 -133 -132 235 158 34 208 -151 77 -234 193 130 -56 -59 28 -28 69 -203 131 -82 -63 -95 44 139 -2 -97 -218 -22 -21 91 184 -227 33 -50 -109 -183 57 15 -115 -70 -46 -158 -104 -160 205 66 160 -34 -144 -139 -193 -238 78 154 203 -73 -1 42 138 -89 47 75 162 196 220 -148 122 -29 -6 -161 -177 -226 147 -80 115 -246 2 226 98 137 241 71 236 -241 104 -72 164 53 54 -182 -171 -245 204 -236 -107 -168 243 -125 32 234 -140 63 67 96 -30 159 103 -217 191 -147 -188 -192 73 227 108 38 207 -114 146 -43 74 198 -154 -138 97 30 -42 233 194 -55 -94 -79 -16 -163 -187 1 201 101 153 37 49 -103 -33 -240 -38 -93 100 171 52 0 -166 -99 -58 -243 -175 -116 175 89 -27 46 195 -157 110 123 -110 64 113 -247 134 94 80 185 10 26 244 -90 133 -71 -15 230 -219 -134 17 222 -137 -232 -105 209 161 92 
TEST 38 ARG:-205 85 163 213 -183 -90 -113 -30 -19 -244 -70 -93 80 -187 -230 100 -165 181 186 233 133 104 170 -177 -141 79 -235 174 -36 -59 97 -222 30 -53 219 -24 116 -91 40 67 -84 150 -88 204 -110 -220 -47 143 -194 -247 -216 249 -92 91 24 -103 -186 -124 106 -191 76 -97 -221 179 -217 -15 228 -48 -241 242 1 -138 -149 27 -6 222 141 -72 -114 -175 -208 -101 -218 92 18 189 -25 -242 -189 -127 -106 71 -161 224 -246 -229 -49 -115 166 78 -130 -126 -143 -240 16 -121 212 120 59 -239 33 -55 -9 66 180 -78 122 -96 223 -60 128 75 -245 -157 -168 108 -35 -27 -32 37 195 58 -71 -98 173 45 -109 161 -206 125 -51 -178 -31 208 11 -104 197 234 -225 178 -232 -131 -10 -14 218 -94 -38 -45 -54 -67 225 -181 235 -223 38 -226 165 210 135 -57 182 -29 57 -136 17 -79 -204 21 131 221 -105 -117 73 148 -249 -153 -68 199 -159 113 168 -5 230 140 169 -190 -77 54 -214 -87 227 74 -227 -209 32 -108 112 44 184 -215 185 -135 -250 -123 246 238 47 86 -16 -237 149 -213 214 -18 153 19 -62 -75 145 157 160 87 198 211 83 39 146 41 155 -182 134 -13 -28 -238 -128 -120 -137 132 -212 96 -132 89 -80 26 -164 190 107 -74 10 -99 -198 126 248 -207 183 64 -43 -89 154 109 29 7 209 152 -140 -210 94 -145 124 105 158 229 220 -83 -76 -37 119 -195 -2 22 95 34 -139 -231 -166 -73 175 236 42 137 188 -203 48 77 172 68 51 -20 196 69 -150 216 -34 -234 244 -11 -167 -52 241 6 -133 88 99 -3 207 -151 12 -224 14 -1 98 -162 139 20 -160 162 -236 -111 -134 -50 -147 129 -63 -155 70 -118 151 -44 -158 193 -184 -179 -17 -26 171 -219 65 -56 28 215 35 237 -4 -112 -201 239 102 -40 15 -86 -66 25 205 -23 -171 -41 -196 -12 13 -116 -152 101 -243 46 -95 159 115 156 217 110 43 3 -129 82 243 23 5 -33 130 -185 84 -248 -46 -193 50 -228 -65 60 31 -102 232 -61 -199 164 61 147 -169 93 55 -170 4 -233 117 -192 206 -211 -69 -172 -82 -42 176 -154 -22 -58 -119 -125 90 -156 -144 245 -100 -142 114 103 62 123 -163 -122 -39 -21 56 240 191 194 203 167 -200 177 201 127 -180 -202 72 49 138 9 -174 -85 52 142 -146 36 -148 -197 111 231 226 -64 63 136 81 144 118 187 192 -8 -7 -188 8 121 247 -81 -176 -107 2 200 0 -173 53 202 
TEST 39 ARG:-143 -210 69 124 122 -151 133 107 59 -236 30 -206 -36 -131 29 72 -182 -30 -119 47 -171 -78 14 152 -17 -5 241 -125 184 144 -127 6 -94 80 123 75 -138 -47 -42 -31 -120 -8 -73 119 -232 -61 33 -181 104 -135 79 48 -220 176 18 186 28 201 -128 217 -169 -186 -205 88 185 16 -111 222 -101 -213 -245 43 240 -140 203 -16 146 -214 -25 -194 116 -175 -66 -215 199 -204 2 -242 232 -51 213 211 117 -105 191 -183 -122 57 180 -155 -230 -104 202 19 -188 -113 195 -244 -234 -233 -76 4 -212 -199 8 112 -161 -26 247 226 -40 -118 153 36 -227 121 -96 -200 -7 103 140 182 243 205 68 -196 -84 22 -185 204 71 -28 74 73 139 155 -62 -176 -167 38 154 -23 196 -58 -207 -106 -46 -59 -249 24 -133 -198 -187 -90 -9 -69 105 -240 65 -168 81 -159 -3 125 -10 -221 -14 158 143 249 218 -1 90 142 -11 -208 83 -160 49 78 190 151 -218 148 237 128 150 -144 -243 245 -6 183 64 35 -197 44 -43 -123 -63 -162 -80 162 187 42 -239 -38 233 76 -117 3 84 172 -134 -132 -92 0 212 -115 215 67 -65 -71 161 192 179 -39 -34 227 70 12 1 118 106 20 126 -89 94 -179 -189 -172 89 234 56 -4 131 214 -152 -21 108 141 95 50 -229 -190 156 -93 -53 242 -99 -173 178 134 -87 216 136 -193 58 -109 55 -150 61 31 -209 -241 -60 15 -107 10 229 101 -124 -108 -137 -74 223 207 169 171 -219 32 100 -247 -121 -35 -153 9 -33 102 -72 -163 224 -77 -216 198 -192 62 -19 45 -202 -222 135 77 -18 -86 -55 86 157 -191 -130 85 26 -178 -136 -24 -224 -201 -180 -64 -250 -154 -112 11 163 -2 246 -228 99 -68 91 137 97 -12 21 236 -57 221 -141 -22 -226 87 -85 210 -142 165 -139 -129 -164 -27 197 120 129 230 -48 34 13 228 173 82 225 -126 -97 219 92 60 189 -211 46 -29 130 168 244 -203 170 -82 194 -184 188 -223 220 25 -235 166 181 -54 96 -50 -67 113 111 -79 115 5 235 -20 175 52 231 -116 206 174 -95 138 -56 110 -103 -45 51 -83 114 27 -148 -52 177 159 -145 -100 -37 63 54 238 -70 109 -225 -102 -114 -158 7 -98 127 -44 -91 167 -81 208 -166 -217 -246 -13 147 -248 93 -146 -170 200 -231 -165 -149 193 -110 -156 66 -238 39 132 164 -195 -237 41 17 239 98 53 160 -157 23 -49 -75 -147 -32 -174 209 149 37 248 40 -177 -41 145 -88 -15 
TEST 40 ARG:-213 -33 190 -54 53 52 -115 38 22 -184 -206 -176 -49 -32 165 -14 -52 150 -114 -38 49 106 -135 87 64 -112 -77 -168 48 102 -3 -111 -148 246 -126 -150 94 -97 -62 -105 110 -27 141 -243 148 -221 39 125 46 -145 -69 133 21 -100 57 -137 78 -106 240 41 -223 -231 -219 193 -34 11 -5 134 155 -134 -26 114 -178 45 179 124 112 -190 -86 100 -235 10 71 5 54 37 -250 104 -182 -138 -198 -30 149 3 243 172 -244 13 168 15 44 228 -209 153 -197 -163 123 151 176 -234 -101 146 116 -88 145 230 237 -87 -180 -142 -208 89 -191 73 -71 -179 210 -201 -233 175 25 215 93 -151 138 211 -200 188 111 -68 206 27 -153 65 248 -230 -136 213 -56 -65 -216 -55 136 -12 -64 -42 -53 68 -228 61 185 235 162 182 143 -229 167 47 208 -47 225 40 231 242 83 223 -202 177 -211 201 -248 105 -116 -43 163 247 51 70 76 198 -185 -161 59 -94 -74 156 -187 173 29 -76 115 160 -127 -29 66 -212 90 62 63 -35 152 -117 -246 224 74 -41 178 -103 204 -73 -199 81 -108 -119 14 -113 -220 -66 -226 60 -222 157 -58 217 159 144 -102 -156 -237 -19 -78 -107 131 128 -247 4 170 -39 147 95 158 101 -122 118 -9 122 -172 -192 -120 -141 72 23 236 -143 -149 -194 -133 -67 -110 103 130 -158 7 222 194 20 -188 117 -72 -186 32 -157 -23 -177 -16 -236 -242 209 17 126 -159 -224 -45 249 -128 -162 189 195 245 212 -238 34 19 58 -18 55 -189 -25 97 174 -241 -85 203 56 -28 -181 98 191 -59 -21 -63 119 -6 107 219 8 -123 67 -121 -37 -175 6 139 -79 -232 35 -205 -124 -166 -1 75 80 -167 30 -13 -82 216 -239 -118 -240 244 -40 -2 -193 -95 -15 -104 -152 137 -132 -80 226 88 18 86 -147 238 135 207 -214 -90 9 -22 229 -217 186 233 -215 84 220 239 92 -75 -129 -60 -98 -183 171 142 26 227 -218 1 -10 -20 50 199 0 161 -196 -249 -170 192 196 232 36 -204 -245 91 28 -44 -207 -139 -7 99 -61 113 127 -48 69 121 -84 -70 96 -144 197 -11 -57 -24 43 12 24 -225 79 -210 77 -130 187 129 -92 214 -46 -164 -109 -8 -171 -89 33 -154 241 169 -17 120 -174 166 -146 2 -140 -36 -83 -160 42 109 -131 184 234 -125 202 154 -31 -4 -227 132 -195 140 221 -155 180 200 -81 16 -96 183 108 -169 -203 181 85 -50 -173 82 -91 31 -165 -99 205 164 -93 218 -51 
TEST 41 ARG:185 188 -67 -24 -63 140 -135 -65 234 117 -122 151 12 87 97 38 -123 15 -39 163 -217 175 -147 -98 36 -144 -241 -95 65 -193 246 -161 -246 43 123 -163 137 112 52 26 -16 -209 -75 249 -34 -140 -196 172 -223 187 125 -198 -138 168 28 -103 1 245 -178 86 -166 98 -5 -104 16 -247 107 211 -54 -50 -239 193 -148 -184 62 116 -238 46 -222 -200 167 101 -221 -105 210 -134 -224 227 113 34 181 -53 -76 222 -68 -168 22 136 139 142 85 -250 110 244 126 -234 159 -113 -121 29 -197 -102 89 2 150 -14 63 -177 218 -195 60 208 155 13 -58 -245 -43 -35 -99 -72 -219 -152 37 169 -19 -84 190 197 -189 135 -208 205 10 -37 33 -202 -26 -120 -112 -199 -20 -23 -233 242 61 27 -106 -6 5 111 198 -243 -167 -60 133 83 201 9 -127 173 -231 -25 199 180 -128 -80 -107 -79 11 146 132 -228 66 -136 -188 120 119 21 -40 -132 209 -31 -129 74 -139 230 131 224 45 -180 14 124 104 165 72 -82 -183 216 -131 202 229 248 141 17 -170 -59 223 31 -214 68 -125 77 -227 184 -92 -116 -162 -117 -201 228 -143 -52 -83 -192 -81 -156 -94 76 82 -164 121 -13 -4 91 186 -55 -71 -133 44 -9 200 177 -21 -15 47 -8 -230 -186 225 -150 237 -181 40 50 -62 178 -194 174 195 -51 -216 -1 118 239 -174 -207 149 71 92 73 -97 -137 217 35 -96 -86 -213 51 -18 -145 -126 158 213 147 3 -185 78 105 -41 247 152 236 -11 -89 94 79 90 127 215 99 -118 -176 -149 25 238 8 -204 23 109 128 179 134 -226 103 241 -158 -153 -12 30 166 -235 157 48 143 -182 100 191 -28 162 -27 221 -203 -206 114 -119 -237 -141 -124 122 -205 -78 -7 67 -248 156 -157 204 212 232 130 -172 -210 -171 -42 -154 -88 -155 -215 -110 161 -33 -22 -91 70 -46 53 203 -77 -225 -115 -32 20 41 -61 -90 81 -69 196 220 106 88 145 -66 153 42 231 -179 235 -47 182 183 -10 -130 -30 -44 -93 206 -211 -142 -87 80 219 -48 24 -29 102 -109 226 -160 -232 -74 84 7 19 138 -212 115 64 -151 -45 -73 -57 54 0 -146 -173 -56 -100 -190 -236 192 164 148 -165 -2 95 -49 -159 144 171 93 207 -244 154 -220 -3 108 56 160 -191 18 -169 96 4 39 -218 -187 -70 58 69 129 55 -17 49 -101 194 -111 -229 59 -108 -36 75 -85 170 -114 -242 176 -38 189 32 -249 -240 57 240 -64 -175 243 6 233 214 
TEST 42 ARG:-12 -94 -66 -230 -11 224 249 16 -146 -22 -114 91 -139 -106 -218 89 -138 -131 184 -84 63 -57 5 192 -81 59 -119 65 -245 -91 103 -45 100 -108 -88 248 -174 206 147 240 -170 -214 -189 55 243 -228 99 35 -141 -205 246 -47 95 -172 190 164 73 200 175 -25 143 -103 195 148 -241 38 196 183 -4 -48 193 -244 218 214 -69 174 -40 -188 -161 14 -204 -51 -163 -79 227 211 188 119 -196 -154 -183 -112 -85 -224 212 124 88 69 157 77 -176 182 -250 -148 245 18 57 229 -95 74 75 26 -46 132 -98 -223 -41 -157 3 238 87 67 236 -144 -194 -121 -132 62 30 241 216 -90 -92 239 231 237 138 217 80 145 -240 24 107 -3 -182 235 -52 -13 51 130 58 -226 83 -227 232 60 -233 101 -110 -100 142 194 133 -62 93 166 6 -206 -193 -118 146 185 -107 -58 79 203 116 151 -93 -191 -31 -9 136 -159 49 -75 110 247 -145 -56 144 50 -53 -207 -7 -201 -243 46 -101 33 -120 -215 129 -199 155 163 -61 221 106 199 -21 -113 -140 156 56 -247 201 114 102 222 -77 -149 -15 242 19 -185 -23 -124 -212 179 191 -17 41 -209 -195 -39 -162 131 -181 -238 43 53 90 -222 31 230 -186 -63 -236 34 -96 44 -134 128 85 -197 161 -190 -125 -169 52 -171 152 -213 20 -220 -175 140 -150 -24 137 -1 -109 109 -208 204 165 127 159 -59 168 -60 -16 125 -126 -18 223 81 -38 169 -32 28 181 -50 2 189 -97 70 141 208 86 -152 96 -2 -102 123 -203 -166 -89 -168 187 -72 234 112 23 117 139 -37 -229 78 -129 -104 162 219 -164 64 154 -237 -71 -80 -200 176 17 -82 -156 -178 -158 -74 -10 -239 126 -202 76 -235 210 22 39 37 -184 160 97 21 61 153 134 -20 -160 92 -246 -147 -219 -43 -179 -221 226 105 -27 -232 68 7 228 -73 40 -142 172 150 54 -127 209 -248 233 -210 48 -28 82 -99 -70 -122 -8 180 -177 10 -153 122 -87 -67 -137 -231 -6 98 4 -115 -128 -180 47 -64 -5 120 171 94 -249 -30 9 178 135 -34 84 167 11 0 115 186 -117 -68 -26 71 244 158 213 -192 -155 121 177 32 -65 1 225 -54 198 -165 -36 197 -130 -143 -29 -105 149 -33 220 -151 42 -242 202 -83 173 108 118 -111 -167 -211 -49 13 -187 113 -216 -133 -136 205 72 -19 -55 215 -173 27 12 45 -116 -217 207 -234 -198 -35 -44 -86 66 -123 104 -135 -78 25 36 8 -14 29 170 -42 15 -76 111 -225 
TEST 43 ARG:-2 57 -242 36 104 68 -91 43 239 -117 65 160 226 -41 -174 -19 -42 13 -48 -178 -58 24 161 94 -39 42 101 -210 -154 -87 -43 -47 -24 139 201 -36 -131 -98 117 -162 247 -195 -105 -234 -138 -175 35 46 165 -225 15 180 108 -13 174 -32 -10 -113 71 159 58 -143 66 50 22 206 -152 114 -3 -248 185 18 -109 14 -123 179 96 79 91 -134 -77 -44 -108 -63 -172 158 150 242 236 -220 121 49 166 3 -101 -16 63 172 -166 164 183 138 7 -204 59 51 100 83 -70 -110 237 -23 -165 75 171 -148 -50 -76 125 249 -230 -51 140 -147 -6 -246 -118 196 -227 61 -184 241 -191 -151 -99 135 218 85 -203 173 163 -228 151 -38 189 -219 182 -161 -208 -130 -250 -80 90 -124 17 -201 -20 92 -239 -182 -193 228 -129 -64 -115 76 -5 -119 -142 240 -190 39 -135 111 -146 -93 155 131 224 81 123 210 209 -164 162 78 52 197 41 220 178 -156 116 232 16 47 102 -155 122 -12 99 -236 -229 -223 31 97 235 88 -136 -139 28 -61 -186 -106 45 87 -176 -247 93 -167 -211 -216 105 -33 -200 8 184 -1 -168 -89 -185 -96 -238 246 -170 -128 177 203 -196 27 -9 -153 44 0 -233 -52 103 -71 170 188 152 215 -11 208 -45 120 -85 -40 82 222 54 -34 -222 74 10 -30 231 -158 -243 -102 199 213 -15 -8 -137 -21 -116 -187 98 169 181 -245 136 12 -59 20 -26 40 -181 95 -69 19 -75 245 -55 219 -127 6 127 -197 -100 132 -82 128 -198 -14 212 109 -86 -73 48 186 -149 190 -141 4 -54 55 -231 37 118 -107 144 -27 9 -84 -218 -171 -122 29 -53 -207 137 26 -199 -78 -22 -132 216 -205 -66 -67 233 67 -121 69 -159 56 -31 141 126 -46 110 -7 -37 84 -206 21 -29 142 73 168 -125 146 149 -79 1 33 5 -188 194 -81 195 148 80 -65 -192 -49 -95 -249 -83 11 72 204 -150 176 -169 -74 -202 86 -112 -120 -62 -214 -103 64 221 -17 234 113 119 -160 -28 211 107 -60 -226 -140 -241 -224 214 225 -173 -163 -212 -240 -97 -221 244 -25 -232 34 248 -209 25 -94 229 205 238 -18 38 -57 -244 -237 187 -114 -4 -72 -90 -145 -92 -88 -189 77 -56 198 156 154 145 223 30 115 227 193 60 62 70 -215 207 32 134 -235 -144 23 -111 133 243 147 89 200 112 53 -126 -157 202 -213 217 -194 -179 2 153 192 -104 143 129 124 130 191 106 167 157 -180 230 -35 -217 -133 -177 175 -68 -183 
TEST 44 ARG:101 -42 113 -38 -1 -203 36 -65 -134 -185 -54 -40 39 50 -249 143 -133 -136 51 -231 220 -2 -88 65 -75 122 60 -39 -211 97 -115 248 -101 -112 134 93 78 225 -139 -69 -17 15 130 111 -233 170 90 -19 180 69 -27 -199 98 -100 228 178 140 -198 -218 -116 -209 53 -217 19 241 -189 -224 88 -226 -10 216 158 -47 -170 181 83 -20 45 -93 -43 -66 -127 -220 207 9 177 -238 118 106 185 -41 234 31 55 -74 131 66 48 172 -33 -85 152 -121 85 -248 121 219 -222 -117 -76 -22 -44 82 -80 117 -122 -49 -113 149 249 141 84 -228 7 -212 -232 80 -68 -114 -131 -12 -142 -149 127 110 -239 -105 232 92 136 -200 -156 -11 87 -53 209 148 17 -86 57 -241 192 212 -181 8 186 -173 123 26 -162 25 71 20 22 24 -102 -30 179 -107 -28 -152 70 -24 154 103 73 -84 163 -32 116 145 -62 -34 -125 -35 246 125 -215 -166 169 -45 -23 -167 142 -160 -7 43 -83 226 -36 243 153 -63 -18 -141 58 46 -154 -52 54 -155 -213 -174 133 -182 -79 -89 -202 156 -78 -123 -153 -6 -146 213 100 52 199 12 -157 -204 -71 191 -56 167 -172 76 30 150 -244 -168 -163 -144 239 28 44 -95 -207 128 34 -159 -97 -21 159 215 -192 -3 210 -177 16 -130 114 -197 -50 208 168 -103 174 -109 175 115 112 4 126 -216 -135 -4 37 86 -138 204 -5 6 147 -110 -126 102 47 14 -13 33 -158 137 233 -208 119 -205 -15 165 235 40 -183 -193 -195 104 -48 -9 0 222 21 72 -225 77 -235 -184 -124 -51 42 -94 -245 164 29 -188 64 144 -214 231 -246 244 224 56 -247 -161 -67 -129 35 202 166 95 -77 227 -132 245 -96 -46 18 230 -82 68 61 189 32 161 -236 171 -151 188 -98 89 -201 198 1 146 196 10 247 -119 -223 160 -64 -61 194 -187 23 -14 -242 -118 -234 -81 -143 229 49 -179 201 -191 -219 193 157 182 -147 176 -180 3 -169 -106 2 -8 5 197 203 -31 -58 -87 -196 236 62 155 -230 79 94 -206 238 11 -72 -240 211 214 124 -111 -175 -137 -171 -92 132 -120 187 162 -25 -210 240 218 173 237 -60 -37 -59 221 75 -26 63 139 67 27 -237 -90 195 -229 -165 -55 129 151 -57 81 -150 -250 -70 138 -140 96 217 -128 -227 206 41 107 -178 74 -104 -164 -108 108 109 105 99 -145 183 -29 -190 13 120 223 91 -148 135 205 -16 -91 184 242 -73 -186 200 -221 -176 190 38 -99 59 -243 -194 
TEST 45 ARG:208 174 205 66 116 193 139 -171 -68 -178 -91 -116 236 2 240 -64 -204 -95 87 -141 -150 -118 -97 -247 -144 42 76 -100 -125 73 51 -112 -225 207 5 -249 22 202 -135 -177 -170 -25 -147 -104 -31 175 136 -47 -197 54 -19 -123 -66 200 -76 -228 -128 19 158 -3 182 -5 69 206 -224 6 -248 -199 27 53 -201 188 -143 20 -152 191 -245 217 242 218 -44 180 77 -219 16 -188 -105 184 151 -124 220 -142 95 61 166 -114 31 -145 4 163 -186 97 241 -59 68 92 -250 245 -38 63 -231 -50 -21 -214 -51 28 233 -176 135 17 78 -74 214 -153 -12 -159 30 -32 -126 25 -16 -149 -212 -136 100 -139 225 -234 -69 -130 110 138 89 -17 55 26 145 167 -90 -244 201 -175 157 118 -70 -86 149 -43 -215 -164 9 132 -189 58 84 -82 243 108 -220 223 -111 181 -154 83 -131 71 -232 82 -113 130 -34 91 14 -184 -54 -98 -93 169 -203 -207 -13 60 85 247 99 -85 49 194 142 119 -133 57 114 15 131 196 56 -121 -174 80 -109 148 -46 -92 238 -132 133 -155 -120 113 161 -236 3 24 211 107 178 244 109 18 -103 -110 -39 171 -183 94 -62 -67 -30 -99 129 -190 -20 -168 -24 192 -102 -87 -28 -218 -27 147 98 -53 -23 -37 39 222 -42 -129 125 -9 72 -160 215 -237 204 -217 -48 -61 -246 -156 -49 159 -45 -88 -209 59 8 -146 -127 -166 197 227 176 13 232 177 -193 -65 -208 117 -157 -226 -191 46 183 123 162 12 -216 -73 203 -185 45 168 221 -242 156 -172 32 106 -187 -240 -163 52 -230 -18 88 165 104 219 -36 35 152 -22 248 164 62 -96 38 34 -194 10 -101 -196 179 -161 150 -165 -52 -71 -243 -235 64 105 -77 1 47 96 141 -2 -26 199 -56 187 153 140 -137 -181 -29 -4 126 7 189 137 -229 143 -79 65 -63 186 228 23 210 128 -134 -169 121 90 -35 -80 -14 -15 170 -221 198 234 155 -180 -205 112 -78 -58 93 37 173 48 -227 -7 190 -33 172 120 36 -167 -241 195 -122 -202 29 -108 185 -182 102 86 -239 154 -89 -223 -1 -115 -10 122 231 246 -72 -117 -238 -140 21 50 127 -195 -198 -222 230 235 115 33 229 40 -6 -206 -210 216 -60 -173 -11 -57 67 11 -75 209 -84 81 70 213 -41 -40 -148 103 74 249 101 44 -8 239 160 146 212 -179 -94 -162 -151 -213 111 -107 -233 237 -106 124 41 -119 134 79 224 -55 226 43 -192 75 144 -83 -200 -158 -211 -81 -138 0 
TEST 46 ARG:-91 -26 -195 227 -242 -69 -42 41 -78 -186 -77 -62 98 100 -11 158 243 -88 -82 40 -55 30 102 -64 -244 -22 -123 -231 -170 217 -238 -96 88 220 -187 -28 58 203 -5 139 -94 -194 -221 248 -105 71 -203 -207 -38 122 -58 124 -234 78 94 205 6 -179 219 53 192 168 35 -158 166 82 -167 -99 165 110 -61 121 -76 -163 21 -141 -35 -210 76 -143 61 -130 60 59 -246 170 -171 204 -172 -190 155 -223 -230 -225 109 -233 -102 24 -39 -59 -214 233 64 -243 -208 44 -92 -60 43 113 73 -6 -128 74 240 -169 -198 -133 105 -249 148 -209 -213 -107 216 115 -49 133 92 4 246 111 185 177 12 112 120 -138 -34 -157 -189 175 -248 -114 190 -239 3 225 222 245 137 -27 138 -9 147 101 14 99 195 95 -113 -16 -109 89 -226 42 183 -87 172 211 202 153 -216 75 63 134 -86 -217 -30 244 -235 119 234 37 18 198 -237 -44 -191 197 -118 -45 -137 -184 -175 -215 -219 66 -93 214 -104 207 -103 -201 -131 47 -56 -211 104 -228 -159 -206 87 145 187 -80 196 -90 83 69 -23 -115 -12 180 213 28 241 -10 -14 130 -7 -67 247 52 -227 -236 15 -41 -185 150 -25 -125 -146 -126 48 159 -110 -97 -245 -3 -181 176 -65 19 188 45 136 -200 116 178 238 -180 239 -31 62 242 32 97 224 -48 -119 144 182 10 86 226 34 -18 -95 123 36 126 174 -37 -116 -106 131 171 -19 209 33 215 1 -101 -52 84 -20 -43 -72 -132 -154 103 206 218 -51 -40 20 237 -36 135 -176 25 191 55 67 -112 -124 65 -129 -79 212 194 154 -174 23 114 93 232 -21 -1 80 189 -83 210 -2 -71 -148 90 -135 -202 -218 -165 -241 49 -139 184 223 16 -247 91 200 -152 -46 181 -98 29 149 7 -229 230 -151 125 163 57 -155 235 96 -4 -111 161 -84 8 72 39 146 152 -75 -161 160 -70 -144 51 167 -142 -66 -24 -212 -164 -220 27 128 231 77 -147 56 -122 236 229 -127 -32 -188 -53 201 -81 -204 186 -160 -197 221 13 228 -33 173 108 -162 -193 -57 -63 127 -205 -73 85 156 -150 81 193 -50 70 -121 -240 22 141 107 140 -178 -117 -100 208 -153 -134 -166 -108 162 -182 54 -120 -89 179 -15 -47 118 157 -156 2 -196 0 68 46 50 -192 -168 11 -183 117 38 106 -68 151 -250 -224 -54 -8 129 -85 -177 -149 -199 79 -136 26 164 199 -74 -140 132 -17 169 17 249 -222 9 -232 -29 142 -145 143 -13 5 31 -173 
TEST 47 ARG:223 164 -67 -33 -238 -182 80 19 30 -157 9 56 -91 60 -131 35 -136 87 65 -235 199 138 170 47 222 -162 -113 68 25 -228 124 -111 58 232 -116 48 -78 239 7 95 202 -218 -156 -179 -52 -73 -29 50 -54 -69 51 -223 -140 -65 59 -66 -112 -249 42 -163 -236 -62 143 -75 248 2 -83 -171 -231 -184 193 185 201 187 -118 -13 161 -89 -229 -84 -203 -72 33 -177 -104 182 13 234 -178 101 125 245 -213 -95 142 -150 -34 -18 34 -139 179 26 129 12 -158 -159 -85 176 -164 3 27 -161 -90 -86 -146 -108 -17 -175 -170 -107 45 31 -230 -143 11 -19 83 66 81 84 71 -11 -10 155 -154 -59 78 151 -39 -195 -219 -38 -173 228 -81 194 181 24 -22 -167 -181 -58 -115 -232 23 -110 -206 -102 -129 -189 -204 197 -185 118 -119 -172 204 -250 -224 -132 36 247 5 216 -127 123 240 -137 -215 -190 -234 -32 70 102 167 131 -220 175 150 190 -28 219 -210 -188 8 106 -199 91 177 112 -160 -101 93 -222 153 198 -46 -191 -207 77 -209 4 135 -48 -97 -117 249 -100 -221 97 211 235 136 -216 100 -68 -96 217 -9 206 -60 -186 -125 90 54 -248 120 21 64 -70 132 -64 237 96 220 160 -35 -36 128 244 192 114 -155 -174 163 69 -149 116 86 110 29 39 -16 -243 61 -3 127 -61 -99 -114 67 -214 -40 103 -124 -202 105 -25 -166 -2 184 79 -130 210 -152 148 10 119 75 -135 162 -79 178 159 209 -82 -225 183 52 85 -27 -103 156 -183 -176 -92 230 -123 233 -45 186 -31 188 -233 227 -198 -245 141 -197 53 -237 -30 -8 133 -133 -134 229 243 -192 121 157 180 -168 146 -43 174 -24 173 -212 -217 1 -37 -122 15 63 -205 165 73 -21 -193 -141 169 14 -71 -121 -14 -180 -74 -106 -153 -128 -12 -187 98 -239 46 134 57 218 130 -55 208 -50 -196 43 -15 154 214 -20 221 236 -80 242 149 -44 189 -226 82 89 -241 -120 -105 -77 226 20 72 -87 -63 113 168 41 18 196 140 -49 -98 -76 207 -5 88 -148 108 205 -211 166 -244 213 -194 49 109 203 -242 -201 -26 -42 111 158 -56 94 -51 -247 55 -145 17 -208 144 -41 32 224 74 139 40 -151 37 145 22 200 -227 -53 231 212 38 246 -7 76 104 -200 16 122 -169 147 -1 -240 172 137 225 -246 44 -93 195 115 0 62 152 -94 -47 -57 -165 171 238 99 -6 117 -109 -23 -142 92 -4 191 -144 6 28 215 -138 107 126 241 -126 -88 -147 
TEST 48 ARG:124 -98 82 -133 63 92 -27 -37 213 141 -170 -193 -110 -119 -21 134 132 10 -199 153 86 142 -69 -111 71 139 125 195 -229 78 2 -85 20 -248 54 -224 -2 -125 -136 -164 103 -145 -58 -153 98 -172 -116 41 -118 19 97 -45 -36 -243 202 177 -88 -156 131 175 81 -219 -86 -11 -163 -205 62 11 -52 -144 104 -177 21 146 -201 -207 -143 76 -186 -196 -28 224 -117 48 -238 -197 42 170 140 -61 1 162 96 116 -194 -80 241 39 -140 -184 -14 203 87 66 187 -176 91 -142 -103 105 -130 99 209 186 34 29 161 -16 14 -71 23 154 -183 -77 238 -8 90 -92 231 148 100 235 -244 -101 25 191 -215 181 -64 135 95 -222 163 31 200 208 50 -70 -124 -43 193 -189 70 -212 -147 222 150 -226 145 -241 32 -166 -228 -249 -188 -218 -167 3 -216 -221 130 -214 -115 246 199 -245 -128 -114 55 189 61 190 -96 247 -126 207 59 -100 -47 248 -74 -236 16 -75 75 -73 194 -12 138 168 -30 -90 188 210 122 74 89 118 -57 126 73 -208 -31 137 93 158 26 164 -29 -49 233 123 237 106 160 -39 51 -242 -44 -137 196 -162 242 -121 -129 -53 173 -210 151 -10 -79 68 -152 180 -1 35 -149 -65 -151 184 -33 119 -15 -225 -209 110 117 -83 214 128 155 -56 -68 -106 79 -157 -19 225 0 -32 44 -81 -203 -155 -20 149 -108 -179 -120 111 84 7 57 -63 157 24 243 27 -146 221 215 -138 22 143 220 -107 -54 -135 223 -60 -87 227 -102 -41 -42 -55 165 45 144 30 -200 -122 -230 -182 249 245 -158 -234 -22 129 -192 -211 -233 -174 43 -40 -35 174 236 -161 58 156 -82 -232 -191 -239 -66 83 69 228 18 4 49 113 38 -17 133 -159 -46 -99 -227 102 -3 -237 36 -195 -113 -206 -246 197 -169 13 -112 -109 -7 47 28 114 -187 127 -4 -6 201 46 152 72 219 -97 -202 77 172 -94 -62 88 109 204 234 -217 -247 -185 -50 192 -148 -198 6 -38 -26 -51 85 183 -123 5 218 37 -76 115 -171 239 226 64 -154 17 185 -204 159 -105 -235 53 94 -72 -78 -67 -104 230 40 108 166 -213 -24 -165 -18 15 101 -25 176 -139 -13 60 65 -93 169 232 -23 244 -231 -48 211 52 80 212 179 167 120 178 198 216 -141 171 -132 -95 121 -150 -220 -34 -240 217 -91 182 112 -181 33 -89 8 56 -134 -127 229 -175 240 205 206 -84 -5 136 -190 -173 -160 147 -131 -178 -168 107 -180 -9 67 -223 9 12 -250 -59 
TEST 49 ARG:-123 -104 -200 98 -66 -224 188 -173 -80 -227 -195 -151 76 116 -207 -181 86 113 244 220 78 144 121 164 245 204 154 96 -37 -149 168 83 226 70 120 -74 -39 -132 4 -21 158 -93 47 -134 -52 -36 -144 -153 187 224 -138 -136 -49 110 -171 89 135 -225 205 41 232 194 -230 -70 -210 66 -57 230 214 -147 69 234 137 -119 33 231 50 -182 -122 -233 -95 79 186 -22 -238 -203 1 -43 161 -184 217 -84 -130 -223 -239 133 -141 193 -12 -156 -7 87 -154 -191 -178 -68 84 125 97 152 3 233 49 -106 -204 178 -58 28 171 -194 35 207 -164 -152 -247 -128 23 169 10 -54 235 112 -94 -33 57 -124 -64 -13 155 167 13 -76 100 179 -172 -163 -112 6 -214 68 -5 -29 -67 -221 92 -220 74 132 45 -86 -226 29 -34 -44 42 61 -202 -61 -17 -92 36 -139 -2 195 -63 -148 102 -250 134 212 -41 216 -14 -237 -45 9 181 -190 -25 -117 -115 60 -169 130 111 248 218 -246 -102 -135 -249 -113 -244 52 213 75 53 -4 56 -180 -183 114 -146 -129 -127 -131 73 -197 215 -82 -27 -85 -140 -60 -155 101 174 -101 -83 72 18 177 -205 99 190 -245 185 222 107 0 -98 -248 170 -114 180 197 106 11 109 51 -179 62 85 -212 -235 -189 -166 -222 -196 -35 34 189 -120 -97 -125 237 105 -133 65 -143 95 -50 149 -11 211 150 -53 -236 7 176 93 -159 115 243 -26 15 196 -48 -111 -206 108 63 -79 -40 -110 -59 -51 64 -24 -77 59 -243 46 104 5 -229 162 17 24 -137 173 117 -201 183 -73 227 -209 -38 228 -20 128 -3 -215 30 -103 200 138 80 58 242 -211 37 -228 -175 119 55 22 8 -187 -232 -31 -8 145 -46 151 163 -121 -88 -192 159 -90 -55 -71 203 -15 -217 -91 126 -1 2 -242 -9 -162 192 26 81 172 -28 14 20 236 -161 -116 -142 77 -234 38 124 -100 103 229 -188 -19 202 198 136 240 -105 -81 -56 31 48 94 -186 -42 219 25 191 43 -160 241 -23 -240 184 -185 -157 201 182 127 -158 210 141 165 148 223 -193 166 156 -177 82 -96 118 -62 206 40 139 221 -118 142 44 123 71 -174 -109 21 131 -99 -218 -126 -165 199 143 -167 -69 90 153 -208 -65 -107 146 -47 -72 147 -6 54 175 122 -219 19 249 -241 -16 -170 16 -78 225 88 32 -213 91 -89 209 157 -87 -168 238 239 12 -32 27 -176 -75 -150 129 -145 39 -18 246 140 -198 -199 247 -231 160 -216 67 -30 208 -10 -108 
TEST 50 ARG:-67 -75 243 -44 48 42 -139 -20 -175 85 179 88 135 122 -227 65 -160 185 38 116 9 72 -120 44 19 130 -61 189 -189 222 -224 -143 -33 106 -51 -60 137 -214 229 47 54 92 77 141 111 83 40 23 14 191 52 157 -245 -178 94 -126 -114 -112 -68 206 -22 166 148 -24 -38 143 177 124 211 113 151 2 36 -205 201 -129 165 -87 -133 -103 162 -145 212 -41 112 104 197 -59 180 -84 -7 190 43 244 210 -52 159 -135 -16 169 -186 160 -54 -79 -18 33 -221 49 -173 -95 -78 -237 29 -106 167 -11 -25 31 -172 247 12 105 74 192 71 236 -12 136 -85 -6 79 34 -223 -47 217 -209 120 -225 164 -198 209 82 -194 -50 -73 -30 173 203 0 -101 101 194 -17 -249 -111 -62 60 204 -169 1 22 95 -158 -213 -184 103 239 -148 63 -147 -32 -250 -109 237 108 240 99 131 -165 -64 69 -19 -168 -236 -93 233 -218 128 -45 246 -56 10 176 242 234 25 205 198 3 139 133 -228 -182 -230 -124 81 68 -26 -141 62 -164 -207 199 -118 -76 -154 109 183 -4 226 -10 -244 -192 -219 89 -107 100 -128 -104 80 -231 142 87 41 -138 -123 78 -37 182 138 174 170 27 -3 -127 15 -197 114 -46 -150 172 17 -34 -176 228 -153 67 -121 -96 -15 230 -115 -63 -72 -220 -100 -156 224 126 20 26 123 175 -116 -105 -155 -180 153 223 56 158 -146 -55 8 -183 -74 208 -71 -131 171 -215 -110 -217 245 -149 221 156 -190 37 121 66 -40 -81 -35 238 115 149 144 -151 59 150 -152 125 28 -113 -157 -92 -171 -27 110 -167 -83 -53 168 -238 -86 -247 248 -226 51 58 117 -166 70 220 232 154 21 -137 75 98 146 -122 -170 -23 134 178 -144 97 -188 -1 118 119 57 -13 187 218 127 -181 -48 -177 -229 -196 163 91 -136 76 16 64 -243 -98 132 53 -174 -8 -203 -134 214 -142 -239 225 -29 -130 46 129 5 -162 219 -248 -233 -208 200 13 147 -240 -246 -36 -195 184 -21 -31 -232 107 -80 186 -108 231 -99 -201 45 -140 4 -43 55 -185 35 11 195 -77 24 202 -202 -132 235 90 30 -82 -206 196 -117 50 241 6 -222 -88 -210 -65 -5 -39 -216 -94 -89 -91 -163 249 102 32 -70 -97 86 140 216 -69 152 -191 -9 -200 -42 207 -58 -242 -125 -241 39 215 -211 181 161 193 213 -102 -193 188 -57 73 84 -204 7 61 -2 -28 -161 -212 -66 -179 -14 93 18 -199 -159 -119 227 96 -49 155 -187 145 -90 -235 -234 
TEST 51 ARG:92 100 -142 -209 61 242 33 -44 237 169 -220 151 7 184 -177 195 -75 -231 48 47 87 163 -152 -116 73 235 13 -160 34 -222 19 -169 -53 -46 144 65 130 168 -157 170 146 -27 145 -14 99 -15 88 201 -127 -8 90 46 213 -77 14 79 236 40 241 18 -186 94 187 -181 -85 177 -120 75 208 -133 -221 57 -106 22 -54 -25 -201 191 120 21 -145 142 -92 69 80 190 219 -131 -189 128 3 233 -229 -41 -225 -59 -67 108 -139 -191 -130 203 -83 107 159 -19 222 152 -176 26 1 -162 -192 -170 -26 53 230 106 134 4 -72 248 150 105 -173 -148 139 123 -117 103 -102 -81 6 110 238 -71 104 -240 -94 -182 37 -114 -180 -228 -9 231 -86 -234 25 -93 -141 -143 -64 -179 68 243 44 232 -151 -34 -36 -89 -226 -55 2 -37 -95 -21 -76 -18 -184 -16 -47 131 210 -138 171 96 52 81 -216 -199 -80 -100 36 -224 167 226 -68 -134 8 -118 39 214 186 -91 -248 164 24 147 5 -150 140 59 -237 95 -104 198 30 -22 -82 -99 -98 -58 -52 -79 175 -171 158 -136 113 229 -103 -213 -38 -88 -45 173 114 -65 244 74 -153 86 -23 -108 9 -84 132 189 225 -218 119 -212 -149 -193 17 -244 -109 -165 -28 -219 -4 70 218 180 -175 -163 43 98 -208 -7 -215 -33 196 240 -2 162 111 122 178 60 154 200 -42 -166 -188 209 228 -128 12 -195 -1 216 115 -146 199 127 -246 -245 207 -147 -69 55 38 -3 15 -214 133 137 -49 -198 -35 -158 78 -197 49 -235 141 118 -6 56 -111 204 205 -119 -161 121 -211 124 -210 83 64 -124 54 -62 246 -207 -232 91 -40 249 148 176 -115 -217 77 -32 -12 -206 165 -10 32 153 -168 -125 -250 -60 -57 -178 194 -31 -73 -242 82 31 129 157 -164 -185 -172 10 42 76 -241 97 138 71 211 149 227 23 -174 -101 0 58 28 -122 -78 -48 206 -223 247 102 -205 -200 245 -190 224 45 179 85 -90 -243 126 116 166 101 72 -227 -137 174 -194 -61 220 89 35 -126 172 -121 -29 182 181 125 -249 -39 -156 -132 160 -196 -236 -204 -140 -107 -63 212 143 109 -56 -135 217 -238 156 -43 -239 -129 -233 -203 -112 -105 155 188 -24 62 -159 117 -11 -87 136 -74 -17 67 -97 16 93 -187 135 223 -123 50 -202 -110 51 193 27 -13 -154 197 -167 -66 -20 -230 -155 63 221 84 -50 41 11 -144 -247 202 -113 239 -30 215 234 112 192 -51 -96 183 -70 185 -5 29 66 20 -183 161 
TEST 52 ARG:-149 -52 169 -27 -36 18 -165 175 244 136 48 65 -16 -75 197 -226 54 -62 226 13 -222 91 -208 174 115 178 14 116 -77 188 -150 -119 114 33 -151 -32 123 128 -70 -87 189 193 -108 24 32 -236 -121 -113 -34 -139 210 -215 76 -90 29 77 -160 200 -201 137 40 -210 156 19 -41 -2 143 -49 227 -185 -191 158 -59 -237 -137 -106 95 110 155 37 168 -128 111 -14 141 -218 198 161 -81 -138 22 -161 88 -199 23 90 166 84 -103 -130 20 81 154 -133 144 221 176 75 -5 248 34 -186 125 235 46 225 -78 -71 124 164 170 151 -166 -61 228 216 157 -88 -247 165 101 -249 -3 -102 -205 -174 231 82 194 26 238 -176 229 57 162 109 -206 98 245 -74 -178 30 -29 83 4 -123 -60 31 223 -141 -189 -155 209 -66 103 -227 -42 152 78 118 -235 135 94 -86 68 249 11 -187 -147 -131 74 45 -104 -83 -72 159 -51 119 -35 139 -197 -48 -164 230 241 -169 233 -157 -140 108 100 5 107 -190 -95 -11 56 -84 62 -20 -22 -107 96 163 -172 -193 35 -101 186 243 55 -37 6 -54 -246 -127 -28 -213 104 182 146 41 -64 -148 -1 -56 -132 145 60 -196 149 -24 237 -4 -234 -156 167 -67 53 -63 129 185 247 218 -238 -250 179 -198 204 202 -118 -23 122 -200 -224 -65 12 -188 -46 -134 -243 -142 -154 -55 9 -50 -13 117 -194 180 -26 -223 -10 -111 199 -163 2 25 222 246 -217 52 214 105 -31 -245 -98 61 -239 -153 130 132 -195 15 -209 -146 -212 -173 -33 -99 160 -124 -231 -145 71 -135 -45 121 -19 207 -40 -109 133 73 -216 -207 70 215 -219 -8 17 192 148 8 142 -15 177 224 99 -89 120 -68 -79 -203 220 236 89 44 -17 16 36 -167 -211 66 -248 47 7 -126 87 150 -184 -7 -93 -38 59 138 171 -44 92 -58 -91 -240 -229 58 113 239 -57 -136 -183 211 10 106 -82 191 153 147 50 93 49 173 212 134 -143 -69 183 38 -76 -181 126 80 1 205 -228 -179 102 201 -220 187 -125 -53 51 72 -12 -192 -9 -115 217 206 -221 -94 -170 112 -202 -105 69 203 3 -120 43 -100 -122 39 242 232 27 -180 140 -244 234 42 190 -182 -30 213 -18 240 64 -242 -175 -92 181 -116 -162 -47 0 -80 -214 86 85 -159 -225 21 -110 -168 -97 97 -152 -114 -85 -39 196 67 63 28 -233 -230 184 -43 -21 219 131 -171 195 -73 172 -241 -96 208 -204 79 -232 127 -112 -25 -6 -129 -158 -144 -117 -177 
TEST 53 ARG:191 -210 -223 -8 61 -111 -207 208 -92 82 -120 100 -40 66 94 1 81 -51 -222 198 57 -9 132 -24 -215 -136 -99 144 -28 97 87 13 -34 220 228 -224 -42 -250 89 157 163 -61 211 -216 -15 2 -152 -93 -149 115 -208 -186 134 -7 -36 164 125 -16 136 -142 -177 79 -238 -150 12 178 -135 8 -235 -231 -182 246 26 -89 -126 186 -212 -194 -60 -67 173 -66 -173 154 -190 -157 248 -26 -202 123 156 185 140 -44 -130 -71 131 -41 202 147 240 187 -97 63 -29 204 -122 -162 243 -165 -144 148 -204 -3 216 -90 176 -84 -225 -213 223 -153 149 245 101 -76 -86 222 -171 128 247 -31 -220 -72 -4 -11 32 96 74 -37 -23 -82 153 -145 41 -121 93 -48 16 39 -236 -146 113 -141 51 -108 -163 71 -105 -79 -112 182 58 15 -249 238 -244 -73 150 35 -33 -247 -174 -133 -87 -201 -45 126 168 225 -176 75 29 -180 106 -245 210 112 54 227 161 38 135 -241 -116 -77 -134 53 -49 -118 -123 -232 188 138 20 -169 -39 -233 78 -57 -65 -181 -234 139 -53 133 -69 -240 -68 60 229 70 0 34 -75 83 241 -70 67 158 -193 55 181 -137 -179 -188 109 -139 120 121 -227 170 45 -199 -138 244 127 -103 -226 -109 -63 -200 77 -107 221 -12 -125 -239 142 -246 -127 214 -1 -197 224 -131 -189 231 30 102 190 237 -187 31 -10 -154 212 179 24 235 197 -25 -2 146 -100 -74 201 -140 33 -104 103 166 62 -159 -50 -98 -95 -167 46 80 68 130 -229 -175 -217 -185 114 145 118 -43 -228 -243 73 -184 104 160 4 200 17 -209 -211 59 108 40 117 137 -166 193 85 206 -206 -20 -47 175 -170 -64 -19 -129 124 -62 -124 203 192 242 -205 143 -32 122 219 205 174 209 -18 -143 -85 19 -110 50 84 172 -115 42 -13 -58 -230 -52 -178 -46 -113 37 -56 234 183 110 194 155 14 -59 -5 64 -221 -22 -214 -6 232 105 56 -164 6 249 -80 -83 -195 36 9 -91 107 7 -219 233 162 230 195 5 86 44 95 -94 48 152 217 -183 -96 98 236 -151 -191 65 92 18 159 90 -88 207 -218 -155 -237 69 -119 226 -196 199 91 -101 -117 111 -172 3 -242 165 -35 -168 -148 218 129 177 116 -114 -160 -17 196 -132 169 167 -102 -158 213 -14 10 72 43 -248 27 23 52 76 99 -30 -27 151 -198 -21 -128 184 -203 171 -55 49 -106 11 -81 -78 239 215 -147 -54 141 189 25 21 -192 47 -38 -156 119 28 22 88 180 -161 
TEST 54 ARG:-6 10 129 -129 -102 -200 -35 23 -133 128 -119 227 -158 -79 -115 46 126 52 -7 -220 -52 218 -75 -101 236 243 83 -120 -125 167 -36 146 -194 -136 -90 145 -56 203 -17 -95 106 -4 -38 187 -89 147 -202 -244 -110 -250 174 176 26 -100 -249 32 -134 13 153 -184 224 -141 33 86 -22 -87 -107 209 34 92 16 134 131 9 199 248 150 -171 -121 213 -62 101 115 189 -66 -127 -65 -168 165 14 11 -154 82 112 -175 -231 161 -84 -229 -76 36 -167 -185 71 98 -197 53 -131 -70 235 -105 168 -31 245 201 -45 -78 204 -122 197 -12 166 2 -32 1 -232 75 -224 -5 -39 -30 -13 -240 -96 -214 96 -48 151 -55 -160 21 -243 140 -204 164 5 -111 -71 -54 -216 93 169 -205 -64 198 -117 65 56 39 228 -58 -182 20 -118 81 -59 -217 -88 -183 -98 -23 -156 -199 69 -211 27 231 143 12 -170 -174 49 -128 47 44 -57 -178 219 -206 246 173 -25 -139 95 -18 54 -123 -132 -51 -219 -181 144 -176 -11 -215 -27 234 -150 97 152 -161 -222 103 68 148 202 66 -146 89 -124 -149 -49 -46 -53 118 -44 230 -114 -80 -179 177 -130 73 -138 221 154 -3 -109 222 233 -180 -155 109 -192 135 124 -228 196 -189 239 -86 -226 -103 121 -159 200 -26 15 -191 214 87 139 163 113 72 184 215 41 108 8 208 223 157 -72 181 183 4 -193 102 0 194 138 -74 48 190 77 -8 104 18 -116 -68 -10 -186 17 -143 -225 149 -33 -248 125 25 122 114 74 -196 111 -239 220 136 192 38 205 -24 29 -142 -94 188 30 237 -92 229 78 -63 232 -104 -67 -40 -50 -16 90 -238 193 -247 -152 -218 24 211 28 -235 -137 -190 -151 -28 -212 -93 160 -227 247 57 -20 -169 156 31 61 35 -83 85 -112 175 170 116 -203 -1 59 6 22 -157 50 -153 -230 -172 -42 -246 133 -245 182 99 55 -29 240 -223 7 -43 117 -140 40 -234 195 -106 -69 119 -73 -188 -210 -208 -77 -233 -21 -9 -61 42 3 212 238 -99 -81 178 -236 94 -37 186 76 -195 226 185 241 -213 225 217 244 120 -201 45 137 155 -113 105 -85 64 -237 141 91 -241 -97 -198 -47 -14 -82 107 19 -173 242 179 216 79 -126 70 62 -19 -221 -34 -177 -148 58 100 -91 -242 110 63 84 -162 -144 -209 171 162 -15 -135 -108 132 191 43 158 142 -166 -145 -147 -164 -41 37 180 127 -163 123 51 -2 80 206 88 67 -60 249 159 172 210 130 207 -165 60 -187 -207 
TEST 55 ARG:-208 231 -187 191 -228 -64 -66 148 33 229 -78 132 -28 121 66 86 -108 51 -232 -164 129 -144 117 -183 -250 -113 185 102 60 -96 192 26 80 -34 238 -54 79 150 178 103 156 127 -20 119 -125 115 -23 -173 53 -206 -169 183 54 -222 249 29 -185 -162 -73 3 75 -128 189 -134 -219 46 40 -207 -181 44 149 -14 -50 -114 99 193 219 120 190 -201 -22 168 197 194 -25 236 213 182 82 -153 206 136 94 78 41 -143 68 165 163 208 -75 -67 -6 -17 -85 108 -46 -166 -184 -244 -182 15 93 -158 -175 -211 158 42 -121 -194 56 113 233 -218 198 235 226 201 -220 67 57 89 -30 -105 211 167 43 -37 -165 -24 184 104 -193 110 -31 -44 -97 223 -204 -223 12 -145 176 173 -93 134 186 -148 -137 1 143 228 -141 106 -190 -84 -27 35 70 195 -79 -103 162 146 -214 -53 -147 48 241 222 144 171 5 196 -130 -49 172 244 -127 -92 -71 -231 109 -16 -38 239 234 111 227 -174 -191 36 -126 -205 19 -236 -41 -56 -123 10 123 -3 -32 220 4 248 38 -224 -199 -186 -152 -110 -4 -83 187 -115 71 181 -68 130 87 -76 -243 -216 0 -94 55 91 -176 -171 -133 8 -235 50 -213 -111 -91 -246 155 -178 52 -151 -77 -150 -197 151 -36 23 152 -196 14 -225 -200 -138 135 -55 221 -118 49 -39 161 -212 -42 247 -60 -161 141 -117 -209 6 175 -157 84 200 133 -48 -229 64 -226 2 -155 -13 105 -122 -2 -35 230 246 159 83 77 81 114 160 -52 -154 131 -195 88 22 142 -177 -89 -8 -59 112 -47 139 -119 -146 25 225 28 215 34 -217 -221 147 204 -107 -62 -135 -7 170 -90 -129 65 62 -86 -116 -159 63 47 76 -249 140 -80 20 -167 -40 -51 -163 242 -233 -245 -238 -189 205 -63 -82 -124 224 13 -227 125 107 24 179 240 -26 -139 -74 -33 18 157 -58 -15 69 209 -179 -202 -237 -102 118 74 -9 -10 210 -248 7 202 180 9 -168 207 -180 -192 -57 -140 92 59 27 174 -99 -242 169 -65 31 -69 216 -132 -170 -109 -106 124 -160 -240 -247 98 126 -98 -1 237 -149 -95 153 61 96 95 -104 -142 137 85 -203 -12 199 177 -19 -131 -230 -234 218 -21 30 214 -210 122 243 -11 138 17 -241 -172 217 -239 116 -61 166 -43 -198 37 128 -188 72 39 -156 -70 -100 90 -101 -29 16 32 203 -87 -45 58 -215 97 232 154 45 188 -136 100 145 -72 -112 -120 -88 -81 11 212 101 -18 21 73 164 -5 245 
TEST 56 ARG:-64 57 37 -243 -95 -220 134 -59 -50 100 -12 -127 -221 248 231 -245 74 96 -164 -36 -42 192 161 221 -108 -175 -45 16 87 -6 249 143 185 187 -201 76 -35 -22 232 117 -131 -54 -241 153 -81 83 28 -238 60 172 242 -181 -106 -219 222 213 -225 -19 -239 -226 -187 237 173 -7 -214 58 32 17 66 -46 -196 180 -109 -41 -249 217 110 218 150 -234 -155 -183 135 -137 -161 -148 -11 -76 -90 27 -216 -55 -47 -111 -112 -191 -74 -77 -170 -207 -70 -240 177 -123 -190 -198 157 72 109 -193 -185 -179 -120 -227 -182 24 195 -209 -118 137 -27 47 -250 -24 105 243 -129 -68 -202 -235 202 104 -144 59 228 -31 183 205 245 -1 -140 -195 108 82 -244 56 -65 146 -203 -16 201 -154 -85 -163 -115 -80 193 -48 -29 -21 171 -224 2 147 -97 -218 -156 94 55 168 95 -178 -82 -199 -212 128 -159 71 23 -132 188 92 219 -215 -230 -192 119 215 175 -87 129 68 -157 -20 -213 -49 -134 229 178 186 239 -30 162 -91 230 -210 -110 189 -18 98 -92 -107 -79 241 184 44 197 75 144 145 -86 209 53 -63 30 13 -130 -104 89 166 244 49 -124 158 -145 169 220 -78 -83 -186 -248 164 -43 -117 10 3 -10 -52 139 38 -229 88 191 31 -142 101 97 208 -206 -113 -88 233 238 -56 -126 84 -232 102 42 -17 48 240 77 -94 -174 148 -167 61 -173 141 -176 -8 154 -162 62 -114 1 70 -72 -67 -237 -25 206 -84 -208 107 51 140 20 -58 133 -151 -165 52 124 125 -98 138 41 212 -105 -53 21 207 45 35 0 -62 -69 151 -228 116 -152 81 106 -23 156 9 204 -73 29 40 25 -102 174 123 -61 67 149 -160 -4 203 33 118 -172 46 69 -32 -33 142 -158 -141 -34 132 -133 182 226 179 64 -139 -211 -57 -26 79 -136 -96 131 -150 -28 14 -125 199 103 210 -116 80 114 -189 160 19 -15 190 122 165 54 121 -171 130 -51 155 8 -40 15 -204 167 -38 85 120 -99 113 -66 -197 -14 -135 236 -205 -242 198 234 78 5 159 39 -128 -5 26 93 152 -233 43 -71 18 -60 -188 6 -103 -223 176 -39 -75 -122 223 -121 22 235 -194 194 126 216 225 214 65 247 200 -119 -44 227 99 11 -93 -9 -180 -147 12 -100 34 -184 -169 -177 -166 -89 -222 -200 63 163 170 36 -101 127 -149 50 86 -217 112 4 -138 246 -146 111 -143 -231 -247 181 -236 90 -3 115 -2 136 196 -168 -246 73 224 211 91 -153 -37 7 -13 
TEST 57 ARG:-152 20 5 185 131 27 40 218 237 -53 4 -66 -92 -245 -57 217 -64 -14 74 164 18 -225 117 133 -4 197 104 -196 12 -149 -111 249 119 91 146 203 -50 105 28 -222 -190 -247 -223 48 194 6 154 230 -1 -100 -246 -101 178 -240 -82 -77 216 127 -78 -115 212 -161 -45 232 -43 158 111 -58 -180 87 -162 -171 163 -201 199 -72 245 -122 -232 -191 103 -6 -130 -126 68 -99 102 58 123 -211 -109 142 155 79 236 159 -36 -209 0 29 -248 182 -167 129 60 -202 31 2 -19 54 75 168 -68 140 202 -44 213 1 137 -192 -87 8 -46 112 -93 -234 49 -218 98 -131 220 190 92 -34 153 -156 -140 67 -148 -33 173 45 219 -144 90 -61 -26 51 56 95 -110 14 -24 -8 -59 -39 57 -121 89 -200 21 83 211 -75 189 -71 200 229 233 -16 -150 234 -135 -48 116 50 -127 -107 113 110 143 175 -155 -143 188 208 -137 25 150 22 -221 124 -21 55 -23 125 161 171 -170 19 224 -179 -189 -204 -199 136 172 -89 -70 97 7 33 77 80 -230 -124 -207 -28 223 -128 -235 -216 -13 174 -224 10 120 166 -249 84 -183 -182 -40 -184 -125 -238 -56 -31 -38 -213 52 -41 -85 -146 -154 243 -104 -91 192 240 -178 41 -168 -172 -212 114 180 -9 -20 -81 121 179 66 47 -219 -198 193 225 46 -220 204 -30 -138 -47 198 152 144 -197 130 106 -5 76 -63 -142 23 -244 -187 -163 214 160 -141 -17 191 -123 222 156 -174 61 -205 -74 -166 36 186 -55 17 -233 -188 -193 242 -159 -73 -103 183 -37 -153 -108 43 15 42 -86 69 -241 196 85 151 -113 247 -134 205 86 -139 165 72 38 -237 -120 44 32 148 -176 -88 39 -22 35 -76 135 -114 63 -145 78 215 -217 -228 37 -151 -7 -54 -236 209 -206 -214 71 181 -203 -231 -79 70 -169 59 -69 -62 108 -96 184 -250 187 169 -67 -173 -25 -227 96 231 206 -32 177 210 9 -118 -106 -164 162 126 30 -215 -185 221 13 115 -210 -181 145 -90 -195 -136 244 -18 138 53 73 26 248 -51 -2 -160 239 -15 139 82 -117 227 -3 207 -10 16 235 3 -80 -226 246 93 -52 -94 -133 -157 94 81 34 -242 141 88 -129 62 195 65 -27 134 -119 -35 -229 -112 128 -194 -239 -147 24 -97 157 -186 -83 167 -102 201 -158 118 101 -84 -132 -208 -98 122 -95 170 -175 238 -12 100 107 -105 -29 64 228 -65 -11 226 -243 -165 -116 109 149 -60 132 -177 176 147 -49 99 11 -42 241 
TEST 58 ARG:52 -34 -150 -243 -114 92 -105 128 224 -107 -250 50 -5 -15 -154 213 -132 -147 -27 -216 -181 -39 -51 81 -44 160 -53 -111 -52 84 -189 -16 106 -234 -90 -84 -200 -43 -156 -201 72 -79 -113 57 104 -238 -169 55 -4 212 24 -89 243 63 239 248 -190 234 97 73 -141 245 150 144 -148 -211 221 -101 -93 170 113 183 161 184 -178 -71 -171 201 179 -133 0 244 103 -157 172 -165 -41 -121 -6 192 -106 -145 -37 -151 -249 188 -163 56 -91 75 -3 -108 -92 28 163 -185 208 -184 -102 210 -159 43 93 -217 -46 159 116 29 124 -160 -72 181 -62 14 68 13 -223 -78 3 -59 61 -172 249 -242 -77 18 -158 -29 -224 226 117 151 9 62 -126 76 -140 17 -2 86 -10 -61 -55 -229 222 -180 82 -75 -33 -23 -22 95 -233 36 158 236 -65 -7 229 180 123 44 101 165 -208 -50 -66 219 19 -137 -248 -103 45 -17 110 227 37 240 -226 178 33 114 -196 79 -80 46 -69 51 40 247 237 -197 -209 -225 -82 -215 -20 -174 8 143 -30 -130 -146 -120 34 -228 -14 119 -40 -179 32 141 112 -12 -122 31 -67 118 -98 133 136 42 4 -245 -97 174 -187 122 -11 -125 147 -136 -86 -231 -207 -112 -213 -227 130 233 -42 -60 10 -246 -68 6 127 197 -123 209 90 5 167 153 26 194 -219 41 207 168 -88 -235 134 30 -28 -203 -56 -18 -110 -144 15 246 146 -9 228 190 -218 -155 -192 162 242 154 74 -241 -96 -166 -109 27 125 241 196 -117 131 -240 200 202 48 60 12 137 -99 -237 206 -118 11 -143 193 87 -230 -81 182 231 173 69 -26 -239 -54 -63 7 -87 -191 176 -193 -8 164 -116 -85 98 -183 -115 -244 108 105 157 -173 -177 100 -1 -58 91 85 -24 -47 -48 71 235 64 169 215 175 -236 -31 -127 38 -21 -19 -188 145 -38 205 -212 59 155 -199 70 152 -135 -222 65 -168 -232 39 -175 -74 -95 238 177 232 -204 211 204 20 47 22 99 186 195 -198 -32 217 -170 -83 66 -35 -104 -149 80 -162 54 53 120 49 94 187 1 148 -129 77 16 115 185 -194 67 218 126 -94 191 -64 -73 88 140 21 -119 -13 129 189 83 -176 89 203 -195 -139 -134 25 -36 -153 -25 -76 216 -186 -220 225 -214 -205 111 -131 -70 -57 102 214 -152 -161 58 149 138 109 107 -210 132 -206 23 156 96 35 -202 199 135 -100 -124 -182 121 -164 139 142 2 171 -128 -142 223 220 -247 166 198 78 -138 -167 -45 230 -221 -49 
TEST 59 ARG:-245 -206 -35 80 65 -72 84 147 189 151 -53 -130 -138 158 -107 -248 -247 132 248 19 -16 98 -81 -55 72 -90 -27 25 -141 143 219 -174 169 -54 68 94 211 -98 20 181 60 -25 43 -66 28 -46 112 238 190 -157 39 171 35 7 -116 -74 196 56 140 -5 1 30 -190 -105 -231 210 -110 128 -60 235 -183 31 -122 -29 69 -62 -155 4 -13 -202 214 -43 55 120 -226 92 -132 -24 -187 157 207 -78 -113 -108 -22 122 -126 -117 -124 -45 -30 183 154 -146 117 -217 14 115 -79 108 63 -44 -59 52 203 -137 220 144 13 -33 97 -80 58 -91 127 -73 74 202 -158 247 -119 -36 221 175 137 146 159 -11 172 -153 244 106 109 -129 79 -250 24 96 -201 -65 -184 -227 -237 -100 152 222 27 -51 46 -135 156 179 91 62 149 170 71 218 243 -109 111 -32 -193 201 -57 198 -96 -180 225 -167 -84 164 26 -225 101 11 102 205 -31 -89 64 145 51 212 209 114 -150 136 -85 -56 -17 89 70 38 77 -140 -37 93 29 182 195 216 49 -188 -192 -147 -2 -189 -240 36 -118 -75 121 234 -10 230 -203 -61 -1 -87 194 87 47 -70 -15 -120 -162 180 -154 213 166 -218 -196 5 104 -48 162 174 -88 -52 -106 -20 192 -128 -197 161 -236 -244 -234 -214 85 155 173 -121 -145 -171 -93 141 -125 167 -172 -216 -6 239 -63 226 21 185 90 54 187 -76 133 -215 9 -173 45 -111 -38 -151 -68 -112 -102 -169 78 -114 -241 197 -95 22 -40 105 -164 215 12 -232 -235 233 44 200 -223 -170 -204 -149 -136 -41 18 237 -67 0 -50 -47 126 -176 -200 -165 -14 119 -58 188 34 160 177 135 -82 53 33 -26 57 -115 -86 -152 -179 -12 67 -213 -210 32 -21 -64 17 186 131 206 249 193 -83 242 66 -133 -160 -163 -42 236 -222 -159 -230 113 -101 -205 -208 107 246 75 81 37 -219 139 134 -166 16 227 -92 82 48 -77 15 -211 163 176 -104 199 -178 240 -8 -34 -123 50 150 124 -28 -233 -229 148 -3 -156 -144 165 -127 142 228 -239 41 -9 -94 -139 83 -194 -168 99 153 95 -246 204 178 -69 110 59 -71 -207 -242 232 123 -131 229 -134 -243 -185 -195 -220 -181 125 -19 -249 -186 -175 -49 208 224 40 168 -182 10 -148 231 129 -212 88 86 138 -23 241 -221 -224 -199 245 3 103 -142 -228 -7 -177 -191 -143 118 23 76 6 -209 184 73 130 -4 223 -99 -161 8 -39 100 -238 191 61 -103 42 -198 -97 2 217 -18 116 
TEST 60 ARG:-195 31 -122 208 -146 -132 45 102 -184 -214 95 -192 130 -161 -60 -72 244 -147 -55 -128 -129 -196 169 -244 -22 240 163 237 224 155 101 -202 24 114 85 93 143 -84 -30 -58 -164 21 -26 32 183 134 -115 65 217 118 -37 67 213 -143 69 -154 157 8 162 249 -148 201 204 -96 -87 164 -80 226 214 -79 -9 115 -73 172 -131 -116 -245 211 -187 -41 -109 -151 -74 -28 190 -35 86 -194 -102 179 68 -242 -162 -158 -165 122 19 -224 -163 -157 78 -189 94 91 142 232 63 -63 -51 167 12 -16 -174 121 -201 -228 -190 27 218 3 195 -222 -186 -105 -229 -85 43 -31 241 194 62 -250 158 -216 -117 88 -120 55 235 236 -160 202 189 -168 -112 186 196 221 191 -225 -36 184 175 123 239 -249 -69 -150 -21 96 71 59 165 28 174 -231 -118 225 -156 76 -238 -34 -14 197 229 234 39 129 -207 -203 14 17 -205 -1 -3 90 110 -76 -103 74 -209 -137 -223 35 231 161 30 64 170 -104 -211 -114 -81 66 -25 22 109 -38 178 -77 -247 140 -200 -10 18 -52 -159 34 138 -86 -208 -29 206 119 -8 82 -199 -70 -49 83 42 -124 -99 223 60 -219 222 -2 -182 15 23 -56 -40 -19 -45 -138 49 -64 136 132 56 -171 -191 -230 -166 105 -43 151 -62 -33 -113 -13 198 -212 92 -237 137 148 -183 13 238 -234 -227 159 -127 -4 -92 106 -91 54 -65 -54 0 -6 -179 107 176 177 -39 -141 33 -226 243 -108 188 131 156 242 117 7 48 200 -121 247 -185 248 -204 -188 -88 80 50 147 -221 -82 11 -130 -246 29 -126 -220 -175 61 77 -173 192 113 73 52 16 -210 126 -235 -206 -134 99 -125 -155 -24 154 -198 -139 -140 -61 100 -239 -119 -57 139 127 -18 193 104 58 -176 245 -71 6 -90 -59 -78 47 1 141 -110 216 -217 -106 5 -107 -152 -32 -94 57 227 -89 36 -232 -27 108 -243 84 -170 199 53 -11 -95 145 -169 -236 -133 -83 -215 98 97 -47 2 185 182 87 173 -48 51 -93 160 207 37 125 -240 -44 -167 171 -66 -50 41 -145 128 -23 146 144 168 135 230 9 150 116 -7 149 -149 75 124 79 -233 4 187 166 -17 209 212 180 -12 -248 215 -213 205 -42 111 -218 72 20 -142 -135 228 112 -68 -178 152 40 -98 -111 46 133 -101 103 181 -136 219 38 220 -123 89 233 -15 203 -180 -181 10 81 -100 210 120 -46 -153 -193 -67 -144 44 -20 25 26 153 -172 -197 70 246 -177 -53 -75 -241 -5 -97 
TEST 61 ARG:-30 -156 6 -41 -159 71 246 -120 -230 -74 -21 30 115 -168 220 -36 -129 -112 -46 232 192 212 -4 215 46 -14 -100 -151 -154 67 195 -118 245 -98 41 -44 205 238 47 -147 234 -8 94 -83 164 210 153 105 -23 -225 -212 -121 16 76 81 128 36 216 -233 127 -174 12 15 159 100 27 -10 35 206 91 -204 -33 -155 3 -132 61 -56 -235 -197 -35 -57 -51 -66 151 45 -217 -190 -195 -162 70 -18 -234 -75 -102 -184 -173 -199 -125 -232 78 -148 52 -128 26 -248 -153 -166 -239 -160 -200 137 249 75 -165 170 -164 -144 167 162 72 233 152 -172 139 -231 -15 -179 106 -70 135 -103 51 208 -1 -85 -238 243 82 172 -7 -37 218 -73 -91 229 -130 -145 50 -28 181 175 8 225 28 43 201 146 -97 230 -110 -152 18 109 -43 42 141 -247 158 -107 142 -221 -140 4 -115 -22 224 -105 38 -198 56 213 168 123 -244 112 -227 -38 -13 193 118 178 -135 -58 -133 -171 241 190 186 -224 -54 -65 -205 -114 -79 64 -59 -31 -82 149 -223 -64 -122 -161 89 -226 111 -67 31 131 34 -178 239 -185 247 48 -27 -20 88 203 129 -16 -181 -62 -86 -193 74 211 -189 156 226 191 -111 23 -117 -72 37 -214 -34 -40 -12 97 86 92 -202 13 -158 11 174 24 58 130 96 -87 180 248 189 199 155 -81 154 188 209 117 194 -126 161 -250 -243 20 -170 -206 -106 -219 -101 -131 54 -63 87 90 65 -218 114 -249 57 -29 -60 200 19 21 107 -32 196 -53 62 -47 59 -89 -211 -52 -69 -187 -183 44 63 169 157 -77 119 -150 217 214 -45 -42 -127 -192 237 -137 80 -94 138 197 1 177 55 99 -175 183 104 32 -207 -163 160 122 179 79 -76 -2 125 242 145 69 -229 84 -169 25 204 121 -245 -99 -216 29 0 49 -228 103 -104 -188 240 40 39 -208 166 -84 -141 108 150 202 -88 236 -25 -149 -177 2 -95 -5 171 33 207 124 -61 -113 -191 -26 -139 -11 235 22 185 173 182 -123 -50 66 -213 -55 -49 120 244 -116 95 148 -134 98 -108 -6 17 228 223 7 -157 -136 102 -68 -209 187 163 132 -109 -90 -78 221 -119 -242 -240 165 101 134 144 -17 -167 -93 227 -196 -39 -201 -3 198 73 -241 143 83 10 219 126 116 -220 136 -96 -180 -9 140 77 -246 -71 -237 -222 147 -80 184 85 133 53 222 231 -176 -124 -142 -92 113 -210 -203 60 -24 -186 -48 -215 9 68 176 -146 -182 14 -236 -194 -138 -143 93 5 -19 110 
TEST 62 ARG:-246 -170 233 126 16 80 147 -18 226 -146 -75 -120 -54 42 218 83 -211 -93 100 -143 -63 36 223 247 -245 121 156 -154 -24 1 52 -88 74 -163 127 120 87 -16 73 25 -68 -91 -236 51 -248 229 123 211 -233 213 38 -167 -127 -152 -128 110 -130 -243 220 -42 -234 103 53 32 -169 -34 -46 -55 155 -87 -32 -117 -64 -235 -114 161 -226 162 5 -123 -89 -217 28 66 170 41 63 -29 -166 -174 -209 184 12 93 -116 192 -3 -20 119 33 231 179 -80 -242 169 -66 227 182 224 -250 -225 185 167 -84 -133 6 21 -178 160 69 -107 208 234 -126 -2 -208 -187 -131 27 -184 -204 34 -172 133 -180 -165 216 -108 -43 40 92 -122 -186 -96 -118 203 145 -58 -227 45 -148 89 -79 75 117 190 -196 225 142 -25 129 -74 99 111 -41 118 -94 -103 -110 -241 249 235 -38 -138 -164 72 152 -129 157 29 243 -140 113 -244 217 -40 58 176 47 78 10 187 -188 13 -144 -189 15 197 68 150 7 -222 3 -182 -147 -109 -124 -70 228 181 -28 -36 186 201 76 191 -231 54 -71 -145 177 46 -210 22 -119 240 -21 -229 71 -158 -102 -161 165 -50 -197 -8 143 -150 -168 215 23 8 -185 -105 -212 -19 194 -193 -181 210 -219 132 175 -156 -81 98 -191 168 245 -149 204 -82 0 105 183 86 -85 -159 122 206 -17 -37 -221 57 221 -232 -139 -86 9 -155 212 39 144 -177 18 137 106 115 -223 -237 56 -141 49 172 -195 248 -33 146 70 230 -97 222 -72 171 -23 2 174 -47 -132 -115 135 -176 -179 131 -26 -59 -125 164 -106 -238 -30 140 -112 67 -56 -213 138 242 241 134 -62 90 -175 219 19 202 209 43 65 81 -134 -214 59 84 -14 -51 -220 -137 20 159 -27 -77 -142 26 108 55 -200 200 -67 -194 48 -198 64 -65 188 193 -45 77 -22 -113 -39 -206 205 -48 -215 85 238 -49 -183 -9 61 -247 141 151 101 112 4 124 -228 -171 207 166 82 -78 237 -230 -4 -100 -202 -90 -121 239 -160 24 -98 109 -31 96 -6 60 88 -5 -192 -44 -69 -224 97 -199 79 -216 180 -92 153 107 -12 -10 -162 -111 -15 -218 11 -173 -136 116 214 -203 -7 130 198 136 196 -207 246 139 -101 -83 -151 158 236 -11 -76 173 -99 189 37 -95 232 31 -53 154 94 -157 -205 -201 17 30 -60 244 148 163 149 -153 -61 14 -104 44 -1 -249 -73 35 199 125 95 50 102 114 -13 -190 178 91 -240 -57 104 -239 -135 62 -35 128 195 -52 
TEST 63 ARG:-246 -83 -249 85 -113 -120 238 -80 165 145 -178 38 65 -169 241 -14 -7 -217 -29 -189 -214 178 116 -211 99 -18 59 -40 -126 -201 -105 91 -228 -10 58 233 -52 76 -171 -53 -175 103 -21 2 -81 -96 -131 41 -158 -207 125 -108 -221 185 -153 -188 237 -74 -233 115 -17 -55 44 113 -212 150 -19 151 -124 204 -4 133 148 -222 152 -49 55 -225 -230 60 -163 216 214 61 173 -160 -130 -114 168 -61 77 74 16 -195 -135 110 -250 -28 -236 -94 63 -180 -196 182 -128 -24 -71 33 -167 121 -109 144 102 -33 -143 -30 -172 245 78 18 -75 -13 132 3 35 -209 -193 -219 146 -244 -85 62 -57 225 8 221 96 28 -34 -22 122 -98 -72 -51 153 167 72 -206 234 52 172 105 232 187 90 -104 126 -89 -127 -203 -174 -161 -111 5 11 -132 177 119 -37 149 31 -8 109 248 227 -136 176 -31 29 82 -97 -243 1 -164 39 9 14 235 86 205 57 -42 54 -59 -50 -58 -47 -147 -237 -179 -149 206 -122 -240 -156 37 47 189 192 -69 -168 -150 -185 247 -184 193 140 -25 95 -173 106 6 -65 50 230 -232 -139 -1 -146 -177 -107 -73 -100 -182 -3 -145 10 -216 107 -41 -125 -170 -224 -6 -208 -133 15 249 -194 231 -38 161 -218 179 56 94 -165 -166 -116 -70 89 155 87 170 -2 30 79 13 -45 -48 220 -191 49 217 -101 -183 130 -199 -200 -155 43 111 -234 135 215 137 -67 181 211 190 -5 -77 -215 -134 -204 -162 53 80 186 -117 -202 174 -210 46 -56 48 160 67 -12 -192 -241 154 242 171 -102 226 239 124 -26 36 197 17 93 -205 -44 -88 -11 -187 180 -248 -118 143 104 -63 128 71 68 -157 -79 -181 -66 -151 147 201 218 -144 34 24 188 138 157 -62 112 7 223 73 -110 101 -32 224 -159 -46 70 134 -35 -152 -138 142 -223 83 26 198 -76 236 191 -39 45 -245 23 -247 -20 -231 240 -64 196 -148 -16 19 129 -154 -142 108 184 162 -106 -9 42 -238 100 69 169 213 25 136 117 163 -90 194 -213 12 114 21 -27 244 -119 166 222 -197 228 156 209 127 -54 66 51 202 195 200 -141 -176 131 -242 199 -84 -95 -87 212 40 -93 -140 98 159 229 120 -15 27 81 92 -123 -36 208 -226 -60 -229 -186 243 -137 -239 4 -78 183 207 -227 0 -115 88 -68 84 -190 246 210 139 203 118 -99 -82 -91 20 -86 -103 -92 175 -121 -220 64 141 -198 -235 75 97 22 32 164 -129 -112 -43 219 158 123 -23 
TEST 64 ARG:-155 149 151 91 183 -208 18 73 -127 -57 243 -226 -25 154 220 -42 42 -5 -53 135 19 74 -224 -34 -219 -93 -199 109 147 120 246 -52 146 -153 -74 9 -8 -161 -2 -164 140 241 -171 236 80 98 59 -112 86 -61 20 3 -73 12 69 -110 -196 -38 -175 199 -22 171 173 248 185 16 191 -156 -40 214 56 -182 -141 8 -204 175 31 162 231 239 165 104 38 -152 -244 -190 -154 131 -92 -162 -181 54 212 121 -120 223 245 213 63 -228 112 -140 -248 -213 13 -69 67 -70 -142 -32 222 -84 -44 193 99 72 181 -30 -237 232 240 -56 -11 44 247 -200 -20 -185 -45 -91 195 186 -144 -186 -191 -124 -85 159 46 -195 139 -18 -36 -48 23 -139 93 156 -211 -193 188 124 36 -176 -19 92 -80 -113 -129 189 60 -15 -101 4 75 -218 166 144 -240 -136 -167 -231 -160 -130 176 -126 201 66 83 -71 -89 242 29 30 132 -7 202 25 230 130 -46 123 -203 221 -88 14 227 205 111 -222 89 152 -83 -3 -12 125 -247 -81 -206 -189 160 203 -10 -131 88 204 244 -26 -23 64 224 210 174 -6 -115 -180 -28 -243 85 -54 -58 -198 -24 200 167 5 249 -174 -123 177 -158 -119 -117 129 -177 70 -168 -97 233 57 -37 -95 108 153 -29 -59 87 62 -47 77 41 225 -103 -229 34 -62 -215 82 -67 -66 -188 -147 182 -159 -166 187 -209 -230 -151 -77 51 118 50 164 7 206 22 228 217 190 116 -82 -122 235 -146 53 -192 -114 211 -1 -249 -205 -128 -184 -94 -150 114 -187 -138 -239 -242 -16 27 179 -41 -132 -148 105 6 115 197 -13 168 2 -170 -212 76 17 -98 33 -104 -236 -76 -197 209 -179 -172 -99 -149 -202 84 -50 -125 -100 -217 -72 -232 -235 -55 -116 150 237 -241 198 -107 127 -238 -31 180 -63 -145 -216 103 -194 -137 192 229 155 90 -4 -210 21 39 24 119 137 -133 -135 142 -163 178 15 32 -27 1 -220 68 11 207 216 128 -165 136 -14 -33 -233 141 -234 194 -227 -90 -102 -106 100 219 218 61 97 -105 48 238 79 -173 169 102 -64 -143 226 -201 47 10 133 -118 28 35 45 -250 161 -246 158 52 -108 -60 106 -134 196 145 134 49 148 -96 43 71 -79 -21 184 40 -43 172 65 215 -86 110 -78 95 -68 117 96 0 26 234 94 113 -75 -207 -245 -9 101 208 157 -49 126 -214 -221 -223 81 -169 -39 -65 107 -35 37 -121 -225 170 -183 58 138 143 -178 78 -157 163 -87 -111 122 55 -17 -51 -109 
TEST 65 ARG:128 204 -100 43 -121 89 11 -90 -239 155 -108 185 140 50 35 169 12 -155 56 9 -48 249 49 28 119 -78 -133 247 170 -113 -40 175 -116 -212 -21 63 -88 -38 -193 54 98 -93 -191 -52 209 -79 -198 210 213 -106 -70 -241 107 -153 -68 61 19 -194 -27 -142 -86 -60 153 83 -24 87 -89 195 181 -234 30 122 -51 194 -192 -152 -136 116 46 134 245 -221 -102 242 -17 -20 243 -206 -146 -105 -43 51 76 -124 208 73 172 -232 -214 189 145 -172 225 -125 32 -140 142 47 -32 -72 154 84 -25 -101 -12 -158 -150 -233 -65 123 -224 57 173 94 121 20 -163 198 -73 -4 214 -35 79 162 205 186 -47 -143 -176 93 117 -225 -147 217 -67 124 110 129 -175 -97 -84 -129 196 -30 -9 115 -98 -186 103 10 160 -74 24 149 8 130 -190 -204 -42 -245 -118 3 -49 211 152 -161 105 135 231 -77 156 -229 -216 -157 -159 206 16 -66 167 188 -238 -137 -246 95 -45 -188 212 -148 235 138 -120 -173 239 137 -5 60 65 55 -80 -55 -36 -170 133 234 36 227 157 -28 0 221 -248 37 -104 -185 179 177 -114 25 -237 -33 -189 106 -180 -19 -39 191 14 230 -184 182 127 143 -82 -166 38 215 -240 -50 237 -18 187 232 -156 176 166 53 164 -81 -207 -103 136 -219 180 -16 -37 -117 148 92 33 -202 224 -23 126 -22 22 -210 -94 72 -99 216 -227 -115 -134 222 -199 -58 39 -3 -14 246 -167 -61 75 -174 34 -215 -242 -218 -11 -29 -182 48 88 -160 248 29 4 62 -171 80 2 -75 -165 -8 -107 141 178 151 -83 -122 -201 -226 52 -205 -230 -59 -183 96 -145 -138 229 86 -41 203 58 -53 200 -132 101 40 236 59 42 -7 -96 161 112 147 -249 -177 99 113 111 -1 -211 226 -54 -244 -250 -243 207 163 41 201 233 -46 -197 18 -44 31 150 81 241 64 67 77 -10 244 228 223 -57 183 -162 -112 -130 44 -95 90 -178 23 -247 68 21 118 -187 -111 -213 -110 -15 -71 -64 7 -141 -63 132 -231 125 -208 158 218 174 171 -85 165 27 -31 -196 190 -222 -109 -135 104 -168 159 82 -26 45 238 -128 -169 199 114 -56 5 -62 109 -228 -92 69 -209 102 193 71 -76 70 -34 -195 100 15 -151 139 -223 -181 -235 -91 146 -217 192 -131 -220 -154 -200 168 13 219 -123 -139 -236 -144 240 -127 131 85 -126 -6 6 78 108 1 -179 184 -149 91 197 -203 -13 74 97 66 -87 202 -119 120 26 17 -2 144 -164 -69 220 
TEST 66 ARG:186 154 177 -71 14 93 13 184 -220 136 229 99 -69 -189 239 -39 152 201 -136 -106 244 -47 -83 86 114 207 243 -233 193 173 211 -7 189 185 -195 -88 223 3 -119 -56 77 52 -87 2 -238 103 182 -200 -229 -243 6 146 212 -149 -8 -130 230 12 248 111 -207 15 -45 -239 -157 226 10 -193 -175 -21 161 79 -34 198 -169 220 -228 84 -227 -25 238 -70 85 -161 -4 131 105 -209 -185 -211 80 187 -37 -26 -89 242 43 -53 225 168 59 -115 -1 132 72 228 -123 -6 -52 -72 195 -73 95 -79 -155 142 64 -101 1 17 233 -152 191 -218 -84 -187 -95 22 -158 -180 -75 -57 -59 158 9 217 -105 -49 -24 147 -216 75 123 -151 224 -226 -247 -36 -182 57 -102 74 176 -50 -236 -121 165 247 -124 208 -81 0 127 -225 119 54 -150 -166 155 44 -139 4 150 -85 -177 137 -234 -67 -125 -51 -126 -230 157 -223 169 -162 110 -54 213 -213 133 37 -133 -74 -41 188 204 222 -222 112 -114 -80 129 81 -9 145 -104 65 113 -167 126 -66 -16 -111 -183 -17 162 -191 -10 -215 -137 33 67 171 -112 139 -110 -224 -61 76 -242 87 245 -55 143 -134 109 73 -248 -42 -250 -58 -117 -100 51 49 163 160 62 28 -38 117 -29 -197 156 -31 -35 94 -154 138 -203 125 34 -77 -206 102 39 -219 235 128 200 -28 -164 170 -94 -3 -159 8 122 -13 31 167 46 -147 148 70 -118 175 124 -170 -33 214 -2 -208 192 25 -40 -192 178 -190 216 -14 -184 196 -173 -181 179 -148 153 -76 121 26 -217 32 -129 66 -62 -68 100 -146 -99 -82 181 -246 159 -231 -90 -176 120 83 -241 -245 -96 -141 -78 206 -44 107 -19 241 -91 71 249 -171 11 172 63 227 91 104 151 116 -92 50 -11 -214 16 27 -5 29 -60 -23 97 -235 -63 164 -186 -143 -163 205 45 -27 203 210 18 -237 7 24 221 -142 -145 -108 -127 40 69 -196 -198 118 56 199 20 -22 -128 -244 -212 23 197 55 -113 237 89 183 47 240 -43 -103 236 -240 231 -249 82 246 166 53 -32 48 149 58 88 78 -194 -48 -120 -65 -93 -15 21 5 -165 174 -138 -160 -107 -201 -174 -20 90 -204 141 -46 -172 -144 130 -98 -86 232 218 -116 144 -30 -109 19 108 -153 -232 42 215 135 180 209 -18 115 234 -12 92 41 219 -210 -122 38 -179 194 96 -168 60 -64 98 68 30 -156 -199 134 -135 190 -188 106 36 -202 35 -205 61 -131 -178 -140 140 -97 101 -221 202 -132 
TEST 67 ARG:55 142 171 166 -216 64 160 -154 -195 36 -200 90 102 -3 122 -75 106 -104 -10 -24 -181 206 81 95 13 218 232 159 37 -220 -231 177 -221 163 -92 225 -202 9 -139 84 -91 230 -9 -167 134 21 56 140 59 -46 234 40 2 -248 -78 120 144 107 -29 -42 22 231 192 89 -79 -235 73 -51 238 109 17 39 15 58 241 -52 -43 -63 -23 -217 -247 189 8 -179 162 -241 -105 -166 -86 31 -219 29 112 -128 143 -185 -129 54 49 6 -153 -66 35 -184 88 173 -211 229 -198 167 -88 -150 152 -215 -186 -62 146 -225 125 48 -21 -53 51 176 -197 -131 10 -176 -112 46 -174 200 -218 119 26 -119 -163 -115 -144 -189 114 228 222 70 199 220 -152 -141 204 208 16 191 -199 190 -206 -175 34 7 249 85 -229 -143 -138 154 -87 68 -35 -102 -13 -28 124 -96 164 -71 -148 -203 -155 -159 -126 50 18 -95 235 -64 -242 205 -76 -109 65 24 203 248 223 -182 86 138 14 128 185 131 52 139 62 99 -81 217 -233 61 3 -228 100 147 74 127 153 -205 186 63 -33 -65 201 80 23 -117 -57 91 161 -80 133 -164 195 178 -134 71 -145 181 96 -125 155 -55 -149 246 -232 66 38 11 -180 187 -147 111 82 -84 -61 -161 -246 196 -77 227 -32 108 115 -192 -5 211 -58 -1 113 150 184 170 -140 -6 -124 -107 202 -2 -212 87 104 198 0 213 -238 121 103 -187 -101 -50 221 53 175 123 -196 -44 168 -172 -39 226 -90 44 -56 5 -245 130 30 137 -36 -47 116 -48 193 -157 157 -177 -244 -127 -230 -193 -60 83 -16 126 20 77 236 -158 1 -142 -120 188 245 183 -137 -59 -17 132 -7 -210 -170 28 27 -110 -178 215 4 -82 57 -188 -4 -243 -70 -123 -22 -72 151 129 -190 197 -114 47 -209 79 209 -74 101 -89 -26 -213 42 -97 -38 -98 169 -73 -240 242 247 117 -30 -27 94 -122 -160 12 -237 60 -103 -239 240 -83 105 182 180 149 165 93 -204 210 212 -201 78 -69 -121 -165 216 214 -169 -116 -41 -168 -222 -130 -118 -106 -249 76 -19 92 -236 148 98 25 207 179 -18 -162 -214 -113 -133 224 118 -135 -108 194 239 41 67 -54 45 -12 -37 97 -151 -191 -45 -100 -94 -49 69 -146 -11 33 156 -171 -132 141 -224 -194 -111 243 219 -183 32 145 -227 -8 174 -99 172 -14 -223 -25 233 -67 -207 -34 19 244 135 -20 -173 110 -40 75 136 -93 43 -226 -156 -15 -234 72 -208 -31 -136 158 237 -250 -85 -68 
TEST 68 ARG:118 192 -90 226 -5 89 -70 -223 -218 175 -155 -241 83 -16 153 27 -13 -123 -132 57 23 193 73 216 144 -82 -42 -97 -226 76 -117 -134 -156 -86 97 -8 -234 -225 124 236 116 -89 -120 233 1 -240 131 -1 4 174 -127 88 199 -164 30 219 -209 -237 114 244 -10 222 68 -92 122 142 166 -197 -51 -83 137 -194 -124 149 -52 177 -213 -48 179 -249 -94 86 214 148 25 -142 -111 70 -173 -182 232 11 28 69 -113 161 126 -247 43 26 -215 38 40 -238 -2 145 34 -78 -23 2 184 -64 171 235 74 -15 108 -137 -147 -30 -166 -102 152 -106 53 42 176 50 -236 213 205 93 -139 135 -40 -178 -44 -203 -119 132 -239 212 173 -224 -149 36 191 17 230 -180 227 -17 101 7 204 13 44 8 -243 -177 -105 55 245 211 21 127 -41 -104 96 -131 110 67 -114 107 -163 -175 143 -81 111 6 -75 -221 224 -80 90 -85 -59 85 -181 -231 -76 -184 -189 16 206 125 -199 246 155 113 -65 198 -33 -244 112 62 -130 -77 -26 20 -74 121 -39 -32 164 -87 -35 -126 -205 -20 -219 99 84 119 238 194 87 -53 12 14 3 247 -91 -148 0 -227 150 -110 141 168 -167 -186 129 -101 -98 -56 -190 -228 -138 -99 72 94 -136 -125 -168 190 139 104 -165 123 -141 -216 49 41 56 187 31 -28 18 -229 -112 178 63 -207 100 -202 228 54 146 -246 -118 -248 158 -62 80 240 -95 239 -242 -109 115 195 -191 -71 -169 -211 109 -36 -144 -116 160 47 61 65 -143 157 207 248 79 -88 165 234 -152 -198 -210 -235 -230 -58 -176 -172 215 45 -135 140 217 163 -174 117 -200 185 -140 -14 -73 -206 -220 -129 -208 -160 170 -38 218 22 -49 182 -47 -84 5 -4 208 10 -96 98 -6 51 -170 -122 -79 181 130 -145 64 -187 -179 138 24 229 -232 -217 159 249 78 -108 -103 92 196 -27 -195 -192 32 -46 -3 33 -154 200 -245 -250 154 103 60 -55 -162 -171 202 -25 162 -93 66 -193 231 -12 95 19 -214 102 -37 75 -150 -69 -11 209 -60 -67 189 242 -146 58 -158 82 -63 -21 -183 -128 59 -212 -54 -24 -185 180 -57 -9 169 9 -45 243 -151 29 -233 210 133 37 134 -121 167 81 -153 197 -18 46 -115 -107 -188 -204 220 120 15 -72 -34 241 201 151 -66 -61 -157 -222 35 52 -31 223 221 128 136 -133 -19 -7 71 172 -100 183 91 156 -22 186 -161 -43 -50 203 -196 -68 39 77 -201 48 -159 -29 237 147 106 188 105 225 
TEST 69 ARG:204 -151 25 139 -244 172 -137 -182 195 87 -82 102 -238 129 232 154 142 152 97 214 -167 -173 -43 -53 246 -69 -250 223 31 21 -131 153 -22 186 207 -228 35 -54 103 -205 227 82 184 128 -234 117 120 -149 3 182 174 67 -14 161 170 -4 22 201 -46 98 4 -135 72 -12 157 144 40 -188 -141 62 -227 28 60 -190 -103 220 -184 -246 14 -59 143 94 -183 -30 59 -219 -240 -145 -67 -134 229 56 160 136 203 121 -122 101 -248 -203 -171 -97 124 -1 192 5 -210 236 -28 148 -212 -196 -163 7 -78 -127 210 8 248 187 -168 218 -123 -2 108 61 29 -21 -63 92 202 65 -155 109 -191 230 38 189 -27 -147 -140 -98 240 146 -213 -229 249 -232 213 -15 -64 188 -58 -36 -76 -86 -106 176 119 -19 51 190 125 -130 -247 -65 212 224 167 -185 -154 18 -201 151 -50 -241 -120 130 79 135 -150 70 -139 -181 -108 -72 16 -194 -9 -230 -128 73 113 -33 -242 185 -197 -26 222 -45 -44 115 -175 221 165 -11 -121 -79 235 42 9 -220 206 -166 180 196 99 -41 -231 -162 93 66 86 -70 -90 -55 -56 -66 247 78 44 -125 -207 -177 -83 -142 -57 137 216 200 -8 106 50 169 245 215 -249 -105 39 198 76 -24 150 32 57 -20 -114 -89 243 156 -157 225 -85 116 228 -6 15 -243 54 -68 71 219 -152 -215 -25 -235 -156 -179 55 -233 171 -109 158 -96 105 89 -117 -112 163 -80 83 -31 -133 -111 -10 -138 -93 77 164 49 -165 183 181 -169 -104 -223 -126 123 147 177 -101 -218 -60 -236 -174 110 138 -161 33 -239 -222 -204 91 131 -237 209 -13 -189 20 -186 -245 217 -214 -195 26 -91 -193 238 -110 -153 1 -7 -211 -217 -23 237 -136 208 -221 133 -74 10 -132 -18 199 -202 -206 -159 122 43 107 -216 -52 48 -115 231 41 -87 27 166 -88 69 52 -5 -102 -178 -180 53 -192 -164 244 111 19 179 -81 30 140 -176 -116 -100 -39 -51 95 -94 127 193 -170 -42 104 -113 -32 24 -49 -3 173 -160 155 -37 -47 13 197 17 -146 85 168 -148 46 205 45 -225 6 23 -119 -208 34 -16 -40 84 -75 -48 -158 -29 -209 -35 226 159 75 12 -38 47 178 -107 -144 -17 74 -124 -198 -199 149 -187 11 -200 -71 211 36 118 -92 132 80 141 233 194 191 -99 58 145 175 96 -118 88 2 -143 134 -62 -224 126 -77 112 -34 -226 63 241 81 0 90 234 242 114 -73 100 162 -61 -95 -129 64 37 68 -84 239 -172 
TEST 70 ARG:-189 22 -180 -205 -51 224 -162 -151 -89 16 -143 82 102 210 132 236 169 -108 146 -34 12 46 161 -232 196 -219 69 222 -8 -116 159 -109 98 -42 -71 -129 193 -244 75 -137 -9 194 -136 -91 -61 53 -105 198 -246 -170 -218 -236 36 70 40 -94 23 -248 -118 -222 0 -11 150 176 25 128 84 101 123 216 -194 68 208 114 -73 -197 -54 243 -32 -173 -188 39 -138 -52 -65 192 -211 -115 214 179 -177 96 -128 162 134 58 -86 -150 170 74 105 188 27 62 -196 131 -147 -209 -74 71 -79 -167 -120 199 -1 -50 174 49 89 126 213 138 -4 -238 -3 64 -2 121 142 -247 -149 -84 -212 -184 -127 -228 231 115 -45 -66 -121 240 -145 -48 189 248 81 -175 106 100 223 33 -176 181 -106 245 109 -144 -55 -242 -37 238 157 -190 -148 153 -80 5 168 -142 -230 45 -181 110 -33 -76 -16 -14 79 -216 -110 -130 20 10 -135 83 55 135 152 42 -68 226 -213 -25 -231 129 217 172 247 24 -227 72 -157 -182 -100 -165 -95 -200 -146 -217 -114 97 218 -207 8 -90 186 60 -36 -158 -64 93 113 -174 -250 117 -63 -235 200 -233 -12 207 -60 -23 242 -88 232 -102 -10 87 48 -104 225 127 -245 -152 9 -78 66 38 125 147 -41 -103 67 -193 239 51 -220 -229 34 -59 156 -117 137 54 -132 59 167 136 133 233 17 130 -43 151 -166 -204 -81 244 -7 -69 219 -122 203 158 171 52 21 -15 35 -107 -82 180 163 202 -62 -178 -140 -199 -131 56 92 -92 -96 15 166 191 4 183 -226 19 118 246 234 148 249 99 173 -24 -141 204 -223 190 -206 -203 160 230 -243 144 63 -123 31 -49 104 91 -53 -6 195 3 61 6 149 -210 107 -239 80 -171 -46 184 -164 -17 85 -198 164 26 -26 -28 -234 -27 -97 155 -133 241 237 32 -153 -18 197 187 -169 124 211 178 201 65 108 -77 209 -240 88 206 -40 -179 205 -208 -119 18 -22 122 -161 -98 -221 -249 -112 -225 -185 -156 2 -19 -83 -215 -75 -38 -87 -241 -224 -58 -44 -125 140 154 -29 116 -39 50 -187 141 30 -186 -183 57 119 13 145 -30 -113 -214 215 227 177 47 -111 77 111 221 -139 -159 -13 228 112 143 -67 -126 120 175 -172 -20 -5 95 -21 -195 -134 11 220 -160 103 185 29 76 212 90 -72 -57 14 -155 41 -99 -202 37 -192 86 -154 -35 1 -124 -201 -85 -47 -70 78 7 -163 -56 -101 -31 235 44 73 182 -191 -237 -168 43 165 94 229 28 139 -93 
TEST 71 ARG:225 122 -218 -17 -50 196 176 -121 -93 -195 -179 29 67 -102 223 -49 -133 241 113 79 129 -63 249 204 -149 -167 107 161 114 -239 -61 226 68 -215 -236 9 -207 -95 234 -101 124 -87 38 106 22 -28 169 -212 242 -180 220 -202 -12 44 19 -181 -117 -114 -37 203 -1 243 -109 118 221 -35 -119 153 175 -216 -244 -110 11 -175 41 63 80 246 229 46 -172 -7 -126 144 -62 85 -170 -158 -178 -127 -25 -188 -22 -142 -243 145 -222 -85 237 -140 162 -103 -33 -209 -23 -214 -247 154 -189 174 128 244 -14 -86 6 208 -153 -197 -65 101 109 -76 34 160 146 -78 0 -107 -160 183 42 193 73 -136 74 -54 62 -168 199 -124 -205 -227 64 -3 -193 -81 7 81 -148 132 -139 211 51 -75 235 -16 87 141 171 180 178 -82 45 -192 134 89 -120 202 115 -69 72 -228 2 216 228 92 149 -45 26 -128 83 16 54 -217 -249 75 185 -138 173 28 -18 240 -88 -196 187 -104 -229 -59 156 50 -246 191 -146 148 217 -194 -71 -248 206 -224 -145 116 158 103 -64 248 -174 -155 -199 -157 70 -57 197 -100 164 212 100 -74 -79 -83 -165 -112 -231 -108 -41 -122 163 -70 13 91 -92 -26 -182 -113 -235 -34 179 214 65 105 -46 -5 166 172 61 231 -237 -204 25 -105 168 53 32 -13 -55 -98 -94 -89 -156 -29 247 -223 151 58 -221 36 -220 -154 35 152 -11 -38 -137 157 -151 -152 227 12 43 232 120 -225 -6 24 -183 -177 -186 23 20 18 -232 -203 47 195 -116 3 84 130 182 189 -147 -2 209 10 -184 213 -241 155 -143 -164 82 -72 -150 142 -77 -115 31 110 138 -226 -9 210 -19 201 -27 200 165 139 -10 -52 -208 245 -200 96 131 -84 167 -21 -219 -198 -238 -68 -118 39 -135 -36 133 188 55 33 14 78 -97 27 -130 230 56 150 224 52 -245 15 59 -30 1 102 86 125 192 143 181 -96 -91 -73 104 -4 99 -233 -8 -90 -123 -125 -51 238 -242 215 -66 -44 90 49 -132 -20 194 60 -166 -169 218 -111 -141 170 57 -144 184 98 -201 -47 -42 -211 -106 37 17 21 -131 48 66 -234 5 -48 -31 -213 119 71 207 40 108 -162 -67 111 -39 77 137 186 -161 123 219 205 198 -24 177 97 76 117 -210 88 -185 135 121 140 -58 -40 -159 -191 -134 -240 -187 -250 -173 -206 94 8 127 -163 233 -80 159 222 190 112 -230 126 -129 -176 -171 -32 239 30 136 236 -43 147 -53 -15 -190 4 -56 69 93 -60 -99 95 
TEST 72 ARG:-213 87 -223 -93 66 -184 -61 -118 -49 94 -214 -131 106 5 55 135 123 -41 -18 45 -150 -34 -102 152 -193 -72 136 -25 -115 -210 180 -71 -137 90 -28 201 231 207 69 -183 225 -164 15 133 51 -239 244 229 -159 -233 226 163 179 101 -113 0 147 215 -55 148 220 116 -228 -128 4 -224 -179 -39 -192 68 128 238 -160 99 82 12 -12 -129 -132 43 24 191 -42 41 -117 86 -241 -216 -209 -161 -138 63 70 173 -121 -78 111 183 84 18 -206 -146 227 -86 208 37 81 189 175 -95 -67 -100 -64 -119 -225 -15 -249 -24 217 146 -116 -178 50 31 198 143 129 -7 -190 200 -87 44 -154 -56 137 -208 -245 -75 176 -123 61 100 142 154 95 -191 -33 113 -171 -105 -16 97 149 119 -218 -63 -6 248 -66 159 -103 188 181 -36 239 187 80 -110 -197 -163 -69 205 -79 169 -76 190 114 197 -135 -92 10 -246 33 -125 145 -247 240 206 -133 -242 -227 48 -151 -65 218 -21 -13 158 91 -248 -168 -156 7 -188 -173 13 203 228 130 127 -165 -243 -162 96 108 -211 -201 194 195 126 78 57 56 -207 -101 75 -98 -236 -29 -136 26 107 221 -77 140 249 -91 -142 -202 246 161 -166 25 193 243 -53 -215 -155 -2 120 -231 245 151 -58 -4 -237 236 -30 -144 164 -232 -108 160 74 -205 -194 -46 -244 131 22 -9 162 -185 213 165 141 -109 134 -174 153 -10 168 -139 196 -127 -52 -83 88 -48 -40 -219 72 -122 157 241 -90 64 77 -45 -204 -152 -89 247 27 39 -37 -217 35 -153 110 60 224 -172 105 210 109 -50 54 -120 -240 -141 -198 49 53 -230 -196 -31 -157 20 -195 170 32 185 122 16 52 216 -182 -124 -59 -134 -3 -114 47 -5 85 -112 230 29 -111 -32 -14 -82 40 -54 202 144 121 -96 76 178 -27 -104 2 -23 17 103 -51 -189 -250 132 92 -19 23 -199 -177 235 -226 -222 -106 -8 -220 177 117 -149 138 73 -68 102 104 172 79 62 118 182 46 -235 42 214 -60 199 67 219 -80 -1 -229 59 -11 -97 -73 -88 166 -234 -221 11 93 234 -84 -147 -143 1 89 167 124 209 -148 112 115 -238 -22 -175 71 -81 125 -35 -145 65 8 184 -158 -17 -62 -26 38 -38 -85 -57 186 -169 58 83 9 -99 28 -212 -126 222 171 139 -170 98 232 -70 -200 155 -43 -187 204 237 233 36 242 -44 19 -130 -47 -203 -74 -186 212 -181 -167 -180 -140 14 -107 34 211 -20 223 30 156 150 21 192 -94 174 -176 6 3 
TEST 73 ARG:-21 -109 159 139 -87 -43 -211 85 245 -187 221 -3 -37 183 213 -245 -18 -213 220 21 -13 -102 -28 201 -212 217 -88 -215 177 77 153 -191 102 -162 244 28 -207 -178 -20 -204 56 -230 96 -134 57 -181 -223 58 180 9 235 -194 -46 -126 -116 26 -174 160 -30 164 111 -143 -200 -175 92 -165 167 112 189 -4 198 -72 35 -24 148 -118 27 -27 129 73 7 -185 52 124 78 154 109 206 -130 239 37 40 -47 179 -138 -154 39 -85 -132 -224 211 -70 -8 72 123 -159 -151 -97 -240 29 20 202 197 -108 -221 2 186 182 188 -86 60 91 -205 -218 -170 -203 59 -41 -142 -117 151 234 95 249 194 -29 -59 -64 -195 63 203 -210 -95 -168 -145 175 30 -127 22 242 -156 136 41 -22 -40 -120 191 -157 -60 -106 -58 0 -56 -25 -216 -149 71 -98 -19 -80 157 -74 -249 155 228 -68 -247 50 -189 84 -188 -65 -139 23 168 -77 143 8 248 210 158 81 131 83 243 107 -122 70 226 51 3 -82 13 -161 94 -193 -10 -38 156 142 101 127 -167 36 223 86 -177 122 -35 -45 -198 25 -48 -228 -62 216 176 61 -31 -173 -119 -66 -202 -239 -172 -96 6 116 232 62 -84 -75 240 -225 75 -123 -227 43 -248 -94 -236 -186 119 100 33 -182 247 -217 -76 150 115 44 1 18 178 12 169 -140 -192 141 -49 224 -171 -71 -100 171 208 229 -222 162 -190 32 181 -135 230 -54 163 64 -129 -14 90 105 -166 -111 -163 -206 138 225 -179 196 207 -241 -242 -238 152 4 185 233 99 215 66 45 -197 147 87 -83 199 166 -183 -164 -184 218 5 133 -176 -73 76 -148 -89 -61 17 195 74 24 -79 48 -150 193 -99 130 -169 38 118 128 98 88 246 55 -114 -42 -107 -220 -92 137 103 -226 -244 53 -105 219 15 -9 108 79 -39 104 -243 -55 69 -209 146 42 -78 144 231 -26 -51 -144 -232 117 200 93 125 -214 -128 -219 82 187 -2 97 -231 -152 174 -23 173 190 -5 205 -208 236 14 165 140 227 -33 -199 209 -44 49 65 34 46 161 -103 -53 67 -234 16 -91 -147 19 -32 -1 -69 237 120 214 -101 -50 241 10 132 212 -131 -233 145 -12 -112 110 -141 -34 -104 -196 -125 135 -160 -246 54 -137 -67 -229 134 -90 -57 -250 80 238 113 -36 -155 -124 192 184 -17 -121 114 -113 -115 -235 -81 31 -16 -11 170 172 121 -7 -52 89 204 47 -158 222 149 11 -63 106 -237 -15 -180 -201 68 -133 -6 -153 -110 -136 -93 -146 126 
TEST 74 ARG:97 -47 210 -39 61 117 189 -94 144 -245 139 -65 13 55 -232 42 223 155 -162 197 136 -136 -42 75 88 228 209 -170 -221 195 -197 -182 -101 171 -148 -78 120 -185 142 176 -83 -96 -165 -95 182 200 15 -220 52 -84 -161 244 22 94 39 131 127 230 104 44 18 134 194 213 -133 1 -128 -57 -119 151 111 96 50 -150 -82 180 -225 222 -126 -11 -218 82 -134 -175 -31 108 20 233 -60 27 -79 -53 -71 -238 -64 167 133 25 231 -55 -106 66 47 -28 -137 29 -249 40 208 124 185 59 -14 58 -98 159 -135 57 17 -58 164 -73 214 87 146 -229 28 -163 -92 -234 -50 -215 -183 9 190 207 85 138 37 -177 49 100 54 206 -48 92 89 110 229 -198 -52 -145 -70 238 -109 -230 -1 -43 93 163 -40 -240 46 -16 -190 33 -49 -68 174 147 168 106 99 -169 -174 248 26 -103 196 -204 21 -45 -157 173 105 90 225 241 153 73 -216 101 -176 -228 -171 212 -201 232 154 -34 32 -15 236 -227 191 -19 -189 188 -144 60 63 -22 91 -203 -122 129 -179 81 -74 -208 -7 -181 11 -110 -29 243 162 -152 246 45 -195 -88 123 95 69 -13 202 7 -224 -186 -243 158 -233 -196 77 203 245 51 192 -153 -237 -6 -250 -213 217 -200 218 -112 177 125 -140 -87 -164 186 193 116 242 -33 103 -223 -114 227 -156 -12 169 178 -131 -211 181 -100 -97 122 48 -206 -155 41 -242 126 68 -166 -2 -66 -76 -115 36 -23 -121 5 -44 -139 172 98 -61 -178 -35 -219 19 -36 56 -107 -67 -138 -93 -3 226 -30 137 70 -123 -63 -120 -26 216 -241 221 -132 115 -32 -108 -125 224 -199 -72 -173 -146 -4 3 65 128 8 38 107 67 161 84 -38 102 184 -142 -193 156 -111 -20 2 64 201 204 6 -151 -147 -159 -85 24 130 -207 -180 -69 132 -41 -209 -244 -130 235 160 219 -113 141 109 -5 -236 152 -191 240 -25 30 114 -91 76 150 -184 112 -75 -124 -160 157 -217 -89 175 -86 16 -118 -226 -187 215 113 220 -9 -24 118 -188 -246 -235 -117 -247 -248 -205 0 199 -18 135 -158 170 119 -168 71 -231 14 -102 -105 -99 183 -80 -129 -59 35 -210 -17 149 53 34 62 -192 143 187 198 -37 -116 237 -62 -51 79 -8 140 -27 -143 205 23 -194 148 -202 -10 80 179 -214 -54 -127 -141 234 249 -90 -77 -212 165 74 83 -81 -56 121 -46 43 72 -21 10 4 145 -222 -154 247 31 -149 86 -104 12 -239 -167 78 211 -172 166 239 
TEST 75 ARG:-135 127 -68 202 22 -65 -237 -91 110 -125 -79 234 -156 -44 -111 -212 -63 -1 181 -87 131 67 -13 61 137 -169 243 165 105 -117 -182 -89 40 14 217 142 -90 -208 -104 199 144 8 94 -36 -149 -95 101 247 -20 -9 213 2 -29 69 219 -167 -38 -27 -206 -23 9 -153 109 167 191 149 172 36 -98 -55 66 -101 59 152 -249 233 -150 76 -40 -17 -130 -183 -207 249 -127 -45 -30 -42 124 -223 -49 -161 52 225 -236 115 -84 -228 21 -14 -211 -56 -32 230 188 -74 129 -69 178 -6 -123 47 122 16 164 -142 102 111 35 -192 28 89 -67 112 -233 10 43 245 11 -231 18 116 73 221 216 235 30 -11 -220 -121 150 90 -170 -134 126 -22 -61 -77 -37 97 -250 244 -137 108 -112 222 -24 237 -230 17 -46 -97 -99 -191 -88 157 85 130 5 -53 -92 -28 239 -116 218 -168 183 145 -54 -199 27 154 -132 29 65 166 -19 3 169 -235 -165 -47 120 -35 -179 -128 -188 -147 136 -129 193 133 13 -240 -94 -241 151 155 -224 54 -119 26 139 194 -190 106 -245 -78 -58 104 62 119 125 7 229 -210 206 214 -122 241 23 -238 220 6 -7 -113 -26 -146 -186 68 -107 134 212 79 159 -60 53 -201 223 55 -141 -114 -247 -118 -138 -110 -144 -174 -215 107 15 185 -103 -193 -155 0 140 -8 -41 75 226 -157 -43 -85 50 -248 4 60 -133 103 180 177 12 34 156 170 147 -76 64 176 -196 -80 33 41 -200 162 -3 -102 -203 -33 -180 -100 114 -184 93 204 -106 182 48 82 236 161 24 -221 25 -185 -189 -86 45 160 -72 231 -4 -143 -218 -213 81 78 37 -246 98 -234 135 158 42 -96 205 46 -108 211 -131 210 96 148 -187 -197 -57 179 -242 195 143 146 200 -202 -216 232 -171 -73 71 -164 70 174 -178 39 -177 209 -166 -109 118 -158 -126 31 208 197 77 -154 189 -82 163 -219 184 38 91 74 132 -227 198 192 -217 -239 72 83 -18 19 -173 -194 -175 -229 -205 -214 -151 -75 -31 -62 84 238 227 58 100 -243 171 -160 -152 -15 -209 -232 -81 88 63 187 207 99 186 141 228 168 -195 44 -25 -139 -70 95 242 -159 -64 224 -204 -244 -140 -83 240 -163 -66 32 -48 -176 -120 128 -5 -225 49 215 -59 248 -2 80 -52 87 123 -12 201 -105 92 -39 -16 196 138 -148 -51 -226 -71 -93 20 121 153 113 117 203 -34 190 -181 1 56 175 86 246 -198 51 -222 -124 -10 -162 -50 173 -21 -136 -172 57 -115 -145 
TEST 76 ARG:20 -95 4 -71 -190 -156 -18 150 138 157 69 246 -66 -178 -3 153 -242 216 22 229 143 -229 -221 227 44 -108 -75 78 136 -155 5 177 -6 -144 -15 -167 -131 241 194 189 108 47 -164 90 -232 224 -72 -196 -149 211 178 -158 6 31 121 54 148 18 242 -180 30 218 192 -175 -208 -126 -14 244 59 -192 245 72 -217 173 -195 -138 76 -239 -159 220 -67 -140 166 -11 46 87 248 -88 29 -12 168 -93 24 -236 -70 140 28 -240 235 182 15 -237 128 215 103 -206 -47 -82 203 -24 -106 -103 -168 -170 199 -213 -169 56 230 -235 79 214 -115 93 43 231 -62 134 -1 -46 -58 -176 186 51 155 8 -43 175 -102 113 -201 -163 -129 2 240 228 -76 -107 -139 -54 -40 7 100 -31 -61 27 111 154 174 170 -172 -29 99 -30 201 -247 -135 165 19 -55 210 89 -32 156 74 -121 130 247 68 197 -231 -38 16 -60 213 225 48 -136 39 -9 86 -94 9 -245 181 65 17 1 -19 -23 -134 62 -212 91 -123 -157 -215 222 21 196 49 -111 139 -101 180 -249 -104 -184 -162 -7 -128 239 -209 -84 198 204 -230 36 -188 37 -198 105 132 184 159 158 -146 85 73 12 -109 -79 188 226 -187 0 -83 232 -116 -228 163 -16 -205 -179 55 -183 -152 50 -226 -20 67 129 -238 -193 -56 -234 183 -100 152 82 -10 45 77 -63 -110 -8 -241 13 141 208 -233 40 209 64 -85 10 26 124 118 33 -125 200 -225 94 187 -114 95 127 236 -165 -186 106 135 -5 -51 114 -141 98 -161 -185 193 -132 185 -153 -218 -39 144 -147 75 -45 -119 -130 -21 -207 -91 249 176 -171 -122 234 84 -96 -86 137 57 116 -154 119 206 191 126 151 -246 97 -174 -216 -52 -99 167 221 101 88 -2 145 107 -222 -105 -166 -117 109 41 -13 202 83 -250 66 223 -34 -248 -197 -223 190 35 -77 123 -37 149 42 96 -219 71 -127 -59 -173 -98 -182 104 11 -203 142 -87 -50 3 164 -113 212 -27 -73 -26 -120 122 217 -150 14 -189 237 195 -181 238 147 -57 117 -44 81 -69 -64 -142 -80 -243 -33 23 -194 -92 -17 -124 162 -42 58 110 207 63 34 -74 60 233 -118 -53 -160 -214 -81 -49 70 -133 -68 38 115 160 92 -224 -97 -199 -41 -112 80 120 -28 -78 -35 133 112 -137 -202 243 -200 219 52 146 171 169 -211 25 161 -22 -177 -148 -210 205 -48 32 -220 -65 -36 -90 -143 131 172 -244 -151 -145 61 -204 53 125 -191 -89 102 179 -25 -227 -4 
TEST 77 ARG:-74 12 233 156 -88 197 9 78 -23 17 175 71 -128 0 -7 130 14 185 200 133 98 163 -232 -195 41 230 -205 93 -42 209 243 -138 -235 181 90 -27 -180 198 58 -177 -110 121 -56 103 75 -125 -159 -183 -38 238 109 139 -112 108 57 -215 187 -189 37 -179 192 239 -170 -187 191 174 83 77 44 -234 88 140 -3 -250 -241 -96 18 158 -219 241 -186 -86 -40 54 -116 -98 -236 62 94 70 -145 26 215 -81 69 -229 227 171 -184 -196 142 -126 63 -46 245 4 -162 145 -122 -51 7 85 -11 -87 47 193 -194 -140 -109 136 127 29 -6 -129 -240 -108 -141 11 135 -210 -224 196 217 27 -8 182 65 242 86 -78 89 -149 -221 21 128 -163 235 72 -77 150 -105 111 -171 -211 237 -214 170 167 247 123 -176 -167 240 107 -84 59 131 -2 -20 -50 190 -65 -31 -10 100 -29 -248 -228 141 -93 13 122 -12 234 -36 118 -227 60 -242 61 236 228 180 -17 -30 -71 52 120 194 48 -63 144 -207 35 64 183 -14 -76 -245 -153 -185 -16 195 96 110 81 166 39 49 -188 -47 -61 -18 165 66 31 -82 55 -147 146 87 -136 201 -34 112 -53 -35 106 -21 -62 214 179 -60 -104 50 -120 73 119 -133 105 -225 -190 -58 -132 -216 -117 152 82 -102 102 -244 232 -19 222 -66 225 -4 -143 137 125 -169 224 101 -209 -15 8 -70 157 -199 177 76 -64 184 126 -80 -160 -247 -73 80 221 -28 -230 45 34 -24 249 -249 -146 25 244 -246 -218 67 -238 -9 -113 -5 -94 168 20 -33 160 -233 226 -49 -158 19 -115 -192 -217 208 148 6 206 68 -100 53 -173 -156 188 117 -157 -92 162 -142 199 143 -54 -135 -226 84 -52 -57 -127 -44 33 -237 -182 -161 -114 -201 218 -26 -97 -39 -150 113 -85 223 42 248 -152 30 124 211 -121 219 -175 38 -164 -208 149 -168 216 -22 -220 -99 -95 138 -25 -198 2 3 155 -203 169 -90 203 79 -139 -204 23 -32 -172 -200 207 -197 -206 -155 -69 -178 95 134 -13 92 -222 1 24 32 173 205 -148 -118 -37 74 213 -1 153 5 186 -107 132 -137 -243 -79 -106 -72 -43 116 15 51 -231 -48 129 -45 -67 159 -151 220 -202 176 -41 246 -75 -89 -134 -166 91 210 22 10 202 204 -83 -124 46 189 36 97 151 -193 -131 229 -111 -103 161 56 -101 -130 212 -154 99 16 231 172 115 -144 -123 -119 -212 -165 154 28 -91 104 40 114 164 -191 -181 -239 -174 -55 147 43 -68 178 -223 -213 -59 
TEST 78 ARG:230 95 178 -74 -70 44 -38 -225 -75 211 -200 153 -186 -151 246 75 173 -10 -128 110 -155 208 12 -23 61 102 -156 -101 29 33 86 99 51 -71 -122 9 218 236 -26 22 -204 -103 -134 125 -81 -217 -59 -244 -100 112 -19 184 67 58 -190 -159 114 -228 -9 -219 -247 -60 11 -33 122 -116 -124 237 20 146 176 -249 -61 100 -5 -6 -170 52 72 231 205 135 -29 132 35 -129 -191 83 120 -152 -102 203 -37 174 -112 238 -162 -20 103 169 24 -35 -80 81 247 -107 -125 154 70 188 162 170 -4 21 -106 90 -15 -168 -246 -41 149 -48 131 -77 -144 -96 -13 -243 41 -248 -86 -141 194 148 57 223 -47 206 245 137 -213 36 185 -198 183 77 18 -57 -85 -87 -238 186 -42 -184 119 -65 56 163 235 -24 -226 248 -64 66 220 111 5 98 106 14 158 59 145 -7 -234 60 -169 -220 117 -97 191 -158 -176 217 134 -123 -196 65 -218 210 -8 175 172 85 234 -164 139 48 133 -135 109 -58 155 -195 177 -181 193 -194 -132 -183 105 167 -193 -52 -236 19 68 50 195 25 233 -167 0 141 -92 199 228 88 204 -69 71 -88 115 244 -3 89 -109 212 -36 -121 -140 -177 -188 -44 -117 239 -40 -89 136 -94 23 168 30 -18 123 -98 -133 179 -153 209 -39 -222 -11 63 -166 198 4 -241 -160 124 -82 34 166 108 -142 -127 201 182 64 55 84 -62 -172 49 -118 -150 229 16 10 -149 26 225 140 -22 38 76 -68 216 -240 143 -182 189 -136 97 93 -46 -227 -1 -197 -224 161 -73 62 -175 197 3 53 -27 -126 -114 -210 54 213 202 219 -154 138 156 192 6 -110 -192 -119 187 -14 -231 -203 240 -137 46 -232 -31 15 -93 -146 -66 -215 -16 -34 -178 40 -17 87 -78 249 74 -25 -84 227 -171 214 226 -205 152 222 -202 -147 45 241 -131 37 151 17 78 -130 -95 -211 224 -173 2 221 -239 13 -242 -45 -83 157 -223 -50 69 -56 160 165 -165 -245 39 180 -67 207 127 -212 -55 -179 32 -99 -105 94 -90 243 107 242 -120 -139 42 -199 -49 113 130 92 -237 -43 -54 82 31 73 -143 101 128 159 -51 91 147 27 -180 -148 -28 -72 -163 43 -185 -221 -108 -207 -145 144 47 116 190 118 -32 -157 -161 150 196 -229 -233 -201 -250 104 -189 1 171 -174 -235 -91 -208 -53 -76 200 -216 -21 -230 215 7 126 -214 79 -30 80 129 -206 -187 164 -2 -138 -209 -79 -111 121 -115 28 -104 181 96 232 -12 -63 142 8 -113 
TEST 79 ARG:150 168 -11 141 171 -62 163 182 39 -164 -49 -46 223 30 -81 161 199 56 -60 78 -221 -56 -75 -4 -37 -202 -210 103 -19 208 -163 186 75 -250 14 -196 -172 -215 -72 -16 42 212 124 -217 -83 -119 -40 95 22 36 91 -238 102 189 -78 -25 -194 80 110 -24 -28 -212 11 -12 -233 49 -105 148 -224 -58 -106 -226 61 50 197 -205 -42 185 -198 18 94 28 -117 206 -76 -161 3 -44 -187 134 85 183 25 130 243 -6 10 144 -167 84 51 -244 -162 96 196 -91 23 -13 221 233 -178 -132 -214 38 60 -124 40 184 226 213 -55 123 76 -2 -103 -243 -197 -245 246 -74 57 -209 153 -85 -200 -47 -84 -50 44 129 237 -143 -173 187 -14 -248 -183 -88 -133 -192 231 -146 142 15 -235 65 53 -213 -176 177 -15 5 216 222 101 32 63 -34 -64 147 192 -118 -67 172 -227 -120 211 -177 188 1 -195 -70 -101 136 -30 210 133 -52 204 119 -236 -211 -122 -63 125 73 -109 -147 62 194 137 0 -96 -154 -26 240 27 -189 -168 -234 -239 219 105 239 -95 215 -242 -110 -225 -5 -77 164 79 -228 236 -125 34 235 195 -108 167 -149 -137 -156 -114 145 -144 115 -32 200 -241 -138 225 67 -115 -127 -57 248 -99 193 35 245 -121 100 16 -249 169 -188 72 179 -123 209 -35 58 -69 -21 218 -126 224 149 -27 66 59 152 97 165 -90 170 -182 107 -247 -223 -92 217 -18 162 203 157 -100 -185 26 -201 -97 -136 81 70 143 -89 46 -10 45 -169 -222 7 37 214 176 238 -112 202 87 12 -20 2 126 -45 -53 -153 -7 -68 -181 83 -65 -134 21 6 -82 -232 175 -190 -175 -148 19 -17 -48 -219 -170 -159 -54 88 -130 90 31 -73 111 181 151 -38 -216 127 190 180 112 29 -41 139 131 155 -104 -207 -141 -80 109 -165 -98 68 220 114 173 249 -150 -29 -230 -39 -204 43 -231 -229 -218 244 121 -171 -1 55 -160 -135 -31 -66 -3 -23 54 17 132 -208 158 229 52 178 108 86 93 -61 20 -113 -158 -102 64 13 -179 118 -128 -184 -240 -142 106 92 -9 -107 113 -191 247 138 47 205 33 -86 48 41 77 98 -116 -71 159 227 -22 191 201 230 117 242 -94 128 74 -33 -152 135 -206 -193 69 -166 140 146 -131 207 104 -237 8 -180 -140 4 120 -36 82 -129 -246 -111 9 99 122 154 -155 -220 89 -8 -59 -199 -79 198 -43 160 -139 116 -51 228 71 156 -174 -203 -145 166 174 232 241 -151 24 -93 -186 -157 234 -87 
TEST 80 ARG:-146 68 207 174 81 50 147 28 -33 140 25 149 12 129 16 210 125 71 -165 -87 187 -122 -80 107 -75 51 115 -6 -164 56 -54 -72 179 93 131 92 -189 -118 -199 -250 151 -157 -227 7 136 -134 -154 -178 -65 193 203 34 -219 -17 123 -29 60 40 118 -43 -135 -248 -136 -3 121 109 -71 130 -208 -59 -131 194 214 15 8 241 -111 30 -171 -115 111 -100 -104 -114 133 227 -42 -79 148 205 -195 -166 168 83 -19 236 -213 -110 155 61 47 -22 183 -152 178 112 53 -158 -113 -141 126 146 181 3 171 -245 238 -137 184 -60 206 246 69 -18 167 122 46 96 144 58 226 36 -36 -232 -203 -77 -55 105 -190 -217 -73 137 -82 192 159 -39 -159 -44 20 -184 -13 -212 -140 4 -116 185 21 138 -221 -142 -95 224 235 106 170 -26 -24 176 -169 -123 233 -92 85 -48 -179 165 124 80 -168 -200 200 -176 -50 217 232 66 -170 64 -231 237 134 152 -191 -167 -155 -108 -128 -83 -185 156 239 169 243 -57 -150 204 -93 223 57 -35 -10 225 208 199 -228 222 17 -127 -101 132 -37 -34 -63 216 35 -58 78 -40 180 211 220 -45 154 55 -214 95 -180 -129 94 175 -53 98 188 -160 128 73 84 182 -238 102 -193 76 -16 218 -78 -138 -186 -188 -67 -207 -220 -226 198 202 189 -119 -224 -105 -240 -102 -215 161 75 31 -202 62 18 -91 1 48 113 19 -236 -244 -106 -237 -196 -175 -20 -144 -62 -156 38 -70 177 70 -7 44 166 -241 49 191 -222 -173 37 215 29 -85 -172 -242 186 -130 5 9 65 248 -8 -98 172 23 -182 -112 89 -47 103 -249 221 74 41 -117 127 229 -194 -97 77 157 39 150 -23 -161 245 -84 -181 26 135 -11 -14 -52 -177 86 -235 104 -209 141 160 201 234 249 -88 -89 -206 14 -223 -162 22 247 164 -187 -174 230 108 -12 -132 -1 32 -120 63 43 -51 196 -38 -230 -107 -28 209 2 59 6 -121 -210 52 173 -46 119 142 -27 -76 99 -5 -201 -243 -103 97 -183 72 -234 11 162 110 -9 120 -99 212 228 240 143 -143 -216 -94 33 -151 -69 -139 -126 -197 158 -133 -68 -247 54 219 -147 -225 -204 24 -49 -124 -229 -64 27 -74 87 -31 -145 42 82 -163 -96 117 139 79 231 100 -109 -211 -153 -192 -2 -149 0 -41 90 -25 163 195 114 242 -15 116 -148 -66 91 -4 213 -218 101 -198 88 145 153 -233 -56 -86 190 13 -81 -239 -61 -125 -32 197 -246 -30 10 -90 -21 67 244 45 -205 
TEST 81 ARG:-132 -65 165 209 78 184 -15 236 88 -166 148 -156 4 -143 119 -39 -55 181 -11 173 36 -36 201 91 106 71 167 129 70 84 205 -88 -60 55 -66 -85 160 -188 182 -246 -137 39 -127 -113 -219 -139 -208 151 -150 20 -92 208 212 -18 65 -164 -202 -51 -30 44 -134 -76 -84 238 115 40 197 -144 10 12 219 -242 147 85 -189 -32 -107 -16 95 60 98 -100 -239 136 -238 -98 -162 -182 -217 32 -111 234 56 37 -240 143 225 166 -47 -95 214 82 -157 130 220 155 -72 -89 -193 145 -17 -211 -21 -103 -14 247 31 163 34 29 -233 45 -200 74 17 80 -24 -145 168 -117 -237 -81 -91 97 -83 172 -42 -64 79 -172 73 101 49 183 -109 228 -163 -215 -153 245 63 -28 -79 -110 -116 112 -180 -169 126 -56 -45 -155 244 87 -177 -198 179 -29 241 -48 -141 8 198 38 -170 54 -12 242 175 -122 -37 64 -194 146 -125 14 27 -186 58 -43 -58 24 -118 66 -213 248 134 118 -174 -223 153 -185 139 -160 -225 140 232 231 100 164 157 -38 11 -229 199 -234 195 -1 -119 222 -203 -146 62 47 -53 -57 77 -108 -192 138 -115 2 86 142 -178 -221 -133 120 -247 229 218 67 246 215 -210 -68 240 227 19 83 -190 -235 96 43 156 233 5 104 -61 -183 -184 207 -138 -165 -241 -123 107 -236 226 132 -63 94 135 224 189 -230 -228 69 -27 -195 1 -46 -104 152 16 -151 -148 -216 -99 177 -52 -112 93 -114 52 68 121 -70 200 111 21 -222 -23 23 -35 221 -67 213 196 7 -124 203 59 33 141 18 -250 -33 -121 -197 -199 123 161 -87 -149 239 53 28 -34 -8 -173 -204 -71 -73 75 -96 178 105 50 -101 -196 223 -206 -77 -94 108 -86 206 -44 -97 204 -102 -245 -161 171 237 81 -49 127 249 -129 -20 -25 -26 122 -90 158 -3 -214 -31 -181 137 -131 -120 25 42 92 -187 -207 -62 -93 159 194 -249 -201 -128 35 -191 186 211 113 131 202 -9 -75 230 -54 57 -130 -179 -105 90 103 -40 -80 128 -22 -6 216 72 144 51 -10 -176 -78 169 217 235 125 170 -220 -136 154 -140 114 -244 -175 26 174 -168 -59 41 -41 -2 -231 243 187 116 89 -147 110 -158 -142 99 -248 48 -74 -126 13 76 176 102 150 -19 -243 -224 -218 -4 -167 61 124 -227 -226 -82 185 -205 180 0 -171 -209 149 117 210 -5 -50 133 190 162 -69 6 -154 188 193 -106 192 -232 3 191 -159 22 15 -135 -13 -212 30 -152 -7 9 109 46 
TEST 82 ARG:-61 -237 35 -242 233 236 -219 -82 -182 143 -127 -161 219 -165 54 -227 127 215 -7 73 42 -32 213 -113 -5 -126 -151 -229 -243 -238 -41 53 -87 132 11 -159 15 -213 -62 82 -130 55 -168 -75 29 -250 -27 -156 -48 -109 -175 63 124 0 -143 -201 -197 -50 -69 -191 -66 100 173 131 -26 110 -20 212 -51 134 -139 26 27 162 -17 166 20 174 -181 -119 93 -230 -249 -194 151 -228 -174 70 -167 -84 -208 107 -88 78 -147 -10 -16 28 229 -102 -120 246 -38 -92 16 223 -83 -78 -178 -19 -14 160 102 167 209 149 108 -60 19 163 175 -128 -205 94 37 -186 2 57 -79 116 17 -180 -158 -184 -138 67 -46 40 -25 -149 48 137 119 -235 -57 165 244 228 168 41 138 6 -9 -203 -142 -101 -59 -107 177 128 211 84 -209 122 216 -90 222 25 145 61 89 65 136 -163 -111 45 -85 -122 -105 -58 -39 176 -18 -70 91 -179 101 -169 -99 193 -117 -137 34 -246 123 159 -81 74 24 -22 221 -11 112 3 14 -95 -192 -217 -65 -225 -214 -152 203 -104 71 46 156 235 -71 -13 -177 240 142 -54 161 220 135 -91 194 239 154 130 -37 237 -118 232 247 -123 -154 183 225 204 -232 -30 -224 192 -248 -239 -211 179 -47 -150 158 -6 -52 164 -145 144 -56 -200 -176 60 -190 88 39 23 -76 103 -67 -112 4 31 169 81 -140 13 -187 97 75 44 -55 -240 104 -121 -115 -233 238 147 -21 -183 18 59 -15 140 -132 68 152 200 -97 206 -241 -153 -173 -35 -12 -195 -96 146 -223 -42 -216 -44 -198 226 125 95 -80 245 22 -110 171 -43 -148 72 -72 -114 157 86 -234 43 -23 182 243 180 189 7 196 -125 105 10 113 -164 109 185 -188 195 170 -146 76 184 187 56 -124 69 242 115 -63 186 -221 -94 217 214 50 77 21 90 241 -218 106 172 -210 -24 -155 -31 -193 205 32 -172 -207 -162 -204 12 199 -166 -131 33 -247 -141 -134 -89 129 234 -206 -244 8 -160 80 -116 87 51 36 210 231 -196 -4 141 -68 -36 5 -135 -245 -133 111 218 197 133 -144 224 121 117 118 181 -215 -28 85 49 -64 -157 1 -231 58 148 83 9 230 -77 -2 -108 -103 120 52 207 190 92 202 178 -129 198 38 126 -86 -100 -136 249 -53 -45 -170 201 153 66 -29 188 248 -8 -185 139 191 -98 -226 -189 227 -212 -202 -236 -93 155 30 47 98 96 114 -74 99 -171 -199 -222 -1 64 -106 -73 -49 -3 -40 79 -33 62 -220 150 -34 208 
TEST 83 ARG:-114 243 -152 -68 118 73 -250 129 -54 198 -20 135 -1 -230 -193 19 -120 -128 2 115 151 7 13 44 -94 128 -100 4 188 -43 46 -52 226 56 -87 55 91 -93 90 158 117 189 -182 -175 41 221 37 184 -220 -153 -210 227 154 -8 165 -66 -89 -69 -63 141 176 -163 99 63 93 -228 228 138 159 -45 -207 -12 -40 -76 8 -48 222 209 178 -107 212 42 110 -245 -19 -177 -179 83 -32 239 -140 58 38 -215 -134 -115 167 -158 207 40 -6 25 208 -211 196 181 -241 -192 107 -3 -131 168 52 17 240 140 161 211 -31 -214 74 -126 -205 156 -88 -145 193 -187 23 -203 65 200 -212 -122 -238 -65 -41 -235 28 10 -218 125 186 81 191 71 -146 43 114 -49 103 206 77 218 -247 -62 -195 179 136 177 -101 -57 242 162 214 -14 -161 88 -188 -72 134 72 224 31 18 148 76 -237 -35 14 -117 -150 163 -24 5 249 -226 36 -167 -28 -149 -39 -227 -4 113 1 -112 109 180 210 79 225 131 -165 96 -234 -15 231 -36 120 -143 -82 -200 94 190 147 -217 85 -78 -246 -154 -183 11 92 -111 -118 -197 -186 -13 -176 -86 194 -162 -96 45 -208 -104 -199 106 -209 246 51 16 142 57 -98 -123 -171 -73 -221 185 12 -34 -109 169 -50 -181 174 182 -103 -169 -80 -90 -130 143 20 -33 27 -55 15 -81 202 229 33 155 145 244 -116 233 132 59 -17 237 -222 -97 216 -22 32 144 149 84 100 48 -27 183 137 201 199 -133 -71 -198 171 -173 150 205 108 -74 -132 -44 -138 170 -75 -231 121 -58 82 -204 21 98 -51 -5 -9 -26 -155 69 -164 39 -156 -242 -232 -18 153 -113 -178 192 -136 -83 30 238 -30 -102 -99 -64 -147 124 49 232 -202 97 -29 -224 219 47 60 247 241 -16 -225 -67 62 64 197 -189 86 166 245 95 24 -53 -25 -119 133 -110 67 -106 -127 -142 -47 -46 -95 -141 -7 -249 195 105 -124 53 101 116 -125 -21 -23 -105 157 -11 -168 172 -121 230 75 -174 -191 -85 89 -196 -240 -60 104 -77 -151 234 -144 -135 26 -38 187 173 -92 213 126 -160 204 -37 123 -129 -157 -223 -137 236 6 -184 215 -56 -108 -10 -91 -206 -139 160 235 29 3 -170 -79 152 102 -185 80 203 70 50 87 22 223 175 -59 248 -233 34 -236 -229 112 -216 146 -243 -166 -244 68 -70 -239 -172 217 -2 54 35 0 61 66 -180 -213 -84 220 139 9 119 -219 111 127 -248 130 -42 -194 -190 -61 164 -201 78 122 -159 -148 
TEST 84 ARG:-178 -49 -96 107 -9 33 2 -97 -187 96 7 141 -14 159 -18 82 -186 14 87 47 144 209 -77 220 72 150 48 -13 84 -142 -198 -175 235 185 101 -132 248 -19 183 64 75 125 190 -181 -201 -136 -205 -176 168 57 3 151 195 -174 -58 -221 38 124 135 234 -17 41 -93 52 -250 81 -11 23 -230 173 104 99 -8 -171 -5 129 29 -227 28 116 208 89 -16 -152 66 102 106 -248 157 -6 -241 -52 44 137 -202 -249 186 178 117 192 -15 -134 163 -106 109 152 -245 63 -129 -143 97 -79 -116 -71 229 -228 -131 -124 238 -41 53 -81 210 160 -133 -65 136 -55 200 -213 239 108 -189 -28 217 86 5 -22 -127 51 -167 -23 24 161 -101 140 -119 205 -141 -235 172 37 -170 -20 -218 -123 -150 59 162 -88 -12 169 184 79 -207 243 77 221 -233 92 69 -74 237 236 249 -85 98 223 112 -172 -208 -239 13 122 -149 148 -159 -38 -244 18 16 15 83 215 -99 228 -47 -247 -193 -57 153 175 -120 -191 34 105 -219 240 -140 -109 31 -151 65 216 -83 17 111 -21 -36 -80 191 88 -194 206 -92 227 39 179 123 -115 85 -62 -1 -146 -188 -190 -179 -166 -158 -102 -165 -114 -231 -68 -78 -73 -197 -164 204 6 -209 54 100 188 -51 -66 -50 158 133 -26 -3 224 202 -236 40 -222 46 -60 74 56 -229 35 -69 120 -108 -200 -203 -177 211 -168 -216 194 32 121 42 -95 -139 118 -42 -40 -147 -160 -31 -10 -32 166 -234 -180 -48 233 -192 -217 170 -27 26 -63 1 -98 -156 182 142 94 -137 155 247 -240 218 222 -246 143 -43 197 -196 145 -223 68 196 154 -237 -75 -39 226 -232 -183 113 230 -210 241 -214 130 93 -70 242 -169 -121 149 -45 -25 115 -220 -211 231 -206 -37 119 50 43 -56 30 -87 -163 -59 91 -35 -130 -117 -54 -238 -7 -72 -44 232 156 189 139 -24 80 -53 4 219 25 -135 181 -215 212 0 -103 -91 138 164 -153 -144 -89 -2 70 147 -112 -126 -242 76 -61 71 67 -182 -185 114 -161 -113 -225 -82 58 -107 90 -64 203 -226 -84 103 -34 132 22 201 165 -94 -30 225 134 -76 214 12 244 -125 245 193 -155 -29 -33 27 10 19 45 180 95 187 55 -154 -104 -199 131 20 -173 -105 61 11 213 8 174 -110 198 171 -162 -122 49 -118 -86 246 78 -67 62 110 126 -157 -224 73 60 -90 36 -212 -145 -138 -184 21 128 -243 177 127 9 -128 146 -195 -4 167 -100 176 207 -204 -46 -148 199 -111 
TEST 85 ARG:-210 149 -11 54 24 204 -82 111 -219 -179 -119 -114 -96 -64 200 -71 66 113 -151 -47 103 27 -216 -69 -223 2 -217 -22 209 -150 82 -162 210 79 -113 -37 206 -176 59 -235 -4 7 -141 -153 234 153 -156 -185 -240 -98 -60 -1 -241 -182 -31 -147 124 232 20 -211 15 88 -59 -89 -102 63 1 -174 -3 100 61 -218 -136 -27 192 228 56 -222 -169 217 -124 4 -10 -108 75 125 194 -236 108 127 133 -15 93 174 -123 152 -101 38 -117 -112 -200 222 -14 216 29 185 -84 -100 168 249 67 172 -159 104 -104 58 -245 -5 -33 -207 -155 -19 90 92 98 64 -202 144 -226 226 224 -105 -129 -46 221 -58 -246 -192 8 123 -180 -173 -70 -145 -175 248 -160 158 99 -34 -63 55 -41 80 -191 141 -120 135 219 -161 215 78 -80 -221 16 119 241 236 205 83 122 117 45 -49 247 -35 121 42 -247 179 -149 -65 -214 116 -56 156 22 196 166 -57 -239 -42 25 89 233 -88 -194 -165 145 -233 164 -86 107 -144 -74 52 -109 96 72 186 159 176 -142 73 -43 -139 -242 -137 46 -232 -26 14 -127 114 -110 -67 -158 19 65 165 -106 -2 -199 40 -206 197 202 -51 -170 34 -83 182 -52 -103 130 -234 -183 225 201 169 -122 97 230 -205 143 157 239 102 109 43 211 -9 -75 21 -187 -189 -193 -249 243 -97 9 -135 161 -44 203 -152 -224 195 -45 235 -220 178 -227 -17 -23 26 -24 -125 -99 -30 -177 151 -20 -133 5 -146 47 -230 -168 -138 -181 -55 -36 177 -204 -238 101 175 77 -148 51 -13 -115 50 188 -244 237 -172 70 207 128 231 150 -248 245 -208 193 105 31 -21 18 214 229 -131 181 -118 -186 -250 57 -128 -126 -229 17 -18 62 134 162 81 -16 -212 -163 -203 -166 220 227 68 -93 132 -184 189 -68 213 147 115 -243 44 138 71 244 -87 -231 129 35 160 -29 -213 -28 199 -95 137 -197 -154 -78 -116 -62 139 36 154 32 142 -188 184 136 238 -38 170 146 12 6 -132 218 246 -77 -225 95 -12 11 131 106 -228 -121 -198 -157 -201 191 -90 -76 28 76 -167 -40 -85 -195 -7 -72 -53 163 198 171 -196 91 -111 240 -92 -143 242 -164 33 173 -209 13 -66 155 110 -91 49 -171 -130 -215 140 -94 37 87 -79 -6 60 120 -140 94 23 112 187 148 126 30 -50 -25 180 190 -39 0 85 -134 -107 -190 48 -54 223 74 118 -32 86 39 -237 3 208 -8 212 -73 10 53 183 41 -81 -178 167 -48 84 69 -61 
TEST 86 ARG:13 -38 98 -51 -65 -71 -24 -41 175 205 -218 54 -105 -164 227 -208 -111 88 -123 56 109 172 -238 -187 243 240 77 -222 -158 31 217 224 24 193 -67 141 -114 -101 -15 -185 236 120 -83 -128 -134 20 242 58 -242 51 91 204 55 186 -180 29 -207 19 -104 61 -179 -133 200 -250 125 -57 223 -48 32 121 174 145 -26 -61 165 -220 142 -213 49 -60 4 183 99 112 124 114 -94 -231 182 -99 238 -49 187 144 -155 247 0 -199 -91 53 161 -211 -45 37 215 -221 -4 -110 -163 -205 176 -168 -44 69 38 -194 148 -235 -196 -115 106 -184 137 -127 48 -147 -183 11 -132 245 132 33 -73 179 136 -100 -241 -142 -249 170 207 147 -144 -240 -124 -247 -161 -173 -92 85 239 177 -152 -17 -151 -93 36 -20 -39 -244 -63 113 80 237 -160 214 -86 231 181 171 -146 22 42 -246 3 178 101 -174 -90 -225 -27 -75 73 -102 133 -233 248 15 -1 219 154 -150 -37 -182 -2 195 -23 -64 150 95 157 -54 47 12 -188 89 228 -203 81 155 68 -50 208 105 189 198 -137 -84 -80 60 -202 230 96 -223 -9 -74 108 203 -122 151 127 218 162 -95 -209 222 -117 -22 211 -30 44 -103 -143 -234 -154 -88 -165 45 -125 83 -136 -141 -14 -8 -131 52 -214 -162 63 -10 229 -236 -149 152 -138 -72 116 -129 -139 143 -97 -157 110 -148 -227 129 -77 -109 17 167 216 86 -3 115 71 -68 -126 -55 128 -96 -6 249 -82 202 -153 -248 -79 188 90 226 -121 -215 28 134 -217 235 -31 225 30 -210 -171 -239 233 -212 190 -197 46 146 -113 -145 -42 169 -12 -224 -108 87 -21 41 -25 -177 -237 -87 21 241 94 -36 107 197 166 75 -13 140 5 35 -59 -219 76 192 -181 184 -120 126 -166 26 62 -16 158 -7 209 100 82 40 210 -226 111 119 244 173 43 -169 6 -32 -5 93 -34 -35 103 -85 -216 164 8 64 -11 201 -19 159 -229 65 -53 163 156 2 -175 -200 194 -56 246 -70 -119 -69 84 -232 -135 66 -201 -245 -46 -170 185 79 1 131 67 123 149 -62 -18 212 196 -178 59 199 122 72 -206 9 160 -167 74 220 16 7 57 34 -47 39 -33 -195 -116 10 221 27 206 -159 -243 -58 50 -40 -98 -78 -176 -118 -230 -81 213 -66 14 135 138 -76 25 -198 102 -186 -204 -192 97 -193 139 118 -107 153 78 -140 -106 23 180 -89 234 70 130 -28 -189 -130 -228 232 104 -156 -29 -52 168 -172 191 -191 -112 -43 -190 18 117 92 
TEST 87 ARG:-29 114 6 110 -73 -156 135 -18 -83 -246 175 -218 7 -192 86 26 -213 236 -19 200 194 197 -169 -8 -176 134 118 -241 31 191 133 111 34 221 -248 71 210 -240 -87 207 -191 32 222 -110 5 127 43 -177 -60 38 -6 169 -114 18 97 230 -143 142 63 91 -234 102 94 -103 83 -123 -27 213 173 -147 -90 122 -13 -58 146 198 -145 149 -232 -5 1 161 -41 -31 -183 -94 -166 75 85 2 226 -149 -237 177 216 136 164 108 -106 -10 14 35 69 47 -53 124 9 -115 19 92 243 -139 -17 -92 203 162 -95 -222 -159 209 -158 50 -242 -182 -2 -117 105 168 228 238 -125 -157 -154 229 -12 159 -85 132 -91 -79 -122 -236 193 189 249 -230 -51 -71 235 -210 202 -238 -108 -101 -220 -223 -245 15 -99 49 -202 -93 70 -168 -231 -142 11 157 -224 16 -78 -180 -3 -62 -219 74 90 33 37 -1 -30 61 -96 -23 62 -133 192 -198 -228 -77 -119 -112 48 155 -209 4 -138 22 180 178 -216 77 -24 -84 -167 -39 214 -235 -129 -97 -160 -194 55 246 79 -36 -107 -52 220 101 129 -148 -40 -86 54 126 179 239 -54 -113 -201 -67 147 -141 93 -227 -199 58 -172 0 66 148 56 165 -126 -28 -76 116 -7 -229 12 107 -121 39 -75 -161 -61 -171 -57 184 88 115 -140 81 204 -100 89 217 98 182 -68 125 21 -11 131 -82 52 241 219 223 -136 137 -186 215 117 64 -163 -207 -155 3 -50 119 -74 -233 104 160 -206 30 -105 -102 247 8 -98 -170 -135 154 -181 -26 141 153 36 109 244 201 -173 -21 -49 -193 -43 -179 -4 -204 120 -178 -124 -37 20 68 172 158 156 190 121 -208 145 -25 -144 -127 -131 -65 242 -165 245 -38 187 -164 151 -152 -89 -34 13 -226 96 195 -185 -130 -217 186 232 -48 -109 -205 -243 73 174 -250 -45 -118 140 106 -184 130 170 -63 78 80 144 84 -81 -69 -47 206 17 -244 -247 -44 42 -15 205 -22 -70 72 99 -46 199 53 -42 112 -146 185 -33 -221 150 100 248 -195 57 -14 237 183 128 208 -137 -174 -197 176 -212 29 103 -134 -211 -162 67 231 -189 -16 -88 95 46 -20 40 -66 143 -59 -55 44 218 -225 59 188 227 167 -128 24 -188 -214 139 -132 41 113 87 -9 196 -151 212 25 -120 138 -153 -239 -104 181 -203 -111 152 -200 -32 60 -175 65 -56 23 123 -116 225 211 234 28 82 -150 27 171 -187 224 240 45 -35 -215 10 -196 -249 51 -72 -80 -64 233 163 76 166 -190 
TEST 88 ARG:234 -53 179 194 -84 -62 101 31 -224 167 77 -179 -16 190 88 -218 84 241 123 23 -202 -183 -163 -6 -52 111 42 -170 128 -75 -130 0 -184 -108 -138 -149 -114 -135 -56 -155 143 -228 -175 37 -169 233 75 9 -121 56 -193 -58 133 182 173 -212 113 -142 -42 -34 192 -140 -70 63 -73 -111 -28 -72 15 -241 12 -144 -221 -80 -166 211 85 91 -10 -198 161 110 -47 41 -128 204 155 13 -93 -153 -36 -119 14 242 -164 26 -86 116 164 -50 138 -26 120 244 100 -5 -110 185 29 -226 -227 203 153 -213 181 -23 -242 -137 145 187 176 177 246 208 -204 -161 168 228 87 -180 118 -208 7 -133 -125 103 -17 -131 171 -122 -60 -238 -49 -96 2 206 151 -59 -236 -102 -141 112 -160 -39 22 221 -63 106 -232 -89 -4 94 -162 25 240 93 80 174 -194 129 -245 218 -81 35 -248 -33 223 -136 -134 55 69 166 -43 -92 -24 114 137 4 -101 -55 -127 -37 -3 215 -200 -206 -35 124 -2 180 156 191 8 217 97 -233 196 -177 -71 109 -77 36 238 107 -223 -168 -196 89 235 28 144 -7 -156 -230 193 -201 78 -9 92 207 -139 -143 -103 60 -25 -190 24 -11 -199 81 227 131 -152 49 108 -69 -46 66 -219 199 157 47 -64 57 212 158 96 -106 165 230 -79 95 -66 -20 -95 -113 -187 -97 54 224 -145 -214 71 135 -29 61 183 213 -220 -118 141 -150 -174 -239 202 10 -210 -192 -205 184 -61 -90 -250 229 -207 -234 245 -117 189 -231 121 226 -65 -109 34 -45 -216 197 -78 -217 44 -107 -27 -98 58 40 1 -38 64 -32 -157 -222 125 160 -100 -195 -18 195 51 -76 -197 -112 72 201 142 17 5 62 -105 243 86 -67 -186 -48 -30 38 -120 82 239 83 -176 200 231 53 20 -246 43 237 33 146 18 220 -1 -88 127 45 132 -40 -85 -51 148 -191 -8 46 225 172 67 98 16 150 90 -235 19 -12 -57 210 48 -182 52 236 -189 232 247 27 178 21 214 -31 216 73 -22 105 6 -123 -15 59 -158 -151 -147 -41 79 162 76 130 119 -132 115 -91 -115 186 -126 -165 -229 -211 -68 -240 175 11 104 3 -54 39 136 209 -185 134 -83 222 -167 248 -21 -181 -154 65 50 152 -146 -74 -124 154 99 -225 -243 -129 -19 -188 147 102 -82 163 149 -13 -99 74 139 126 -244 -14 -178 -159 -249 122 -171 -94 -44 169 -104 -203 -215 -116 -247 -209 32 249 -172 219 68 -237 198 205 170 70 -87 117 -173 188 159 30 -148 140 
TEST 89 ARG:144 125 101 -98 219 -231 -37 82 -187 -51 50 -90 183 205 -69 -171 -87 -150 47 -55 -233 64 135 84 191 111 66 121 211 -95 -66 194 147 -56 -138 229 208 -200 -196 226 -104 165 185 -215 246 -94 232 80 -124 -158 -213 17 206 -89 90 -3 -243 -31 52 -224 216 137 -102 -169 148 -48 83 -59 220 1 -72 -188 -166 -128 128 -50 51 180 -176 223 53 -79 87 62 -182 -248 -77 -97 -191 227 -127 145 13 204 -151 -241 172 -67 -185 -71 -70 -236 -198 -222 9 160 92 43 199 -1 117 200 -75 42 55 247 -145 166 -57 -108 -202 -203 126 -249 57 -12 -216 5 -210 -116 202 129 94 198 -201 68 104 -46 110 -177 33 12 16 -140 -245 27 171 118 122 -15 -2 134 114 -206 -160 88 233 235 -225 -7 -129 -154 186 -40 -242 -125 91 35 221 218 -107 -18 -82 -221 -218 -178 132 -61 67 -84 -53 -136 -92 -226 217 -141 59 45 61 107 -155 -229 23 -174 102 167 25 -73 -121 -217 99 -137 231 -207 21 -64 -223 222 159 -114 46 8 41 -205 -85 10 71 -101 54 201 210 -244 97 146 -232 -199 228 -194 238 -208 237 -91 -164 -119 0 -25 -162 -81 150 124 162 -239 -230 -144 133 170 -197 32 236 169 36 161 38 -133 -21 -246 212 -227 -38 28 -99 -36 -58 -146 26 -152 96 -43 248 -96 -157 197 89 119 -33 40 -132 -183 234 175 98 58 -130 109 -5 -78 -28 -115 48 -60 139 86 15 -148 -179 14 -30 24 -22 -32 73 -39 213 154 115 224 -86 -52 181 -26 -111 76 -165 245 116 75 -184 158 -103 29 -156 -209 69 -173 -126 2 241 95 127 120 193 -88 138 207 -14 -23 85 65 176 203 6 37 -143 -147 -214 81 -117 -27 184 11 -134 78 19 155 -35 -195 77 195 -42 179 100 -193 20 -19 242 -161 -112 140 177 214 -235 -17 63 240 -113 123 243 -170 178 105 18 -159 -54 141 -189 -80 49 -6 22 244 -74 -20 163 -186 -76 190 149 -93 44 -172 -234 151 30 56 -228 249 -62 -120 -237 -8 -212 -142 -180 -105 -190 -34 -163 7 188 -47 174 -181 -11 -68 31 -204 112 -219 -65 -211 70 130 -135 209 187 -24 239 182 74 -238 -106 189 -192 153 39 156 -149 173 168 -123 -131 72 215 4 -110 108 3 136 -247 -83 -175 34 60 -167 -49 230 131 -122 -168 -250 103 -4 164 196 -240 152 142 -29 106 113 -118 -109 157 143 -100 -13 -220 -41 93 -44 -153 225 -10 192 -16 -63 -139 79 -9 -45 
TEST 90 ARG:-29 -148 -174 -109 67 -30 -191 156 182 -128 -149 216 134 153 -21 -65 123 60 127 -120 -212 64 225 80 219 -67 22 199 234 71 238 207 -75 -179 -196 98 63 -158 155 -58 -150 66 -69 -170 -210 -240 72 -14 38 -74 16 -162 -192 117 -117 -204 -2 184 -82 89 203 -36 116 -57 47 167 149 -161 113 -214 93 -130 200 128 -163 -145 -101 -60 101 -50 -81 157 170 -61 37 -141 229 192 202 -16 -47 -6 178 20 -73 -62 243 198 -198 -84 213 119 10 136 -188 -10 247 32 3 -88 166 154 222 -132 195 -100 177 -68 -104 -125 -176 78 59 137 -243 239 -147 8 148 185 -242 174 118 209 143 114 -22 -223 -72 -39 2 -124 -194 160 26 35 131 -49 -133 -201 -195 -66 -154 179 197 171 -231 -34 51 -249 -197 -245 -157 -238 158 21 -246 -7 226 -96 30 191 46 214 -227 120 53 15 -185 -32 -217 227 -237 109 196 -51 169 -221 -175 -90 220 -250 45 -9 -171 -27 -181 218 -45 201 -229 102 210 -153 -234 -8 173 188 -160 -225 77 241 14 -41 215 76 -241 -20 -42 146 100 151 -169 186 190 99 -53 39 112 163 75 -218 61 -177 -220 -46 -33 -112 36 74 152 -224 6 104 96 145 133 -107 235 217 -12 24 55 -77 -85 246 34 -129 -114 -208 -137 81 -213 141 165 -119 159 144 -23 23 -184 9 -31 -209 -59 49 248 -99 230 56 -44 84 -86 -230 82 73 -4 68 233 -38 -203 -244 83 79 -190 12 -186 -19 -110 -136 -40 124 -122 41 206 -108 -222 -78 97 208 65 -98 54 -80 242 28 -70 -236 -11 5 162 -92 -166 -118 -134 223 -232 88 204 -18 -173 -13 245 -5 -116 103 29 205 249 4 -111 130 -138 17 135 52 237 140 164 25 -123 -151 -228 110 -135 168 31 129 -106 40 115 27 -211 -93 240 -168 138 231 -235 -87 70 183 -248 -24 90 -28 -247 95 106 -156 -35 -17 -91 -127 -142 -165 -64 -48 -139 -105 -183 57 50 -155 -102 107 -121 211 -55 176 -52 194 -1 232 147 125 -143 13 187 -25 19 111 33 212 228 -95 -219 -144 -164 122 -187 142 224 92 -199 -205 181 126 139 62 18 -83 -115 -43 -63 87 48 -131 -79 44 180 132 105 -216 -140 -200 -182 -15 -215 -76 -202 -180 -193 -226 108 -37 43 244 -172 -3 -159 -89 -207 42 -239 86 94 58 175 -126 91 85 172 -26 -54 221 150 161 0 11 -56 -97 -113 121 -206 193 -178 -152 7 69 1 -146 -71 -103 -167 -189 -233 189 236 -94 
TEST 91 ARG:237 28 188 -170 -50 -179 -149 -53 166 215 27 104 48 222 33 -209 78 145 244 46 55 -68 245 174 -111 -97 -29 165 100 235 136 44 102 49 -220 24 181 6 -116 -62 16 205 113 99 -182 107 79 -203 -197 227 -129 225 88 -11 -80 -232 31 12 -98 197 -176 -206 29 169 -224 -237 -131 -143 -30 -28 -17 -76 21 131 114 -180 -214 -167 -161 226 -187 77 -66 -168 -242 -115 203 118 236 51 138 74 -219 -223 -54 -84 67 223 -22 22 -208 -189 109 -134 -86 -102 191 -205 -133 132 -15 -46 -9 119 -63 -44 0 -43 159 18 -31 -247 103 -20 124 -158 154 82 -73 -92 -35 187 70 85 184 -120 81 -125 170 -99 -19 -128 -108 -145 151 -58 -6 -82 -228 80 -160 60 -93 -57 228 168 -41 111 -181 25 1 -104 7 190 -169 242 65 68 95 156 59 -166 194 -191 41 58 -234 180 -48 183 -152 248 141 116 200 134 -190 150 -3 -132 -117 -119 -139 -42 231 -77 -165 186 -12 52 -202 -34 -144 -21 204 93 233 -106 -37 -215 -142 148 -87 -241 -175 158 202 176 -225 221 208 224 182 50 -13 239 218 42 179 -138 216 214 115 147 195 -221 163 -88 -67 54 210 11 -113 198 238 -103 211 66 171 193 -186 189 -199 69 126 91 8 -204 -8 -185 -151 -33 -59 -250 -171 112 -121 212 -32 241 40 142 86 206 217 -18 101 -150 64 161 130 36 32 -231 72 -1 -211 43 30 106 -233 -184 3 -26 229 240 -195 -127 -183 162 -27 -81 -55 -155 160 -90 196 61 -65 143 125 -78 -248 -196 -174 -212 -173 -105 38 5 209 110 -64 -69 17 -201 -141 -56 140 19 -24 -148 117 -140 15 -244 -110 -172 23 35 164 -45 137 -154 105 97 84 178 -194 -70 -51 149 53 -74 -14 121 -135 213 219 -38 -71 199 -72 -238 90 34 -36 -101 94 -213 -217 -100 172 -2 -91 -96 -122 -136 63 129 -243 247 37 -75 146 120 -60 26 98 2 -147 -159 220 89 -118 20 -52 -47 76 -10 -40 -85 -107 144 45 -153 -23 -109 47 -192 234 57 -130 -25 -227 87 167 96 -123 -39 -230 -157 -229 -226 -112 -49 13 127 232 -163 128 177 -198 -164 -240 -89 14 -5 185 155 192 201 249 -146 -61 -239 -235 207 -79 -95 -207 75 175 -94 83 -236 -7 122 -126 10 -177 -246 -249 230 -216 133 39 73 71 108 -218 -137 -16 152 135 -4 139 -114 123 -124 173 56 4 246 -156 62 -162 243 -245 -188 -83 92 -210 157 153 -193 -222 9 -178 -200 
TEST 92 ARG:-24 229 -138 -15 -21 -98 167 98 28 -206 -148 239 243 -88 104 198 73 -7 -151 -8 -237 -131 189 178 -49 -118 226 -1 -86 -72 -30 25 -110 136 -242 159 105 44 249 14 118 -57 101 52 1 -134 -168 72 23 191 82 -106 19 156 -163 -9 -23 241 -122 -127 -213 185 -198 -159 48 -186 102 88 151 141 176 -81 16 -14 -45 -155 -193 -63 -211 -100 -103 68 67 179 -177 -12 94 -75 137 210 -247 192 58 54 -173 -149 147 -156 -133 211 232 106 20 -33 -116 50 225 154 218 -35 89 -174 17 236 -123 92 -95 190 -32 13 -157 -139 181 -128 41 -87 -158 6 -54 135 139 -218 158 -5 -215 170 -243 206 233 174 78 -185 56 127 -74 -68 -249 -176 81 -107 -78 -144 -105 61 -196 -240 245 193 -48 146 162 231 76 -76 18 130 203 199 -11 215 -20 97 -79 30 -227 -64 -58 200 69 -238 -104 -202 77 -91 110 196 246 8 129 85 -56 -143 96 112 -17 -250 -175 -233 228 -197 -181 64 227 237 75 -61 117 -10 113 -60 125 120 40 169 -108 165 5 220 9 160 35 122 -29 99 -137 86 84 -46 186 -120 -167 33 66 36 155 32 163 22 -112 -25 -162 -101 -84 -239 248 -236 -43 128 124 53 -129 207 -77 70 60 -188 2 -248 -66 47 172 -99 11 -96 -80 109 -171 -117 12 204 -37 -132 143 -199 -231 -141 -52 -166 -22 57 126 -192 -19 -55 142 49 -205 -200 150 65 234 240 -170 59 -65 208 90 -152 133 -203 -183 -97 63 -102 213 -189 171 39 38 244 -225 247 -245 -42 238 173 -124 87 -145 7 115 222 -62 221 -229 197 132 -125 34 -34 214 -31 -89 26 46 119 62 224 -180 114 -241 108 -140 184 -41 -178 -51 -16 -36 223 -13 -209 -169 -220 93 74 45 -187 -165 -164 -50 -190 111 29 -121 242 140 -195 -28 -230 116 0 131 -160 180 24 103 161 -161 177 134 4 -47 188 -194 42 175 -92 -228 212 -69 230 201 10 -93 -3 144 -71 -216 -114 -210 -85 157 -217 182 123 21 -182 31 37 -208 -172 51 -146 -204 -226 -4 145 100 -119 -223 -126 -38 -26 -222 83 -221 -130 -59 205 -27 27 217 168 -219 80 194 -135 149 -39 152 121 219 148 -2 -53 91 -224 -214 79 -235 -232 -6 -115 -191 43 -207 164 -150 -244 107 3 -113 -246 183 -40 138 166 -201 55 -142 -67 -212 -154 153 -18 71 -136 -44 -83 -70 -111 195 216 -184 -179 95 15 -153 -90 209 -94 -73 -109 -82 -147 -234 187 235 202 
TEST 93 ARG:238 -243 177 -135 -126 15 207 172 -83 17 183 -129 -42 -23 -144 -101 90 -179 191 -154 99 -107 -245 208 234 -206 -41 -6 64 69 -153 -27 -146 -224 16 -100 -120 73 -87 217 -60 -148 118 -14 222 -122 67 -215 -10 -25 -231 -139 -170 -59 -213 -145 157 -72 223 -44 -24 -66 -117 -8 194 -30 145 -11 130 -147 -31 -235 40 -108 165 -78 -188 -169 140 10 198 -69 88 -64 -63 -5 111 78 -181 22 -33 181 213 50 31 -77 156 185 -202 -123 -225 -105 42 6 -203 -94 -167 -82 134 -177 -189 25 121 162 -171 -166 -19 235 -239 72 164 -26 -55 93 62 97 -197 -133 61 -160 -207 -247 63 -29 167 -149 39 -234 82 240 -209 117 -52 -198 210 27 -68 71 86 -90 248 -173 -221 148 -51 -48 56 131 -3 -22 48 -58 -150 -7 -99 59 -50 2 -85 -172 19 55 47 -125 239 136 209 161 188 132 89 -16 -182 45 28 100 -241 44 34 -1 13 0 -156 -88 -104 83 -142 5 151 -227 218 204 173 91 -151 -233 -106 105 -97 -102 98 49 -103 -35 233 120 80 170 85 -205 58 -53 -2 -230 36 -155 43 212 174 104 74 94 -162 -134 109 236 -124 -196 65 122 -45 21 133 24 159 -62 -80 23 116 4 -17 -219 -165 12 -46 197 -158 7 -244 75 -208 137 245 -185 9 103 110 142 96 158 215 168 112 -21 182 152 189 193 237 107 101 195 -157 -250 -228 -176 -38 54 -71 -112 -229 -186 -137 108 154 178 -211 211 -93 199 206 95 -132 -79 -217 -174 176 -111 -161 26 -98 14 51 11 171 230 37 221 -168 249 -223 -128 -95 -116 203 53 128 30 150 147 -67 -121 -39 139 135 35 -15 -159 202 46 -43 190 180 32 -47 224 186 -152 -40 -184 -84 -76 -183 29 -57 -65 -226 141 60 68 -96 115 92 129 196 -9 -110 246 -237 219 244 -4 113 -70 216 79 -199 226 -73 84 -130 -81 -119 57 123 124 232 220 -248 225 -138 -143 214 -214 66 -89 243 -91 144 -113 -218 -115 102 242 -114 -127 -49 -246 -34 -236 -191 153 1 -212 229 87 200 106 76 -86 -232 -28 125 -175 38 -178 -216 -20 41 114 127 -92 -192 3 -200 175 -164 -249 187 -195 149 -220 -56 228 18 155 -190 143 -74 -187 227 -75 -36 146 160 -131 -240 -210 8 -194 126 241 20 -242 -12 -13 77 163 -140 -109 -32 52 119 -61 138 -193 201 -201 -118 192 81 -136 -37 -222 247 70 -180 33 166 -204 -163 179 -141 184 205 -238 -18 -54 169 231 
TEST 94 ARG:196 8 -153 106 179 84 159 204 -30 -47 -237 5 -91 -62 247 75 -197 131 82 244 -186 202 115 116 -70 -14 146 240 177 -188 -220 69 -87 -211 -68 -40 145 -32 -22 237 186 -199 34 91 132 66 -226 -183 -208 -115 180 210 -60 -114 -90 35 -164 155 218 169 151 -198 -184 135 93 -173 -19 -8 193 -89 249 -128 -151 104 -64 -5 -245 90 52 -45 79 -149 -174 -83 -230 54 -113 -233 32 -124 0 -176 -167 166 -16 -207 114 40 -97 153 121 178 167 -94 -187 29 -1 -29 144 39 -200 36 97 -21 -49 -244 229 38 -203 -232 -162 -219 -24 107 182 -141 -139 57 -159 136 78 147 -165 -146 227 -117 212 -155 -20 -69 -193 185 47 -171 -181 86 -23 87 -93 -152 148 120 -118 181 -119 -177 187 -134 95 -92 -179 -127 88 72 -223 -144 245 51 -6 158 134 -130 -85 24 59 -126 92 117 -194 195 -34 -55 15 46 -229 67 128 233 61 -15 123 100 89 203 152 60 164 20 27 99 213 -213 -145 -50 -43 172 -72 150 96 64 -241 53 -191 220 216 6 -61 122 221 102 127 -48 -110 -180 -239 -227 -222 -131 -133 22 -2 170 226 -41 23 -192 -132 -234 154 108 -231 41 -250 112 9 214 223 239 140 -158 -79 48 236 -156 160 137 162 232 -109 74 133 10 -142 -52 43 -236 49 16 -107 119 -205 -3 -57 30 -74 208 -175 98 -136 58 165 -169 -75 -154 -31 173 94 -35 -66 -216 -196 83 31 -185 230 -147 -140 -168 -28 50 126 18 -104 80 -96 138 -98 -53 248 235 77 231 -11 171 19 -73 -33 -99 188 -218 28 -178 -182 -195 81 25 -238 -63 -100 118 -204 194 3 105 241 -103 -71 2 246 242 -111 201 -86 -123 -206 -170 37 -249 -58 -202 45 -242 4 -225 -221 21 228 -78 130 -36 33 42 222 1 -88 -190 56 -228 -143 211 -209 -217 190 243 -4 -201 192 55 -215 225 -172 142 111 207 -157 191 238 11 200 -39 -243 103 -7 -42 -38 -12 -25 62 85 -18 224 -135 174 189 109 129 70 -121 -122 -161 -235 -160 -80 -137 -82 -224 -166 149 -95 205 209 -246 101 -112 168 -248 141 161 -150 71 -13 215 -138 206 73 143 125 184 124 -51 -27 44 139 63 -102 -116 -17 17 -120 -125 110 -56 -10 -210 7 -81 156 157 -212 14 -84 -76 -101 198 13 -129 -77 219 -54 113 -148 -37 -59 -46 197 175 -163 -9 -106 26 -189 -65 199 68 163 -26 -247 183 -44 -214 217 176 65 -240 12 76 234 -105 -108 -67 
TEST 95 ARG:-90 -34 -131 177 205 -121 16 232 193 9 -87 -44 118 -8 46 -81 -80 237 137 110 -38 161 221 -201 -133 -184 -186 39 101 140 141 -159 -104 171 -93 -114 -70 26 -169 -235 -112 -62 -153 68 -6 -10 222 127 21 192 -178 -200 -224 66 206 51 239 -205 -110 117 246 -41 70 154 147 184 1 99 166 -36 -144 150 -101 175 11 -119 195 238 186 -88 152 -145 89 -14 224 146 143 -249 5 74 -31 -24 29 20 48 -15 -223 -239 15 -23 155 83 148 -170 -45 -125 -54 -71 96 -82 -216 69 -68 -226 191 73 202 -232 230 -197 -106 -206 128 196 169 -75 132 62 -196 157 36 -67 -213 10 32 25 -228 -72 3 200 -221 151 -211 4 91 103 156 -5 94 -150 -175 -128 225 229 212 -146 60 -116 -50 115 111 -247 -174 7 -246 -53 -193 -61 181 -43 -173 164 -92 187 -83 -143 -203 -182 -172 8 198 -160 -105 -132 -96 -9 233 -162 113 -233 217 -161 -236 -215 -134 -225 -176 210 87 75 22 116 -40 40 -157 24 -103 -11 142 -238 90 33 -30 -109 -66 108 204 -18 -234 -65 0 183 -120 123 173 -48 105 136 -2 -73 -164 -35 145 -26 -46 -181 -195 182 179 119 -129 72 -4 -126 -163 -117 88 -39 240 -240 178 -79 160 -84 63 -20 -3 -142 129 -244 106 -177 80 158 35 -141 84 -154 -127 167 -191 194 -212 162 -52 65 203 -19 231 -198 -179 79 95 -148 64 -28 23 247 228 -194 -188 37 -149 50 211 -97 -102 139 180 -214 93 159 -183 -138 57 214 78 -243 102 242 -60 86 -59 -76 -248 243 -122 38 218 197 -123 -220 -229 -55 -64 -231 -218 -189 168 59 135 -135 71 -137 41 -245 -187 131 -13 12 -136 -111 -147 -168 -51 244 54 190 -208 -69 -230 -42 -155 223 6 121 47 -33 -27 -185 -192 185 -29 30 -156 107 234 109 43 216 -166 2 120 -78 76 -171 165 -130 17 -12 14 -57 208 207 112 -25 248 52 81 -99 -86 42 163 -32 -91 176 209 -77 249 122 -1 201 226 149 31 -207 188 -222 -250 27 199 189 -21 -217 -63 -16 -100 -158 -209 126 98 -47 220 144 92 241 -89 172 -108 97 -237 -151 -167 -94 -199 -180 227 -56 77 236 -152 -204 18 -190 213 245 -17 -74 85 53 219 44 215 55 45 -242 -227 174 -95 125 133 -7 114 -37 -118 -58 153 124 -165 -85 104 19 -49 170 235 -113 49 -219 -139 67 100 82 -202 56 -115 -241 58 134 34 -140 -107 -98 138 28 -124 61 -210 -22 13 130 
TEST 96 ARG:-33 49 115 -250 244 -205 151 -121 -89 104 189 83 -100 -105 5 17 182 52 -206 -110 132 -194 178 147 198 191 7 38 -101 216 -81 75 -198 202 -152 -90 -167 -166 218 11 84 -195 -182 -217 -8 119 3 153 -162 -67 -45 170 78 29 72 10 -171 124 -193 42 221 -231 164 -40 -108 -187 -116 210 100 225 -91 86 -49 62 203 58 -72 207 -204 -68 -123 -151 92 -27 -20 -104 93 -157 158 -5 176 -28 -31 214 -164 -37 -76 -225 1 -235 19 -103 -138 131 139 -197 -240 -220 61 -85 6 -57 -137 -196 27 -228 -88 -117 70 -22 -245 237 -141 -62 -99 34 157 64 126 -7 232 63 144 -9 155 -145 68 43 -16 -216 -38 133 156 -139 247 41 -148 -82 224 -234 -180 186 2 -208 -80 116 -242 -150 4 -178 -144 -39 233 -190 187 -13 96 -50 54 48 243 -109 90 -23 -10 230 -142 111 -149 -60 165 -230 171 -133 40 30 -25 -224 -173 67 82 -119 79 -130 184 65 -63 22 -18 211 162 179 103 85 135 197 -165 199 -6 28 -74 -153 134 -12 -54 249 110 248 -226 32 -36 -181 141 -210 137 168 8 -126 31 188 -3 169 -160 180 193 -169 81 -30 -122 101 -215 206 120 21 -200 175 204 108 145 -244 -161 146 -143 98 -46 167 -132 122 99 107 -136 56 -2 -203 -102 -239 97 -201 -213 226 -184 -21 89 -221 209 -233 -78 109 112 -77 130 -66 196 159 -172 16 217 47 -125 -219 -159 -243 -32 -113 -95 57 117 -34 -111 -227 -55 242 -58 236 246 231 -48 -124 -223 -128 -51 -186 213 177 -65 201 205 149 -131 -191 -69 -154 181 -41 123 -59 66 51 -29 239 194 -83 -1 113 -115 -241 50 -35 238 -248 -211 88 152 95 220 -246 -163 150 69 102 222 44 161 245 143 127 -70 128 55 -56 136 125 -188 -15 45 12 76 37 208 215 212 59 154 -185 -84 -112 -61 -238 -232 163 71 160 234 -42 -249 172 -71 14 15 -106 -237 0 -247 -11 -92 228 -24 140 33 39 73 74 -183 -97 -53 229 18 -158 26 235 -93 -79 -17 -43 77 -135 25 -94 20 200 -114 -146 -207 -218 91 142 -129 227 240 -147 87 -134 35 -98 24 -174 185 36 -52 -214 -179 13 -175 173 -209 -140 219 -192 -229 60 114 -202 -127 121 195 -170 190 -212 -96 174 118 -19 -87 148 -120 -64 129 241 183 80 -236 -107 -155 94 166 -47 -199 -118 -168 -189 -75 -156 -26 138 -4 105 -73 -177 -176 -222 192 106 -14 23 -44 53 46 -86 9 223 
TEST 97 ARG:-106 -145 249 -184 185 -88 243 245 186 68 178 -245 24 -30 130 28 -179 155 34 -144 -129 111 149 -45 -67 -189 -10 160 107 -41 -201 -243 20 151 -124 -63 -200 191 93 -162 112 109 10 168 -51 222 -213 -206 -26 -158 33 82 179 141 -146 55 -249 -178 233 119 83 -49 -207 189 106 199 -139 -226 -125 188 -34 -56 113 90 -44 69 -118 -222 -126 -241 32 236 -65 99 -52 -197 -115 -95 -173 -148 -75 -208 -40 -175 41 -73 50 -155 -140 -72 156 162 -111 -80 -114 -196 9 70 -105 7 -33 -130 -14 -28 -152 -238 -224 -11 -108 134 194 139 42 -59 27 -104 85 164 -171 140 -18 74 31 57 142 137 66 37 -166 -123 -190 -117 -142 184 131 -229 -22 129 -69 -53 -116 -60 -48 -205 235 150 -8 226 -112 175 105 8 -192 6 11 64 92 170 -164 94 132 65 -202 101 108 14 -86 -76 47 53 76 -187 -23 -46 67 -250 116 238 -17 220 158 -138 161 63 1 -237 -239 -99 -174 -25 -170 -85 -87 -98 230 -211 128 -161 -24 86 145 -82 -223 121 79 73 4 -247 62 -167 -6 167 -35 -21 2 -230 -32 -109 91 120 -89 -180 -151 177 -121 126 -29 -177 202 207 169 210 -103 -2 198 -3 44 -242 15 190 136 -62 45 -1 -240 -5 225 -7 38 -47 48 -215 -70 0 -19 -38 -102 -93 -248 246 217 -134 12 203 -168 215 -193 234 -212 218 56 77 208 96 21 -71 -74 -198 239 59 71 -15 -169 -195 159 124 43 211 223 206 -27 229 -79 227 221 152 -90 -220 19 -133 88 213 205 52 39 13 -122 127 89 122 133 135 192 212 -83 -43 -96 -204 114 58 29 84 -228 -66 -191 -37 -119 197 195 180 166 204 87 181 -188 100 61 -135 -172 36 75 97 241 214 200 -181 -149 -13 -186 60 -77 30 -12 25 173 244 -39 163 172 95 -92 -128 -182 117 219 49 144 -225 -185 -194 216 -143 -110 110 240 209 143 -42 148 -81 -209 -9 80 -218 -20 -107 -61 -153 -101 237 -141 171 -221 103 -156 -78 -132 -36 193 228 -233 35 -199 -16 174 176 248 -68 -157 -235 232 -4 -84 118 224 -227 22 242 26 165 -154 231 -136 23 -147 183 -165 -219 104 -100 201 -234 138 -203 153 146 78 -91 -64 -150 147 46 -159 -216 -54 -127 -176 -183 187 115 196 125 -94 18 -97 -210 17 51 102 -131 3 -31 -231 16 40 -246 72 -217 -160 98 -120 -137 -57 157 -214 -50 182 -58 54 5 -244 -55 -232 123 81 247 154 -113 -236 -163 
TEST 98 ARG:-199 -22 195 156 152 208 105 96 -182 149 160 35 -243 -69 -220 244 -249 174 -96 52 -203 -149 180 32 -40 51 17 -137 -52 -242 -227 121 -72 -187 213 -107 -195 41 83 67 206 -74 4 -205 50 120 59 -212 -30 -95 3 -155 146 -168 184 94 -170 169 -158 -109 31 39 -64 -184 20 74 -188 43 -19 86 215 131 88 191 -73 132 -9 12 -16 202 -176 -233 -110 122 -177 249 236 -162 -4 53 49 75 -147 -142 -91 137 27 154 -83 91 243 -18 185 -236 -47 -7 126 37 124 89 -21 235 -241 46 98 222 -169 -114 177 148 -131 -104 -42 241 -99 -11 -100 -133 -10 -17 162 221 139 -130 -62 -134 -141 78 99 93 -23 22 201 -224 -231 44 -67 -87 -60 192 158 157 196 -237 -70 -117 -153 -173 -218 -157 229 87 -232 172 145 -112 -174 113 -240 -136 -94 109 58 61 -106 101 14 -151 -146 210 73 -138 -222 248 -186 135 19 245 -36 -128 9 -166 220 -92 -68 103 166 147 -31 189 -215 -116 11 -180 85 -32 -217 188 234 -200 226 -211 -245 -185 -191 116 -71 70 -207 -8 69 -161 -93 199 95 194 -183 92 182 68 118 141 25 34 -82 -108 7 65 -172 -192 90 175 168 -6 179 81 -39 104 224 207 40 239 153 -122 -238 228 -204 -210 231 167 227 47 -79 -80 -132 237 140 1 211 5 -239 97 79 15 125 2 100 -118 214 150 72 -46 204 21 230 -97 -228 183 164 -206 -165 233 -139 13 -234 57 232 218 -76 77 -140 -115 0 144 -45 108 -189 151 128 -5 -20 219 -144 -48 119 181 110 84 8 -29 56 -148 -214 -208 -156 -37 -246 -63 -209 -152 -12 36 130 -34 -78 60 -61 111 178 -66 6 64 -88 115 193 -81 163 71 -190 165 -193 -84 -86 -49 -89 200 -226 223 -178 246 -123 -194 -219 -250 155 205 42 -28 240 -50 16 -213 38 238 -167 82 117 55 -53 -181 -197 -124 -225 127 -126 24 -235 -143 -179 62 203 247 -159 -13 -164 106 -75 63 -196 212 -244 -59 -25 133 -160 209 -163 197 -33 -223 -216 -111 30 66 242 -54 187 29 129 161 136 33 -101 -154 112 -1 -121 170 198 -58 -202 142 -171 -129 176 -41 173 -119 114 -51 -201 171 26 -247 159 216 134 54 -127 102 -43 -57 23 -14 -103 -55 80 -150 -230 -2 -145 225 -198 -135 190 10 -24 -221 143 -44 48 217 107 -113 -105 -3 138 -65 -56 -175 -15 -125 76 -229 -248 45 -98 -77 18 -85 -26 -120 -90 -35 28 -27 186 123 -38 -102 
TEST 99 ARG:42 -8 45 34 -78 -168 -217 235 -177 94 162 -3 171 -33 -207 -237 112 -76 -36 19 -34 204 7 -172 -161 -42 9 -126 -85 -79 50 87 -49 217 209 234 -188 241 -88 -193 -117 -98 -116 -124 -4 -90 -164 69 -28 135 176 -20 125 -77 -74 136 -65 138 30 132 -157 -16 -97 -142 -101 24 -113 -143 -155 -232 168 145 14 -62 -192 231 115 106 91 101 -61 -216 18 -144 44 35 -231 2 -56 92 63 200 -39 -72 80 -9 55 202 163 6 -140 228 97 52 -210 46 -158 -190 77 -170 -242 147 -250 -7 170 -165 -241 130 62 189 -123 -228 187 -18 -71 60 -138 71 -58 -54 245 36 218 96 233 179 238 212 129 -246 -51 210 -89 -69 -221 -203 -105 37 79 -17 224 -176 -73 -129 146 40 211 -191 133 -248 88 -47 -118 -13 8 83 137 -145 49 -24 216 3 214 58 -52 -66 1 -236 -223 -12 -154 -152 -67 72 16 242 119 105 -226 29 21 120 -182 -75 -83 102 -87 180 -244 -128 78 -139 -219 225 182 -110 -179 -46 173 -238 -26 246 -184 -148 57 -178 99 -104 -163 184 31 -181 -198 -68 155 127 -86 243 -70 -137 -214 -45 -131 -95 247 192 203 166 95 142 240 -249 -22 -147 161 -224 -149 111 59 167 -108 -23 223 -14 -146 32 -27 165 104 67 -159 213 4 -247 12 -132 -133 26 -31 -173 -189 113 -150 -59 -5 70 -121 -11 -38 249 118 -82 -202 -220 -120 114 -57 -48 28 148 239 -107 56 -166 -195 122 -1 141 232 -111 -81 229 110 151 131 -156 191 197 -227 152 -185 81 -206 194 61 -243 134 159 10 -99 -205 -15 82 -245 121 -200 158 33 207 -102 208 -194 17 89 248 174 -60 -196 -109 -92 195 -151 128 116 38 -80 -53 -167 221 -213 -41 15 -112 153 144 230 53 -64 11 20 -239 -106 226 25 -153 -55 -125 51 193 227 -201 219 98 -225 84 157 -230 178 236 -183 -32 -233 244 222 -43 -37 205 -50 -187 123 186 201 -84 -91 169 -169 90 -44 -30 85 -96 -25 23 108 -29 -119 -63 124 66 -103 188 140 93 -141 -114 65 74 -234 177 -130 -240 -115 22 237 -180 175 -175 -162 160 185 -209 -134 -208 -199 64 54 143 190 -174 206 183 139 149 76 75 13 -10 154 -40 220 109 107 -94 0 164 -21 -222 -19 -197 -215 100 -6 47 -100 117 -122 39 27 43 181 103 -160 215 -204 -35 41 199 -218 -186 -235 -212 172 -171 -229 68 -127 -135 -2 73 198 5 150 156 196 -211 48 86 -136 126 -93 
TEST 100 ARG:139 -152 90 161 -3 35 -110 -30 -220 211 -146 59 -216 57 242 229 -11 -93 -43 208 -209 222 -248 170 55 188 54 21 -107 83 212 -103 163 9 204 -196 -236 -182 44 -223 153 169 -115 -222 -44 -224 -50 143 -113 235 103 106 -21 -230 140 -34 166 126 217 -243 -114 -192 -14 93 -46 150 -178 172 15 142 -111 -186 -135 85 122 -155 -88 149 141 233 97 -247 -63 87 186 213 198 157 -149 -145 199 -181 -48 -217 125 -187 63 148 243 178 67 -29 -58 -159 234 -246 102 82 -98 26 -140 68 144 41 -8 132 174 184 228 -124 -189 -169 133 159 -82 -57 -180 195 129 -72 -61 -56 210 -9 196 -127 -81 -35 89 246 151 -96 80 77 -7 -195 -228 -12 -105 -219 56 179 -147 -200 -239 220 -101 -120 -161 214 232 -240 8 84 58 -6 88 -2 14 -130 -125 -13 -156 -134 -22 -160 -150 -78 10 -151 -52 39 23 -232 -97 -32 -188 50 -28 0 203 -210 -129 -117 156 71 201 101 215 -33 42 -36 -84 -133 137 11 -168 31 181 -170 131 238 -62 -233 -64 248 117 138 48 218 -179 -23 239 160 147 -229 152 -197 112 38 -144 78 -148 30 -122 -175 -24 200 -194 -15 -38 -227 -116 -19 45 245 227 -131 -205 62 -80 119 223 185 -53 20 -59 231 -123 46 -126 -212 190 -177 74 -208 145 128 -237 29 -66 76 182 -141 -109 -166 -27 -31 110 -225 219 -154 113 16 27 -100 -198 -71 -153 114 -68 191 3 -55 136 -119 96 176 -87 121 135 52 -157 -79 -164 -172 13 226 -165 47 -74 92 -143 111 173 197 -174 230 120 -249 -163 33 123 -185 241 -202 40 104 36 -83 -176 -92 -211 -54 -245 -234 95 18 177 108 -75 -138 -191 -90 221 206 154 -173 12 -112 -142 -190 165 98 -132 -16 237 -136 66 225 236 -85 -40 1 -244 32 -20 22 19 -121 -37 216 37 158 -4 244 -139 118 175 60 -1 202 -201 73 -199 -183 180 2 -118 164 17 79 -49 -108 -226 -99 -241 -207 5 43 115 127 65 -18 -41 -94 64 34 109 -89 247 -184 81 116 183 168 -221 -231 189 -238 -5 28 -65 162 -214 194 24 -171 105 -70 -213 -193 134 209 7 75 155 6 146 91 -158 86 99 -77 187 -45 -128 -242 -76 -167 -215 192 -10 -17 -67 193 72 69 167 -102 49 94 -106 -51 205 224 107 61 -206 53 25 -218 130 -39 100 171 -203 -25 -162 -104 -42 51 70 -250 -86 -26 -235 249 124 207 -47 -91 -60 -95 -204 4 -73 240 -137 -69 
TEST 101 ARG:207 -194 66 33 -108 -20 -75 175 -162 -205 86 -180 161 -178 173 -226 183 -23 -36 -80 -238 -44 -72 140 -73 -86 -25 182 220 177 236 -42 34 -248 82 197 78 239 170 155 -82 -11 -159 6 -145 -95 202 100 20 249 -34 -212 58 -138 -242 -132 -174 198 -39 -47 -122 -12 -134 -9 -221 87 145 -126 178 111 -233 -2 67 8 -144 48 79 -148 -198 -74 77 -150 -218 73 -99 237 -76 127 13 -68 31 -164 -193 17 103 126 -114 216 158 184 209 97 16 -222 -100 26 110 172 76 -125 120 80 185 -119 -196 248 39 226 124 -142 -201 -156 -49 -50 -105 -247 94 -91 -5 -19 -200 91 -151 108 -55 -216 -83 -175 -167 199 -211 203 83 109 -87 189 143 65 -153 -29 -152 -40 -81 -169 -84 -183 -137 136 104 -147 -239 -129 15 -192 5 45 0 176 149 72 42 115 191 169 74 -160 235 -1 -85 125 -14 36 -176 -59 167 -232 -249 -28 227 174 114 40 152 88 -199 -109 221 47 -18 -65 -177 101 204 -17 -104 -112 -187 -27 243 95 18 61 63 -141 -7 -120 -165 -67 -185 41 -219 -90 -237 142 192 -127 -195 247 190 -13 218 22 43 -235 -16 -106 28 -149 -113 -124 -31 -172 -33 -46 -98 180 150 -163 30 -208 59 233 134 71 228 92 205 137 -96 131 -131 -240 -107 -56 -214 89 146 105 27 -89 135 -225 -139 112 56 35 196 168 84 -88 -117 -154 -116 -215 -10 21 121 -123 -155 50 245 -170 -143 -58 210 1 99 -8 -43 -63 139 2 29 223 -168 133 -224 -60 102 -61 -161 206 -118 -3 44 -37 -94 -52 187 -62 -51 211 -184 213 75 -30 -121 -6 14 19 -53 -204 -210 70 -102 -48 138 132 -173 -207 11 118 117 -136 232 157 194 -228 85 151 119 164 -133 193 -35 -181 -101 -157 -229 -203 90 -206 -15 -57 52 188 106 -54 93 69 7 217 -103 163 -236 -115 -71 -166 159 122 116 156 -250 242 154 -179 -135 -171 81 38 37 53 4 181 219 208 68 222 -93 60 212 -220 195 244 -130 -64 -209 -69 107 234 -92 10 -190 246 -234 -223 12 -182 -213 171 -191 -79 -77 55 123 129 46 231 49 -246 229 -70 32 23 -245 96 -189 -38 24 113 166 -241 -78 130 225 -97 51 3 9 -41 -4 186 -21 -227 148 -188 -217 -111 238 25 200 57 -24 128 201 -110 -197 153 165 179 240 98 54 -128 -32 -45 -22 215 -158 -66 241 160 -140 147 -26 -202 144 141 62 -231 -243 -244 -230 214 -146 224 -186 64 230 162 
TEST 102 ARG:31 88 -176 -100 -22 54 -161 -164 12 145 -27 131 -233 -36 235 -163 -93 246 47 150 -71 121 137 160 23 -199 -222 -83 -42 -235 -79 -200 216 15 48 -113 184 -129 32 -214 42 -127 64 -156 166 -195 -232 -173 7 -123 84 -121 -229 -108 67 200 39 177 -103 -25 196 -28 220 82 -51 127 -125 132 -74 -82 148 94 -131 20 224 69 237 21 14 9 -70 16 -85 97 205 49 248 183 -248 -208 30 -16 -194 -141 81 174 -250 -14 143 182 -238 3 -224 -205 -32 102 236 -181 -33 231 -151 79 -69 -217 57 66 -175 -185 -234 -166 -120 -75 -158 149 19 -97 239 28 229 -109 169 -73 -58 161 24 -104 55 -98 107 181 164 114 -189 -237 -34 -219 197 244 83 204 -247 194 -19 109 -66 -128 179 -54 -140 -46 142 8 108 -124 -63 -47 11 214 -101 190 -99 89 -7 209 -139 170 -236 207 25 -221 -68 -24 80 241 158 -26 128 116 -130 45 38 -210 -162 -226 -239 -171 118 -192 135 210 -96 153 -67 226 -56 -225 -116 -92 -134 -2 -245 124 247 -160 -53 172 -49 68 -215 29 76 115 186 191 -29 -168 -191 195 -212 187 -50 -179 -135 151 173 -213 -228 -11 -119 -84 63 105 233 -188 -5 40 74 -159 -244 171 -216 202 178 -170 228 -43 -13 222 -78 -35 -183 62 -204 -132 155 -246 -111 -241 -86 -190 43 213 -207 -60 156 230 -107 1 85 -9 120 77 -227 -90 123 -91 112 -65 -153 -41 -112 208 33 162 -155 -48 -64 -202 -21 122 -150 13 225 18 27 -201 71 50 -169 215 240 -174 -8 -122 203 53 -94 -172 234 -133 223 37 -39 65 -105 218 61 -240 -220 168 -223 199 -231 198 154 110 -203 34 192 165 232 91 -149 152 -12 -4 92 -177 -106 212 221 -17 98 -1 -143 147 119 -88 -157 126 36 2 60 56 -57 70 -197 206 -110 136 41 201 -52 217 22 -154 189 -6 249 -55 -118 -186 -23 -117 245 -218 -180 130 -136 -137 73 52 138 -61 -230 -198 117 -182 10 95 144 134 185 163 140 44 243 180 -72 -80 -30 100 104 90 86 -126 -209 133 -249 146 125 96 -40 157 -76 17 -59 46 -148 -211 -44 26 -152 -242 -138 -196 106 -167 227 -165 -18 -193 59 -45 -145 -102 141 -31 242 -37 101 219 -243 -142 175 139 188 93 -20 72 -62 58 -178 -187 103 -206 -89 238 113 75 -87 129 78 -95 -77 87 -115 -184 -3 -38 176 193 159 -81 51 -15 211 111 5 35 99 -147 4 167 -10 6 -114 0 -146 -144 
TEST 103 ARG:184 -244 87 74 -223 -29 51 91 137 80 220 -95 242 57 -202 112 195 105 204 152 32 142 101 28 -239 -47 44 -198 211 -209 77 -225 -1 -129 -27 182 -222 247 -172 -248 -199 -11 -119 222 192 -241 -166 226 69 -57 61 -88 94 124 -175 -148 -227 218 223 141 -87 -207 89 148 19 -161 213 -180 161 -219 -152 138 206 237 -218 36 157 -15 -30 78 -120 190 -194 -238 -147 -158 48 -182 -234 -144 -81 26 164 133 -44 -185 171 -178 106 -146 20 -8 140 -115 107 -110 -105 -236 -62 186 -113 -86 168 -177 49 -16 249 -190 -52 115 -41 -149 -135 84 52 25 -14 -23 118 -181 123 -43 -143 224 -201 -58 72 -116 -80 116 -59 -214 183 -240 202 -7 -40 90 95 7 -70 6 132 -151 -71 86 -19 -126 -102 212 -83 104 -2 11 2 -48 191 -184 -226 246 130 -26 96 16 -12 -163 174 -171 -99 -60 18 -4 163 -68 53 60 -64 -13 109 -32 67 -94 210 -157 -20 121 -136 233 54 92 -243 -159 -77 201 -67 -17 162 63 17 -186 154 -206 -229 -82 159 -117 -169 1 -10 -168 -188 -103 37 -249 217 -37 -90 -55 119 245 -228 248 47 185 126 -93 125 50 227 207 13 -45 158 103 -101 -233 -247 -38 199 -142 -176 235 55 228 93 3 146 -39 231 -213 -46 180 177 -193 110 -130 88 -125 -49 131 175 176 30 -139 135 214 33 153 -192 -132 -72 24 -36 -245 5 -235 65 -216 -109 59 -231 197 -85 232 -150 114 31 -153 198 -204 -224 134 -51 -121 200 -98 144 76 230 -111 -66 173 129 -79 -155 -22 178 -108 39 -174 -200 73 -237 -76 -189 -217 -24 221 43 240 -42 -74 40 -230 209 -25 -122 100 0 -65 219 -128 -35 99 -50 241 -18 56 102 83 14 -196 29 -191 139 128 -141 62 22 34 -165 8 -54 -31 -63 122 -137 79 238 108 239 155 75 9 145 -183 -212 -197 -211 12 -3 -91 -28 -92 150 165 -167 -203 188 -33 -118 -6 -100 -210 -215 -205 66 147 167 172 -195 45 149 -5 156 -9 -187 -232 -73 97 27 179 111 225 127 143 -220 21 -138 41 113 98 64 -84 236 229 151 -75 -56 -107 189 -78 -127 120 170 -21 -134 203 160 -170 -208 68 15 117 -96 -53 -69 194 -61 193 -179 -145 81 187 -242 -156 216 46 -106 -124 -164 -112 42 -250 -104 -114 205 166 -89 215 -133 181 244 35 4 -97 -34 -162 -140 136 243 10 -123 85 -131 208 -173 70 196 38 71 82 -246 -160 58 23 169 234 -221 -154 
TEST 104 ARG:88 -120 -121 44 220 -233 -145 -223 111 -105 122 81 205 127 -73 -199 -241 -26 224 -232 -17 19 196 195 248 -203 -155 56 212 24 -97 -64 28 125 -183 -92 -65 -115 -208 128 -214 -173 -88 115 -75 -37 -204 135 17 -36 -51 72 144 -52 157 -150 -67 29 245 107 -12 214 194 -110 62 59 94 -135 141 -9 218 241 69 -151 -245 -228 227 177 147 -76 31 174 -230 -124 -7 -57 -167 -1 -33 55 -158 113 -104 -70 -224 142 -182 -189 -14 3 153 -77 -130 -15 -226 -40 -98 -160 -153 -134 -38 63 -163 -129 96 -133 198 2 -78 8 18 121 158 178 202 -56 210 64 191 -46 213 -103 10 -109 54 15 190 -34 -5 39 38 249 -205 78 7 0 117 -212 -238 33 -61 103 -250 27 165 -198 -146 211 -211 171 60 -227 -10 68 92 -243 129 66 70 -13 -149 119 -169 166 -156 145 160 -176 -58 148 -93 215 234 154 -154 91 -210 11 244 204 108 -80 -218 -108 184 35 80 118 -71 -48 -117 -213 -28 -138 -175 105 45 34 140 52 20 -197 -8 -177 -220 137 231 67 163 112 -16 -161 -86 123 75 189 162 42 -101 146 46 132 53 -25 82 223 199 -139 139 22 -44 -166 235 173 43 181 219 217 -116 -194 232 -229 13 106 -42 83 40 -107 -99 37 -3 -85 -209 95 -201 41 36 -21 188 25 187 79 246 -128 -41 -143 149 -47 99 134 193 152 -6 -54 226 -18 -206 -22 14 230 -242 120 -112 161 -178 76 -24 179 -118 -162 236 -192 -63 -114 -83 61 -195 151 -193 124 71 182 -231 -244 -35 -11 136 -20 -140 4 -122 -29 23 228 85 -188 130 169 -72 -207 26 -91 -82 -240 -74 93 49 1 5 -30 200 77 203 104 -236 -181 -171 -137 206 131 225 -4 -222 -190 -53 242 -123 32 86 207 -159 48 -32 -217 -89 50 84 192 -239 -200 -59 -31 216 -174 -69 -164 -246 12 -68 -23 74 -111 -157 65 221 21 143 -144 175 -96 100 -19 233 -43 -225 -125 101 -185 185 229 133 -179 138 116 126 -81 -94 -152 209 -248 -127 102 57 -172 -147 180 -84 -90 186 237 172 -187 -55 238 -79 30 -202 -216 98 155 -165 -170 240 87 -191 -27 -219 -62 9 247 97 -2 -100 197 208 -141 -142 -126 -184 90 -132 -45 156 73 -186 243 167 -235 -87 159 -249 51 -237 -119 150 170 -106 -95 -50 114 -39 222 89 -221 -215 -180 -60 16 -196 -102 -49 -113 176 201 -234 -136 164 -66 6 239 -148 110 58 47 168 -131 -168 109 -247 183 
TEST 105 ARG:-76 2 4 -122 144 231 46 -58 133 -74 135 -13 -146 191 18 222 80 -196 211 -248 -127 -77 240 -186 21 175 145 -119 -104 74 -170 -81 128 -24 180 112 -1 -201 0 20 1 161 -167 -43 118 70 -138 -46 60 178 -249 119 -232 148 -115 -126 105 152 184 162 31 87 -187 -49 -44 -52 -165 -225 -227 -80 35 -57 106 43 -48 179 54 -95 246 -203 -121 -128 117 -173 -185 23 15 126 33 -163 170 -131 -11 -210 90 -175 202 -215 189 -211 154 58 -231 -152 -22 149 -113 -148 -15 -63 -87 -6 229 98 -155 -242 199 -226 65 -116 -62 -129 32 -233 183 95 125 41 -230 -237 -190 -31 68 146 244 103 -136 40 -69 91 -33 -228 129 242 -240 -151 97 188 239 71 216 -94 -34 -172 28 -72 -5 89 -179 151 -14 -118 -8 59 -130 13 88 -156 238 83 172 -241 55 11 114 115 -88 63 -221 -246 -67 187 141 -17 185 -112 -212 94 182 233 136 -75 157 -23 122 24 -27 120 3 150 -54 -162 9 14 168 160 -206 92 -35 -204 62 -224 237 123 75 -3 -101 132 -139 -85 -50 166 -32 102 116 100 -164 79 -60 169 226 72 25 204 249 -209 196 153 30 -10 -194 155 173 39 -100 -82 207 147 -229 171 -176 93 -188 217 76 208 -218 201 99 -105 -53 34 -160 -68 -98 -45 67 -143 77 -66 17 230 -145 -71 -2 203 -89 81 236 57 -93 -195 86 104 -38 -166 -142 121 176 227 -235 206 -96 248 156 -102 213 -250 137 47 -47 194 -193 64 12 -157 192 -79 235 85 61 -12 56 78 10 219 -97 -108 73 -70 -51 -184 -150 29 139 53 -135 -29 -19 -168 19 -205 -73 -28 -219 -202 212 195 108 -106 245 -191 -90 190 -61 138 -247 48 205 200 82 49 -20 -134 -214 165 -244 -140 228 -91 66 110 130 -245 -7 -199 -16 -189 223 140 159 -26 197 -180 232 -18 -200 134 131 127 101 45 27 109 -36 -243 -213 -177 -154 52 -217 -30 -55 26 234 44 -84 210 -64 215 -124 214 -137 -109 -65 -207 -183 -171 174 51 84 -181 37 -149 -25 218 16 -169 -147 -208 143 -220 225 -59 -158 -56 -182 -222 -83 -120 111 -178 -86 -236 -107 -192 6 241 167 50 -78 -239 164 5 181 113 209 -99 -141 -132 96 -4 -39 -238 -103 220 124 -198 -114 -144 -174 -223 107 -133 221 -234 -123 193 7 243 247 36 -42 38 -125 -197 8 -21 -111 -40 224 186 -153 -216 -161 -92 163 177 -37 42 198 -9 -41 -159 22 -117 142 69 158 -110 
TEST 106 ARG:50 -247 17 -124 -242 -115 -74 102 -190 -48 -165 233 -223 -212 -155 -77 63 194 -64 -44 -50 0 -142 175 96 -139 -182 169 143 70 -239 -145 111 -203 210 -216 246 46 -167 -105 148 -201 -246 -166 -4 -159 -40 -62 -96 -81 75 -17 53 103 -10 215 -154 -208 191 -31 130 179 -30 13 -130 92 -1 188 7 230 16 54 6 -226 135 -131 -91 -222 -13 -104 231 -129 39 208 240 1 85 219 -36 88 73 2 127 226 -207 124 -53 161 -14 224 107 37 -35 34 212 -205 -214 93 36 137 -240 -221 115 -235 -173 -98 -172 -185 -43 52 -90 -120 104 74 201 213 -6 -25 4 -193 29 245 145 146 -150 200 -66 157 -177 -213 -237 -136 206 222 -171 -85 -32 112 65 -45 110 -126 202 97 49 190 -125 119 158 182 94 -158 -147 -99 -234 -22 128 -114 95 -110 32 -7 -12 220 243 -128 -87 196 174 -93 234 -233 -117 44 -244 156 59 -75 205 173 -38 89 -27 -2 113 178 -189 247 -20 159 152 227 15 -34 232 -174 207 177 123 241 -23 28 3 237 69 134 79 -204 -188 -108 167 -57 -94 21 136 -80 172 -151 239 164 185 56 -109 -156 -52 -59 184 -107 45 81 30 -163 193 48 -49 25 64 -160 -248 -55 -60 180 -209 147 -26 -97 -178 -3 19 -69 -230 -184 116 -86 60 -200 170 -140 211 -224 -243 -170 -249 58 108 62 153 -73 -227 -100 -41 -194 -111 -186 249 99 -206 -71 -118 214 -18 76 24 -157 -232 139 14 229 47 242 43 42 12 -164 87 -143 41 -218 181 27 151 -21 221 -24 -19 -46 -70 -68 186 225 166 -198 -84 187 -175 -133 66 -148 238 -83 216 -102 -33 126 -141 -47 -146 192 209 -196 35 228 91 -153 -89 203 -134 55 -79 -192 129 150 -183 100 118 -28 -137 163 -15 223 149 67 10 -152 -176 132 90 -162 244 40 144 142 133 83 -219 -65 -54 71 199 20 -122 -116 -8 11 77 -101 -119 248 204 -132 171 -202 -199 168 160 162 78 51 -161 -63 176 -56 236 9 217 -95 -250 195 189 -187 -210 -58 -241 -197 61 197 -72 -180 120 -16 155 -92 -238 117 125 -123 -228 26 72 -5 23 -37 -225 82 38 183 98 57 -169 114 -67 105 31 18 -245 -236 -138 5 -106 -113 140 22 106 86 -220 138 -215 -179 -191 33 -39 -181 -211 -61 -127 -135 235 -51 -103 165 218 -168 -42 154 -112 -29 80 68 198 -78 -82 101 -231 -195 -217 141 131 -76 -149 -9 -121 122 -144 121 -229 -88 109 -11 8 84 
TEST 107 ARG:-86 79 -7 170 -36 12 238 -180 -129 -170 105 -2 -247 43 87 175 108 -197 -245 -93 212 -185 239 203 166 65 -196 221 48 -221 145 -126 76 4 82 -60 -108 16 -6 172 -155 142 -187 -43 160 -237 -135 -57 152 -98 217 117 -85 42 150 -89 234 -236 98 -228 -214 -217 14 -66 -25 244 161 -118 -218 -219 75 -191 -239 223 -184 -5 -19 94 -109 -42 -37 -225 158 53 85 132 118 -177 -29 173 -120 -162 220 -102 -121 235 -104 -55 -119 -1 242 201 127 -136 -147 -128 -67 -94 116 -51 216 -114 156 -41 -53 40 -103 -210 -70 -199 -193 171 -163 229 80 -72 -28 148 -81 -71 -157 17 137 -13 219 55 -181 -249 84 -11 -235 93 -74 107 -216 5 139 100 60 -232 120 -100 -144 -188 34 -154 248 49 -137 -202 -44 -24 -123 136 205 126 -148 241 -131 -64 -106 207 -207 -145 -26 97 -47 -33 200 -18 -242 -141 245 202 70 -143 -146 68 -96 237 -151 45 164 -14 211 56 110 -73 206 -195 157 174 -169 189 -61 -27 -63 -168 -95 27 -161 -15 -189 -84 109 225 -46 -224 129 26 -164 10 -223 226 214 222 -21 123 -9 -75 -69 236 224 -244 204 165 -213 -203 -209 -160 154 46 71 -241 -22 209 104 31 -231 -54 -82 101 86 -127 -190 -243 233 113 50 -80 195 -215 -172 72 240 130 -201 -105 28 167 -3 146 61 191 39 131 66 -83 141 64 -182 -111 21 -156 37 122 44 -208 -227 -40 215 -97 138 91 -113 -200 -238 2 178 89 183 32 187 -130 103 -34 194 51 246 57 36 249 179 -20 92 -88 227 73 243 -38 -91 -230 -192 218 196 22 -183 67 59 24 210 -90 111 -45 -101 -167 -220 121 -23 185 133 232 -179 -87 23 247 230 78 -39 186 -142 208 -79 -153 -173 3 41 -32 -110 140 13 -4 -248 159 115 -246 62 33 -198 -138 -204 58 190 -59 -77 199 -132 181 -31 177 -50 -152 -139 102 -122 19 52 106 8 -116 0 -186 169 7 9 -166 -250 163 198 -49 -165 228 -12 188 231 -125 -124 -159 147 193 -171 151 -92 155 -212 -10 153 88 -174 119 192 -240 47 -140 90 83 135 29 63 -78 -30 -35 95 11 -149 96 69 -58 81 144 -17 -194 38 -133 -115 168 -99 -211 112 6 180 -175 -56 -234 -222 25 125 -117 18 -8 35 99 15 -178 -65 -112 -62 -68 20 182 124 54 149 114 -134 134 -150 30 -158 128 176 -226 -233 -48 184 -229 143 -107 213 197 -176 1 -76 -205 74 -206 -52 77 -16 162 
TEST 108 ARG:130 -95 -205 77 -139 -30 22 -63 -188 -122 -231 182 -67 -29 -73 178 95 153 90 -31 -61 -165 -147 36 164 41 124 -72 -229 -179 225 -237 -148 231 -161 -195 110 224 230 18 242 160 176 29 201 75 241 -197 228 1 -18 6 -145 147 81 148 -125 166 -68 209 87 -69 -155 -92 234 180 159 -66 172 -1 57 151 -249 56 -49 -26 -106 103 -7 187 21 -41 -173 92 170 197 45 -213 212 28 43 40 -216 194 -70 -58 68 30 -12 91 -198 -131 -99 -51 -55 -48 154 -111 37 -239 -150 185 108 -196 -121 -101 -156 -78 -19 184 219 -184 -235 -158 -113 217 -75 -60 23 121 127 31 -187 -11 0 -176 -84 61 -120 202 215 229 207 63 -16 12 -163 99 133 -87 191 -62 226 80 244 -133 -162 102 116 -54 114 71 -211 167 -186 17 -14 59 -65 -204 -100 249 -104 107 -42 214 -189 -181 11 -89 248 -56 32 -159 -17 -53 -227 24 -93 -233 -32 7 -107 156 -169 174 -108 -6 70 19 221 165 3 236 149 -209 -103 -154 192 -225 -191 243 -123 -23 38 143 -242 -130 111 -77 232 13 -238 196 -71 83 -245 -248 146 48 223 -200 -202 205 -141 -214 104 -114 128 -94 76 86 206 139 97 173 -116 -132 -157 118 89 20 -47 58 101 -22 106 -9 117 -34 -201 -24 65 -37 -217 -210 -207 175 -168 49 220 -171 -27 69 150 -74 218 -33 152 -28 -129 -180 46 -38 -174 9 -4 -244 -183 -91 33 -224 -90 -76 210 246 -153 -152 122 -243 -10 125 141 10 -236 115 -8 162 132 100 203 -178 -226 -25 -81 55 -98 -193 161 42 -46 88 -223 -86 136 66 67 96 -102 -138 79 233 -218 188 39 213 -240 14 98 -146 -220 94 51 -246 52 -175 240 -206 181 -126 84 -232 -39 222 25 -21 8 168 193 119 -230 137 -137 -15 -115 211 -52 -144 -105 155 138 93 140 186 204 -208 16 -124 158 62 144 82 73 -199 -3 -59 126 239 -128 177 -2 -119 54 -135 -250 200 -164 -234 179 -142 112 -185 27 -190 -203 -140 105 53 -80 -182 163 -143 -219 -85 -64 -127 -228 157 -45 -167 -35 134 216 -83 189 190 -136 15 85 208 72 78 171 47 5 113 -96 -247 -172 109 227 238 247 142 169 145 183 -57 -109 -112 50 -40 199 135 -118 35 -222 -241 -13 -134 -5 245 44 -192 74 -221 4 -151 -43 198 -160 123 129 -149 195 -194 -20 -44 -215 -79 -212 64 -170 -82 26 237 -177 -50 34 131 235 60 2 -166 -88 -97 -110 -117 120 -36 
TEST 109 ARG:-199 179 -165 -49 -113 -12 -63 -98 -35 -29 -117 -47 -118 -238 218 -149 235 -183 153 -13 79 29 129 210 173 151 -169 66 243 5 93 -228 -206 -210 51 36 233 50 -18 -110 -191 -116 118 -89 44 -129 23 242 -56 59 -79 168 39 -4 -87 94 24 162 -75 203 123 -244 -223 -224 41 96 122 181 139 171 -65 -39 -74 -249 -217 -138 -68 -71 182 154 -141 248 -125 234 133 -226 -170 190 107 21 -162 62 -214 121 -127 34 35 -229 194 78 189 -232 212 -51 191 -197 176 -219 -171 141 -151 103 -60 127 -80 30 -156 193 -172 -173 -82 -195 124 149 222 -44 -36 75 -85 158 156 -142 186 115 55 240 6 -30 -104 -218 11 2 1 -212 -96 161 231 207 109 166 -52 73 130 -22 14 -216 -128 -27 -43 202 90 -103 211 -154 -140 163 16 95 229 237 27 25 -144 230 136 -179 -152 172 -78 37 -174 170 -10 -208 60 -112 185 -9 13 -84 38 108 135 74 -17 -37 -155 -23 33 -101 -122 -15 -45 8 12 214 -145 -92 7 174 -237 63 152 9 -192 46 -164 128 205 88 196 -184 208 -143 3 -53 119 -222 -91 -215 134 -182 117 -227 -115 18 -90 101 -41 -61 28 143 -150 -11 -240 -40 58 70 183 77 -70 83 246 -231 219 -1 26 -137 -160 -120 -221 -204 -105 247 -146 17 42 -46 -202 150 204 -107 199 -166 200 180 -26 165 -69 187 81 131 -86 -7 -250 -19 -57 188 57 -88 -159 80 -94 177 65 61 126 48 216 -198 221 125 -21 86 -5 220 -109 -99 169 -200 -31 -93 160 132 -55 142 85 -175 232 -245 22 -196 67 -67 -209 241 -236 -95 -59 -205 -83 -161 198 -243 -239 -168 226 138 146 71 -242 227 -100 68 -247 155 114 31 -153 -135 76 -186 -246 56 -114 209 236 148 164 225 0 -157 145 -147 87 110 15 -201 -194 -64 20 10 -158 -77 -108 249 140 -176 238 84 -167 -133 -54 100 -121 -225 -32 -38 -111 -6 -123 -220 245 32 -106 97 -48 -62 192 144 -34 -193 -8 201 -148 -134 91 4 -180 217 -28 137 19 -181 -207 -235 175 195 147 -203 82 49 -185 -233 -50 47 159 -97 54 -139 206 -25 -230 89 244 99 106 -81 113 -24 228 215 -131 45 167 224 111 -73 178 -187 -66 -234 -130 69 -2 92 -213 104 -211 53 213 -58 -126 -177 72 -76 -190 -163 102 -33 -72 -42 -132 116 64 -16 -241 52 -178 184 -102 105 -248 197 239 -20 223 -188 -119 -189 -124 40 43 98 157 120 -136 -3 -14 112 
TEST 110 ARG:153 3 -44 11 108 -196 243 57 141 -58 -83 -178 -43 -155 -20 -2 -117 239 -125 32 231 115 7 -89 140 -113 216 245 -238 -123 -232 -91 13 207 110 -220 60 -19 -159 -139 -17 -5 -214 0 -147 44 191 -72 -189 -242 -49 -203 181 164 70 66 -197 -221 170 95 -151 -95 -118 187 178 204 242 -204 31 109 -56 193 -38 -163 -133 183 62 -69 -99 -24 147 -45 210 -170 -205 -55 215 179 10 93 -26 -248 -185 18 45 209 -202 -33 -112 -213 -61 -209 -187 -109 -75 142 198 -107 156 23 36 106 145 -237 236 -110 152 -13 -14 91 64 -190 -64 221 -71 -28 84 -53 -85 -231 99 244 175 -59 -124 -39 -77 149 129 112 121 -9 182 246 -129 148 1 154 -226 233 -175 174 -250 165 143 33 -149 -97 59 90 -93 46 73 37 -222 -184 118 -200 -138 146 -186 54 180 -142 211 -148 -6 -37 184 194 234 75 101 -143 -73 199 -104 29 43 -4 -234 150 240 27 248 96 -218 123 -126 -84 122 48 137 -146 28 -23 -120 168 230 92 -135 -122 -41 -96 120 -244 188 -103 17 -27 -134 -160 47 -152 -217 203 -164 -199 -92 -111 78 196 247 -66 -86 61 -249 -50 -198 24 -102 -87 195 69 104 98 -229 51 -127 111 -16 136 -223 -216 171 2 -70 -179 163 -188 -243 100 214 135 56 -1 82 -183 -246 117 -32 157 202 49 -173 -158 169 212 -195 -42 -141 155 83 161 224 -169 166 -145 71 241 130 -201 21 -180 -136 -74 -115 172 -168 81 -98 189 77 213 -108 -90 -81 144 -51 -8 107 72 237 159 114 38 -137 -12 200 -54 -105 -76 192 88 16 -121 -130 223 102 50 -60 65 74 -57 -174 79 173 -80 127 -36 -225 225 8 -228 -215 40 -235 -132 -11 6 235 177 87 113 228 -191 -230 139 205 -227 -167 -94 -140 -210 -18 -236 128 -245 -22 14 -212 -10 89 -35 -176 125 -131 30 132 -21 -153 34 -154 -63 5 -30 -144 -3 238 -100 208 -224 -162 134 185 220 -29 -119 58 -7 160 86 206 -101 226 218 12 25 249 190 167 -239 -31 97 219 -166 85 119 -116 222 53 -67 26 42 -150 105 -177 103 227 158 229 124 9 138 -78 151 -47 -247 20 76 -192 133 162 -68 -181 55 -193 217 -241 67 -194 19 -219 -114 -211 186 4 201 22 -233 116 80 35 -106 68 39 -82 126 -48 -79 197 -62 -156 -208 41 -15 -40 -240 -172 -65 -157 -161 15 94 -46 -207 176 -206 -34 -88 232 63 -128 -52 -182 52 -171 -25 -165 131 
TEST 111 ARG:-117 -235 -110 200 161 44 -137 118 246 -35 -25 239 145 236 198 136 78 97 -5 205 34 -8 113 -125 -78 -56 -105 -87 105 -140 207 71 37 -90 -168 50 -228 -239 -186 -27 -45 -188 43 -119 121 -85 14 -95 -34 58 17 202 -209 245 186 143 165 -231 -196 -4 72 93 134 12 -58 -189 220 226 -153 -232 -19 2 135 127 227 -40 -156 -146 -191 -136 -216 170 -81 -66 177 -123 -42 -86 -236 30 -193 -175 -22 223 167 5 -159 249 -129 -179 -89 126 115 52 -154 -77 49 123 -128 -197 100 241 175 221 -178 -142 -169 42 -160 -2 -15 -7 -224 -249 9 151 -38 -183 168 -39 210 33 164 -163 69 237 -218 -134 -204 247 -93 68 -28 -97 -244 -172 133 -18 -60 -33 -126 -52 23 157 159 -118 131 208 152 -75 -144 38 13 -143 81 199 216 -208 -192 -185 234 228 -36 240 120 248 19 160 211 171 -133 -206 -176 119 188 -79 181 -23 -215 -16 -106 -46 124 59 -61 176 -170 -173 -131 51 243 -145 65 -167 -241 -210 110 112 -24 140 98 27 -152 15 4 139 174 -49 142 -82 194 85 -62 -198 183 -213 28 158 138 -13 96 -225 224 -115 -250 -104 -234 218 -1 -148 -205 -88 108 101 231 -17 -201 -242 -92 -70 -57 122 -20 244 -51 111 -174 53 -222 67 -54 -43 79 11 114 75 162 45 -247 -73 24 -10 179 102 91 47 -74 -223 191 180 -100 -71 238 -229 -48 233 -202 106 21 -166 219 242 -240 -149 92 -171 61 182 22 153 54 40 -237 125 222 -220 -138 -180 -76 36 173 25 189 117 -147 35 104 -37 -44 -68 -177 -135 31 217 18 166 -161 89 214 192 -11 63 -155 48 62 57 154 -114 99 -243 74 82 163 -67 128 -31 -194 146 -98 83 -63 -124 16 178 -26 -32 232 -96 196 -217 -226 -50 88 -200 -72 215 1 -212 70 203 156 0 147 -150 213 -230 -59 7 204 109 90 -184 39 -127 -227 -6 76 -29 155 -65 -84 55 -47 206 -69 150 -233 190 95 130 41 56 -181 -246 -151 66 225 -102 193 137 20 80 -109 144 46 60 84 116 -164 -14 230 -94 77 -221 -219 -190 -116 -103 -9 197 8 132 -245 -157 -162 -83 187 -238 -165 86 -199 209 107 87 -99 149 -130 -182 -112 3 -55 -30 -21 -107 212 -120 -195 -41 -139 185 184 -132 195 169 -64 -108 73 94 -211 -101 -187 26 -207 148 6 103 172 -91 -141 -53 -203 -158 10 -122 64 -111 29 -3 141 -248 -12 32 -80 235 -214 201 229 -113 129 -121 
TEST 112 ARG:-151 138 94 249 21 210 127 243 -169 20 -84 153 -44 -37 -136 169 187 -199 165 148 -80 -64 108 22 175 10 167 8 64 -219 35 185 113 -185 -153 164 -39 194 52 29 3 76 -243 -107 -150 207 101 95 -40 -30 -49 -149 -41 199 208 -167 -186 -95 31 118 -32 74 161 111 -195 72 78 158 -114 -157 191 98 -216 -35 -56 -244 -127 45 -166 235 128 -163 -208 -54 -23 62 151 -74 -8 -128 -89 -205 39 91 -131 -146 -27 -48 42 -12 130 112 -86 50 -179 -189 -227 -220 28 163 -116 117 -122 -92 213 -28 239 -168 -183 -17 -13 168 209 105 -81 12 217 114 -129 -222 -240 206 -241 -46 -73 -111 -82 54 -100 -211 110 -3 65 -69 120 220 81 -18 222 -200 -152 150 2 -66 99 -72 93 -70 -53 -19 215 238 -140 172 124 -234 -194 -124 -121 -184 -206 230 57 -132 -192 -154 -162 87 -50 -45 189 -15 -250 18 46 -143 152 69 -16 188 -246 -101 -88 -247 73 -159 125 82 -55 171 -198 -126 97 -93 -43 89 226 -181 -160 157 0 -173 -71 27 202 -65 -213 70 203 -178 -161 183 41 -203 -75 104 -106 -9 103 38 147 219 -133 146 173 -242 -230 11 234 156 -57 -191 -47 -61 6 -238 137 36 77 -90 71 -239 126 139 162 53 177 -245 241 -188 -38 25 -210 192 -187 160 -117 -77 -85 211 -176 37 88 59 212 233 -113 102 190 -237 90 -96 100 -207 -180 67 129 -26 -109 155 119 236 149 -62 -94 159 -145 -215 -170 -229 142 -225 195 193 -51 4 -2 107 196 -226 115 26 -52 -142 176 -190 237 -4 231 56 225 -165 63 109 154 -214 200 -20 19 -59 61 -11 -175 23 232 134 245 242 -158 -118 -197 -204 -98 9 79 43 34 -76 -223 198 131 135 170 204 -228 75 44 180 -201 -248 -91 218 -155 -196 -134 227 -231 -102 -171 -172 -21 228 -156 -202 -123 144 -236 -137 -139 -108 197 1 -164 -177 -218 84 83 122 246 32 -78 247 92 -99 136 214 123 132 -209 80 -6 -148 -147 244 -224 216 181 -233 -33 -24 48 47 174 -232 166 -34 -119 -103 133 -5 179 -249 33 -235 182 68 240 -193 -135 14 -97 248 229 178 -58 30 -115 -7 -79 -22 7 13 201 86 96 -104 -182 -83 66 24 -87 49 106 -105 -138 -63 141 -212 -29 -42 55 -174 -141 -130 -14 51 60 -221 224 16 -217 15 -110 223 145 -67 58 221 184 5 -68 -112 -31 121 -10 -1 40 -120 205 85 -125 -25 -144 -36 -60 186 143 116 17 140 
TEST 113 ARG:154 41 175 -216 114 55 3 30 4 -38 223 29 82 246 145 -241 -134 140 62 -30 15 -193 244 -9 20 102 126 -72 -50 -130 24 -113 245 54 -152 -169 242 110 200 -217 -79 219 -121 -150 -103 -176 -26 100 176 -16 -117 -250 -115 -34 122 -147 53 -227 78 190 -213 237 -46 32 -153 160 -165 232 -84 -56 127 76 -3 151 225 43 -49 93 105 -171 -182 52 -14 -47 109 163 -211 -162 -167 74 47 241 -96 -93 -160 -137 -155 -207 -58 130 -206 -212 209 -149 48 -220 -36 147 -32 -145 21 -102 -170 234 -8 239 -234 157 75 -127 -22 101 195 -106 221 -232 -67 204 136 -140 -78 -139 -175 39 -142 66 128 -83 28 -85 -236 133 213 158 -92 -39 35 -52 115 -11 152 -157 -148 212 38 95 -118 150 137 5 -42 -27 69 -75 51 11 98 207 -86 -208 -249 231 -66 85 -68 121 -247 -198 -54 -24 67 168 -70 97 6 8 191 -195 -188 56 37 215 -136 -98 -244 72 88 153 224 46 -87 194 -124 -119 -230 84 -112 -205 -5 9 -89 164 -187 -120 -2 91 33 167 226 -45 -177 -20 -25 144 178 -219 116 156 229 120 -55 189 -74 173 -159 -90 -31 174 -65 -194 148 -28 211 -228 90 233 -192 -239 161 -35 60 -210 49 -116 180 -105 -33 81 -23 196 -133 169 -226 94 -190 -233 141 -215 -108 83 220 -18 -246 -174 -29 50 -235 -223 216 -181 -60 -71 123 0 183 206 193 -191 228 -168 238 44 142 186 227 -37 -186 129 -248 -57 205 -19 210 -166 -225 -51 12 -238 71 222 201 111 34 -245 181 -178 2 16 -99 1 -17 70 19 -43 103 138 125 26 -135 -80 -122 -189 -76 -143 -184 117 27 -199 86 -204 -111 132 -53 -109 -41 236 -104 146 203 99 139 -185 -202 17 -172 36 25 171 135 -218 92 -231 217 187 63 188 -154 -201 -48 -123 -82 -97 -224 -77 -196 18 -21 -161 -126 -128 -197 -110 -12 -7 -13 184 -69 -243 -125 247 80 -100 -163 -132 13 -221 -200 87 149 7 77 199 -95 57 -62 -138 14 -10 208 -63 134 -229 -44 249 218 143 159 112 -180 -183 162 -4 31 -1 61 40 -91 -94 170 -158 -129 22 -214 -222 -15 -151 -146 -237 182 -101 -156 68 -40 58 177 131 -164 -209 79 -179 230 73 -64 108 -59 -240 10 240 248 65 -114 -173 192 124 -81 202 166 235 179 104 118 -144 -73 113 119 185 107 23 106 243 155 96 59 197 -141 214 -242 -6 -131 198 165 45 -88 -61 89 -107 172 42 64 -203 
TEST 114 ARG:-223 -229 41 -236 34 155 143 244 42 -165 206 188 -173 -58 -82 44 228 61 -69 74 -60 -222 -232 197 -245 -70 9 166 -137 -46 -135 -1 -208 -194 -122 240 -38 95 30 -168 48 49 0 -154 -73 -241 204 246 -79 -214 249 25 18 72 136 90 119 112 60 154 31 107 -174 -57 170 -186 -42 147 222 -171 -95 234 -118 -55 46 -156 -207 -10 63 -91 76 -203 -157 97 17 -140 111 -32 242 149 157 -149 144 -35 14 -246 216 -150 126 -212 193 -33 22 -14 -22 -216 -26 219 195 -152 -23 -202 171 158 169 109 -36 71 24 -239 -178 183 -100 -97 176 -141 8 199 129 181 -195 -153 78 -51 -231 208 37 232 236 -161 -94 -47 -147 81 -43 6 175 103 237 -123 32 -219 205 57 -56 212 100 -13 -180 -196 -114 203 -111 150 -128 156 -175 -204 214 -138 230 93 -112 -132 -136 224 -106 26 13 -68 -170 115 172 33 -4 27 -124 235 -167 84 56 173 140 45 -215 55 88 40 -20 -159 132 15 106 19 65 -240 177 190 -191 -27 231 -193 101 -18 -16 -181 -160 153 198 -86 -62 -3 189 -9 43 58 4 -44 -37 29 -31 38 110 168 -177 248 3 215 -113 -247 137 10 113 239 -179 178 -102 -151 167 116 -89 -190 -49 86 233 -8 -21 -77 -50 -209 -205 134 92 77 -116 39 98 -142 23 21 223 210 -199 -217 145 -53 -84 -125 182 -17 131 -39 151 -41 1 -81 -19 -87 114 184 2 -108 163 -184 99 -5 152 -243 196 59 -25 245 -164 -238 -48 211 -226 -107 -66 -155 -120 -189 207 127 -129 226 -98 -78 -101 -71 180 -169 186 221 -139 85 -2 -80 -115 -188 62 -92 -218 -163 142 -134 -192 -88 -85 -237 -30 229 -234 -221 -206 -158 -15 96 -105 243 -145 53 -29 -127 -210 -130 -121 -24 -198 138 -228 191 -172 201 -248 -99 51 82 -211 -242 -59 192 -166 174 200 -45 -213 -185 -148 160 -74 -103 123 20 68 185 -233 36 -75 87 139 64 50 124 -83 -52 -162 -144 -90 -176 -230 -63 141 -119 -249 102 -64 -40 -244 213 128 -54 -93 -143 -250 194 66 -146 -131 133 -67 -12 247 209 7 120 -109 225 -117 -61 108 104 165 118 11 -225 -197 94 54 75 -11 164 148 16 -34 162 238 52 130 122 -104 73 -65 89 218 80 83 -76 -7 135 69 125 67 -200 47 -227 117 91 -110 28 -133 -201 202 -126 159 70 161 146 -96 -187 5 -182 -72 79 12 -28 -183 105 -235 -224 227 179 241 220 -220 187 -6 121 217 35 
TEST 115 ARG:246 85 245 18 -187 46 23 -112 -175 -217 -135 10 -71 -95 65 122 59 -37 167 241 161 127 -62 209 22 -114 25 -206 28 163 35 -158 -115 227 29 -146 -180 -4 121 95 242 -79 -219 175 165 -188 -27 186 -186 -122 114 199 -198 12 169 -36 -69 118 -144 -73 153 224 -56 -119 26 148 -96 -67 -61 247 -113 -23 -139 198 97 -149 -57 141 76 189 -191 136 124 -44 -171 104 58 -218 -177 116 -153 -248 -211 137 140 -107 -64 143 108 -147 107 -86 -181 -84 190 73 -26 47 9 150 -224 -34 -159 -19 41 -55 178 -93 -35 206 -20 105 2 -129 -1 -110 -226 50 -160 43 -203 -11 125 129 170 234 34 -58 -232 -126 237 -225 160 40 -249 229 -60 -120 210 158 123 231 164 -65 221 218 38 77 -33 62 -165 -133 -242 216 139 88 145 191 194 -215 92 248 -240 48 52 -138 -192 54 -246 -143 82 -209 14 -76 183 61 200 -141 -94 196 -250 144 -85 -220 45 187 -208 90 -167 71 -28 -108 66 44 -197 -38 212 93 115 126 -10 -51 168 217 -136 67 225 -83 202 69 -88 84 -231 134 86 -156 -183 173 -75 78 182 -5 -237 -142 -130 -17 -47 -172 181 -98 -194 -97 -121 -179 -148 -233 -229 -80 -205 -182 -18 33 53 -43 -72 -105 51 -178 -140 103 192 -9 -132 20 -202 111 -164 147 -193 -81 -123 220 -90 13 232 -6 106 -39 -78 -234 233 -21 89 138 -42 4 -189 72 -173 -161 228 -117 -200 -89 -239 208 96 -101 -68 -201 101 -168 74 11 243 -210 235 149 249 -25 -74 -152 -2 -222 -137 195 230 60 119 -166 133 -134 226 -92 68 56 -103 98 100 215 -245 15 -41 -214 201 214 -29 -48 155 -66 -22 -170 -63 27 79 -49 152 -163 17 184 236 166 -118 -216 8 7 159 197 223 -125 222 6 1 132 172 -106 240 110 -199 -195 -99 70 -190 157 -8 219 -12 -228 -14 -128 -50 -185 -241 185 -24 205 -235 -77 176 42 -127 75 -3 203 -221 -102 -184 177 113 146 -82 21 -100 94 128 174 -207 239 57 -111 109 -15 131 5 -196 -131 3 -155 -150 142 -169 -145 64 -238 154 -13 87 -7 -59 -174 30 -213 24 -54 -176 -124 -70 -52 162 19 244 204 -244 91 193 -87 -46 -32 151 99 -40 36 -162 -230 49 102 -31 117 171 -109 -45 -247 -30 130 55 63 180 -204 -157 81 -223 -236 -16 31 80 211 0 120 -151 135 156 -243 83 16 112 -104 -91 238 207 -227 213 32 39 37 188 -53 179 -154 -212 -116 
TEST 116 ARG:-198 -215 27 80 68 202 69 -110 -121 -35 -22 -247 -7 -111 110 -113 120 194 -125 161 -139 -219 199 -128 188 130 211 -74 235 -114 -197 -99 168 -156 205 179 192 -212 237 -42 106 -211 -106 -75 -27 -103 -229 -134 -144 -8 38 175 98 232 113 141 121 24 -118 -33 -66 224 -192 101 35 209 51 183 -93 -73 -239 72 231 -216 22 -220 10 -151 -153 -97 146 -142 -72 200 -233 104 177 -49 -194 -32 -91 -250 -23 -167 -109 100 -43 -201 142 117 236 -2 -122 5 -133 18 4 32 150 -34 -62 222 103 178 -17 214 -124 -52 145 -235 139 -46 7 133 -15 -243 0 95 -217 -186 185 -3 227 -59 26 -71 -222 164 -18 140 43 14 -81 -176 -246 -240 -36 -147 207 11 59 -223 53 31 -179 -161 -162 40 12 -64 -168 149 -209 -55 63 244 28 -248 -135 186 -69 -187 -115 -173 57 160 246 -94 -224 181 54 -249 242 249 203 124 126 -100 123 116 45 -231 -14 94 -90 105 -88 -47 -244 -140 151 71 -6 201 -96 166 67 -89 -77 -190 152 -177 66 79 96 102 -28 -205 129 -138 108 -146 -84 -145 -152 16 -45 136 78 148 60 208 -238 -232 -37 -78 -237 20 87 -180 -65 -30 -98 -95 -116 -218 -193 218 -228 241 52 -165 180 170 -221 -225 17 -160 6 135 84 -19 -196 -87 112 -170 230 162 184 190 -26 77 -157 91 115 -16 -5 83 41 -214 -202 -141 76 82 138 -24 -234 15 206 245 97 -63 -108 -208 197 137 226 92 25 -143 132 -44 -1 -154 -159 -131 48 -29 221 158 134 239 143 212 114 240 -105 111 -210 55 -80 58 122 -182 195 223 198 -54 156 -163 -137 62 -21 -203 -117 -20 -227 -181 99 159 -11 248 73 23 -40 154 -204 -241 -82 -169 107 21 176 144 -13 234 125 219 29 189 -188 42 220 225 -102 -183 229 -206 -126 -149 193 243 -172 238 -132 171 -38 -174 2 81 -68 191 215 216 -12 -199 -85 65 -245 -230 -10 89 172 -83 9 -171 -51 -86 -189 75 -67 187 153 213 -60 -158 90 -164 169 50 157 -150 109 -92 36 -104 -50 -213 247 88 -57 -184 174 49 30 173 210 93 217 167 -148 8 -31 64 -119 -185 -70 3 -226 -178 -41 -58 -120 127 -4 -236 56 -53 204 -56 19 61 37 1 -61 -130 70 -191 -166 118 -127 39 44 74 -25 -76 182 -39 86 228 46 -129 -242 85 119 165 -123 13 -101 34 -48 -200 47 233 155 128 33 -107 163 -79 196 -112 -155 -207 131 -175 -9 -136 -195 147 
TEST 117 ARG:102 -159 -129 -214 81 -213 96 125 117 156 7 -78 80 -107 115 124 -170 -80 222 -137 -207 120 211 210 114 -208 -66 137 68 -85 -175 -210 -135 130 -172 169 134 -63 30 -83 -76 -38 -203 202 177 -224 -3 -136 189 139 174 52 160 -81 133 73 -118 36 246 -245 46 -79 136 -155 -8 22 -110 -222 -31 -196 -158 -238 -200 -32 113 -133 140 242 16 122 188 10 -211 -171 -40 -30 196 -250 173 79 -59 -114 -67 -42 -204 76 -230 54 -39 -115 -187 175 -72 161 183 -241 190 128 -160 -101 -10 -6 238 95 167 111 -33 21 -12 -209 84 -181 -93 -152 -146 163 -102 -84 -41 109 92 138 -240 -23 107 9 -49 -68 244 -90 229 49 67 -75 127 -116 -51 192 -26 216 -168 -21 -154 62 35 -43 -92 24 32 123 63 26 20 158 -186 153 -139 217 -9 -106 -165 195 -44 225 146 -11 179 -150 -24 -13 5 -97 -111 172 185 -105 150 -212 14 40 55 230 -112 71 -19 -57 207 97 -205 29 69 118 -153 -182 65 -52 112 15 -34 240 -65 -100 -237 18 -14 121 219 -94 223 2 38 88 -53 -20 164 200 -239 42 -64 -180 -233 -232 -163 -148 -229 72 99 17 -95 -226 162 197 -156 143 237 236 37 -7 44 -223 235 226 159 53 232 -103 -193 56 -166 145 -176 91 -119 206 -169 -234 89 106 186 165 85 28 -243 243 -134 1 -117 47 -96 -109 212 181 191 215 -37 119 61 75 -2 245 -174 -184 180 -189 152 -1 58 -69 -35 -145 108 -54 -248 -183 184 241 -71 -173 104 199 -162 129 -36 82 -126 -202 176 201 151 39 23 4 34 -185 -99 -216 57 -121 148 -27 -28 -48 25 -231 98 41 -104 205 208 231 168 194 0 187 -151 213 -18 -131 -236 -17 204 193 100 149 -206 -157 -228 -161 -56 11 -191 198 -22 144 247 -143 -86 249 182 -235 -147 -122 -87 239 -178 101 12 -192 60 -195 -47 -113 -16 248 -15 -167 141 -73 -246 -120 -62 -127 -89 83 50 -219 -50 31 -46 3 209 51 132 171 -123 -61 -249 -225 -125 -227 -124 -247 105 116 -198 -29 -138 74 103 214 131 166 -77 -242 77 -164 70 203 -88 110 157 59 45 -220 33 -45 66 93 -141 -142 227 -98 27 -188 43 6 218 154 -190 90 220 -197 -25 -108 -70 8 126 87 -140 234 -215 64 178 142 -221 -218 -128 224 -132 -60 -55 -4 -144 -74 -82 -244 48 -5 -199 -217 -91 135 155 -177 -149 -58 221 -194 13 19 94 170 228 147 233 -201 86 78 -179 -130 
TEST 118 ARG:240 144 -123 -11 -241 -53 -121 213 -65 181 43 207 161 9 206 -113 51 233 -43 21 24 -176 -199 149 -83 -119 55 228 29 46 110 -213 -135 194 108 -71 -112 45 -60 -246 15 205 243 75 89 127 134 -202 -87 -105 -33 182 -30 100 -162 22 -177 -229 -154 159 2 -96 -209 139 229 -124 -183 105 35 -231 -194 -47 -68 81 -237 -131 117 -148 64 147 230 -141 -10 115 8 -63 -168 88 -6 224 231 -132 -215 -227 -133 -64 215 146 -200 -116 -98 49 109 -130 96 -228 198 76 145 -193 -192 -151 111 -51 186 -31 -164 -223 -28 -195 -69 126 -138 -128 47 -165 242 114 -144 165 133 37 -18 106 217 28 -204 104 172 10 -15 90 95 -172 40 -248 239 -170 -247 -197 57 20 31 164 7 19 -23 244 -57 30 13 -7 -14 128 77 107 -175 -8 169 -226 14 -185 -24 212 92 118 -62 135 247 87 -173 158 -220 69 -37 -76 -139 196 168 -232 -4 -93 166 227 -16 91 153 232 113 -2 103 11 167 73 203 17 74 -52 -22 -153 -91 -180 -236 -39 -137 -210 -61 -101 116 -178 -17 137 216 129 -189 -126 32 -109 222 -70 148 150 185 -86 188 -205 -118 72 94 -196 97 26 -84 236 -115 -117 101 67 1 -216 -163 -20 -244 -102 226 -212 -167 -3 -188 -85 -95 248 151 61 82 132 56 -174 140 -40 83 44 -29 211 -230 -48 41 -45 99 -106 130 -97 178 -161 -79 66 175 -129 -239 54 191 174 197 -198 -190 53 220 -41 6 189 98 36 -240 -181 79 62 237 -125 27 180 60 201 -120 179 156 177 -243 -224 -158 -5 42 -152 -208 -90 -1 -19 -238 238 -80 214 5 78 93 -73 246 122 249 -88 184 33 71 187 50 143 155 -100 25 -184 120 210 12 34 -207 -46 193 -234 -78 -27 176 86 68 18 -94 -201 -103 -108 -155 -9 112 -206 -166 -233 -44 -222 -72 -99 59 -182 70 -89 -34 125 102 -26 -50 -122 173 -92 -75 -217 138 -32 119 154 162 123 -104 -67 131 -221 -111 -186 23 -35 195 -25 124 3 157 -21 241 -169 121 192 -110 -147 -38 -58 -36 -150 171 80 -82 -49 204 16 141 -74 -211 -59 -235 -145 -143 219 -187 -191 -81 58 -218 199 84 160 -56 170 -171 4 225 -42 -13 221 -66 -54 245 52 223 -146 0 -157 152 -160 -127 -203 208 -107 -225 -156 -134 -55 39 190 202 136 63 -250 163 218 -12 -249 65 200 -179 209 -142 235 38 -149 85 -219 -245 -114 -77 -140 -159 -242 142 48 183 -214 234 -136 
TEST 119 ARG:218 -35 4 198 -37 -57 115 89 -47 42 113 -40 160 68 -27 45 155 -176 72 41 -145 -42 55 50 27 -130 -65 -189 -181 14 -3 -125 184 -100 -1 49 12 171 -138 -154 -205 -52 197 99 -216 13 31 19 105 -136 64 161 241 -132 59 235 -7 22 -128 140 -139 -45 39 11 -66 -68 -96 -239 -36 -209 -98 138 228 239 1 52 70 -101 159 243 80 -13 -137 95 -103 237 -80 178 -39 -151 222 -120 87 153 -119 0 65 -169 146 -168 76 3 229 -194 234 -77 -60 249 -12 214 182 -56 -5 127 -32 -146 103 -115 93 -38 -249 -15 -238 61 104 230 -241 75 -157 35 189 -10 -150 -53 -72 -183 -24 193 236 5 176 -30 -134 -43 -188 -92 -144 174 -208 -85 -26 -140 -159 -198 232 129 123 212 -222 -102 117 -50 -58 134 207 162 194 -117 -95 -19 -175 224 -91 -237 226 -9 -231 -221 121 -17 83 51 -215 -193 10 192 -207 122 -131 -127 154 -172 67 46 185 96 215 102 -190 -112 124 -197 -86 -236 204 221 141 -129 -149 -105 126 33 36 187 -203 151 -116 -226 8 -161 199 -156 -167 30 -163 -230 131 -11 74 -97 -147 60 240 -244 25 -142 -201 -104 -62 168 -155 220 -166 -228 206 -49 133 -180 -25 81 -171 -225 201 130 -29 173 223 152 38 -111 164 -126 247 -41 -206 -173 -202 242 -81 -23 -78 150 -28 -121 77 180 -191 158 -152 209 109 -170 -67 -54 -243 128 -124 -148 -59 139 148 53 116 -223 -109 -235 -224 -186 -122 136 47 -174 112 -83 196 -21 208 181 -33 21 -185 20 -229 114 -250 188 225 145 -141 -88 -51 219 16 167 186 100 34 54 -31 62 -182 -219 -69 107 -220 6 233 -71 -108 -22 -73 -75 -55 -211 -114 217 -165 211 -6 92 -123 -93 63 28 7 -179 -248 175 165 -196 203 120 125 231 98 -160 -87 90 -218 69 24 -76 106 177 190 43 -177 137 157 -184 -107 44 -94 110 119 -34 216 210 -118 227 29 -212 -153 -210 166 85 86 -164 132 205 142 94 246 147 -14 -240 -46 15 -63 -192 -143 26 -232 32 183 -204 156 -20 -213 -106 73 -61 248 169 118 18 244 -64 -158 -200 -246 -247 56 40 -90 202 -4 -178 -44 245 -79 -74 88 111 -234 -195 143 -113 97 -162 66 2 -110 -48 91 200 -245 58 170 9 -84 -133 82 191 -217 149 -70 -99 -82 -233 -227 -199 144 163 -2 108 -187 195 -18 84 79 213 -135 101 17 57 179 23 -214 135 -89 -8 37 172 78 -242 71 48 -16 238 
TEST 120 ARG:236 -142 125 -221 147 -82 94 93 35 55 24 -93 191 214 -172 3 -160 -190 -216 225 -17 32 81 153 104 115 -75 -54 33 129 183 84 -237 200 50 -42 130 237 -159 80 67 -77 -214 -57 -179 48 -200 162 -105 -246 158 -222 -58 -94 -97 -244 -106 -134 119 185 174 11 -51 197 -4 -19 206 53 -229 -153 209 -20 157 -239 -92 -65 109 -170 -233 60 -72 187 41 122 -177 -196 -40 -240 -241 -91 212 215 30 63 -201 -141 -125 182 -50 95 -186 78 45 221 6 165 -181 -108 -62 -210 101 20 159 25 46 -14 87 77 -164 -71 -175 -135 -193 128 173 151 10 195 12 -25 66 58 207 -155 120 -81 155 14 -119 62 -163 -206 79 243 -129 -109 178 -86 -117 54 1 -15 -203 203 194 -6 -243 96 -110 220 233 -242 -230 21 -1 -213 -151 -185 -2 36 -63 0 26 110 56 -161 249 144 179 -224 -188 226 -178 83 68 -245 -59 248 141 43 -189 -205 170 65 202 -132 100 85 -74 -133 -38 4 69 234 -100 -37 247 64 -154 47 216 193 -192 -123 142 137 239 -104 -73 238 -249 22 175 242 34 -5 -156 -107 218 -162 -122 37 -79 -247 -115 89 -234 -169 231 -39 -232 198 -235 -208 -8 164 -121 -10 -226 -165 -83 52 31 180 -18 -145 160 -231 9 -12 118 -167 59 -84 90 -90 201 116 28 29 72 227 211 99 -49 166 161 131 16 196 -116 102 51 167 -102 107 -103 132 -150 -176 88 176 -139 -66 181 -48 -98 -31 -158 -70 -13 189 -209 -56 86 -146 222 -36 192 134 98 -23 -182 -168 -16 -197 106 -27 -33 70 27 240 -68 -136 -171 223 -45 -95 117 143 -166 44 -87 -204 127 -47 -238 75 -30 -101 -184 -131 -124 184 -194 152 -89 -96 154 -78 235 -127 -61 -144 -207 -126 146 169 217 76 145 7 113 199 244 -60 -149 210 -67 -199 71 241 219 8 232 213 135 204 114 -215 172 82 74 40 -195 -227 -223 -26 103 2 -202 208 92 -225 -44 -187 -113 246 -99 -7 245 -111 -198 38 123 229 -220 -120 -53 97 19 -173 138 140 224 18 -157 149 -24 -183 -174 -211 -191 -130 13 163 42 -11 -29 -43 -3 73 39 205 -218 -28 -55 -118 190 112 148 -152 -143 230 -112 171 49 -88 126 108 -228 105 -148 136 156 -52 -46 -137 -41 188 -21 -32 -138 17 133 186 -140 -22 -69 -9 -128 -80 -35 -34 150 -85 23 -180 -250 228 -114 121 -217 57 -248 111 -76 91 -236 -212 61 168 -147 177 15 124 5 -64 139 -219 
TEST 121 ARG:-61 -31 -88 -92 -158 7 -115 -244 -173 68 -12 -235 13 -201 201 -69 -85 -123 -226 -196 200 66 -131 -208 -192 -174 206 213 122 -99 103 -142 -191 241 145 -14 39 248 33 -203 161 -78 116 -50 99 -170 -165 -247 43 94 -33 -190 -83 -68 -221 -236 -8 73 83 86 136 -214 -97 108 -234 -141 -44 -246 -228 -112 -60 -122 -202 191 222 195 183 -101 -167 133 -48 109 -82 35 128 -25 -36 -149 49 -107 -120 67 -169 211 147 97 118 -205 -148 40 -1 189 148 221 71 -90 178 -66 56 -39 193 -227 -76 -151 -117 11 -172 -103 231 31 -231 -126 -53 196 -34 170 -63 111 -241 236 -42 -162 105 18 -96 -130 184 -250 -217 -57 -49 -137 89 -118 -204 -71 77 9 123 113 -230 -164 -229 192 6 -28 -155 -177 -6 -29 169 15 -185 -136 64 57 46 156 55 104 -20 208 85 -245 -207 187 50 -47 174 167 5 27 239 100 -129 205 19 -119 -100 -67 162 24 -125 59 199 -240 177 159 207 45 81 34 72 131 22 -161 138 -32 -110 3 76 -152 155 157 -98 30 -147 -249 154 38 139 -2 -178 29 -38 -243 125 -140 -157 -37 20 60 -239 -242 149 240 126 212 225 142 226 132 215 124 110 -62 186 -166 -189 -186 -216 75 -218 -211 -219 -146 -46 144 185 80 101 93 -132 218 -54 -116 165 -113 88 -75 36 -163 -215 84 151 -183 -10 150 -51 53 -143 227 -135 163 87 209 -179 127 117 -109 21 216 119 -27 51 -134 47 -182 32 2 -187 214 -206 42 -124 235 -127 -5 129 -197 -106 112 249 181 190 180 -91 -194 134 168 -199 -154 171 -65 -80 130 -21 44 229 164 -84 23 78 -225 -198 137 74 106 -111 -180 143 -209 -224 -222 4 54 -19 -171 -144 -95 115 234 95 -114 -17 26 246 61 -105 -160 247 58 237 -56 -108 175 -22 -59 -145 243 176 -213 179 -64 -70 -18 202 -150 152 -210 -94 14 41 -175 -212 146 -220 198 224 82 -248 233 -237 -4 -200 12 -102 -139 120 173 -79 140 -86 -58 -43 70 28 -195 -81 153 -26 -176 158 69 -11 -23 -55 91 -232 107 210 -181 -24 242 25 -40 10 -41 141 62 -168 182 -72 -233 220 228 135 244 219 -121 -138 -156 98 238 197 8 -93 -89 -238 0 -16 102 -184 65 -35 -153 79 -159 -188 160 37 -45 172 -128 203 63 52 204 -7 -9 -13 -193 17 -74 -52 90 -30 166 1 -87 121 92 245 -15 -104 -133 188 114 -77 16 -73 230 194 96 232 -223 -3 223 48 217 
TEST 122 ARG:121 80 -174 61 232 81 -213 158 224 138 51 -107 178 142 233 -93 24 -83 148 -138 -40 -232 -127 60 -123 144 89 -48 -134 71 -96 -148 -185 146 68 -158 208 -209 -72 203 -192 -115 26 173 -176 123 -16 -207 -19 -135 -178 122 -37 -198 -47 74 -193 -212 -61 184 -57 87 -22 6 36 103 -95 17 -11 223 177 1 116 -177 -5 152 66 55 188 -202 193 -195 -221 -117 53 167 -159 192 -31 242 27 -73 77 18 133 236 84 -106 -79 -78 -222 127 -74 23 28 179 82 -70 58 149 14 195 -173 215 -7 -247 50 -113 226 -1 -51 219 126 -20 57 104 -62 -155 -119 -215 -141 93 115 91 249 -124 166 25 234 -239 99 145 -33 -162 39 10 189 -99 -94 41 -21 229 -223 59 7 244 -116 150 151 -200 -241 107 49 241 -30 -203 180 -183 207 248 88 78 128 -125 -97 -190 231 221 4 -182 205 -121 -4 222 225 -130 86 194 -65 120 -111 -2 243 -76 -152 -156 65 -157 -235 98 135 176 113 228 -12 -104 160 -36 172 -219 -237 -129 -60 220 -15 -250 -64 16 -6 -44 237 -131 -122 130 75 230 159 -34 -81 -82 -210 -180 -167 -191 238 -88 132 -143 -242 11 -160 181 73 -194 112 134 186 201 -67 199 -204 -49 -84 169 -224 102 210 42 -181 -171 124 -132 -27 -26 64 -188 164 190 -243 -201 161 -45 -39 -128 97 37 -75 129 -69 94 -126 -118 -211 139 -133 -164 239 -139 -14 -220 -17 -66 -41 22 -166 163 -112 45 -32 110 141 245 209 100 70 157 -91 -28 -248 85 204 182 155 -151 131 -136 -120 -146 76 -87 171 -137 119 38 35 -144 -89 -231 44 3 185 -23 -55 -187 -225 -68 218 -71 69 -46 -228 46 -10 106 95 9 -25 -42 -103 -214 -52 -50 118 13 -59 125 15 -98 -230 -85 -100 -249 136 40 198 79 143 29 -9 30 214 -208 -110 -105 -165 19 117 -229 -114 48 -179 -43 227 -246 72 2 191 162 92 -140 5 -245 196 217 -163 109 -227 -186 -184 -205 -238 -153 -226 67 -161 175 137 114 34 -189 -92 -13 -236 -240 -80 168 235 33 -102 206 -35 -216 90 32 -54 -234 -175 197 183 156 56 154 0 -90 -233 63 -3 -170 -56 -244 108 153 -18 62 83 -24 105 8 -169 -58 43 211 -197 -168 21 187 216 20 52 -8 147 246 170 -199 -86 -154 -101 240 101 -38 -63 -206 202 -147 -218 12 -109 111 -29 -217 212 96 -172 165 31 -149 247 -108 140 -196 -53 -142 174 200 -150 47 -145 -77 213 54 
TEST 123 ARG:141 -55 78 181 216 -26 -44 111 7 -33 170 178 248 232 199 53 -210 -34 234 -153 -159 -130 127 117 202 45 37 -100 138 241 71 -226 -212 190 -41 -160 -201 -81 72 -223 225 194 -80 -12 85 54 -197 180 93 -25 230 144 -138 228 146 -36 -105 95 -162 226 -148 -216 219 -77 -156 106 224 109 -15 58 185 -19 -91 -119 -237 -207 247 15 -39 140 -166 156 80 132 31 -123 196 214 195 -169 -16 70 30 -8 133 -167 9 -139 207 -244 203 -155 174 -84 26 129 165 149 201 244 44 -142 -136 52 35 -38 102 90 238 177 126 -170 -18 -227 50 -246 41 -40 79 -113 -35 22 192 125 -185 65 204 75 -199 82 81 -222 -141 -206 -109 222 -249 -5 -250 -67 68 -2 159 135 -161 188 -20 -23 5 -68 236 -124 139 215 -30 67 121 -9 205 -221 -190 2 47 183 -17 60 -63 -46 -70 21 -191 -144 -32 103 -235 -238 -61 -122 -215 193 134 -54 -165 124 55 61 136 101 4 -98 145 -107 -86 14 83 -218 -66 163 -233 20 200 13 91 110 179 -171 -69 -220 -177 -37 84 -127 87 108 -72 166 -146 116 237 -180 8 -43 -10 18 64 -158 -92 168 -49 -115 73 113 -74 36 118 -239 74 152 245 231 -196 -184 169 189 -202 -90 246 218 -217 -117 -96 66 -21 112 25 143 223 -78 184 -200 10 -228 -89 -174 -154 -242 243 -176 150 -186 23 34 46 -145 -47 191 123 -240 220 -60 115 -103 206 -209 221 -82 98 -27 -111 -229 131 -6 88 -183 99 -52 59 -241 229 -179 212 -110 130 1 208 -219 122 -13 -56 172 86 51 -187 187 11 210 -101 173 -112 -3 -245 -189 137 -208 -168 154 -213 161 -143 92 28 213 164 -157 151 -45 40 -232 -31 162 -192 -182 -108 38 -59 197 -211 27 -193 -132 119 -129 153 167 -116 171 175 240 -195 -42 -88 -53 -65 -243 -104 -120 198 33 -225 211 -188 -75 209 -87 57 158 -11 -102 -58 105 -24 -205 62 -131 -79 -150 -140 -175 32 -248 155 -149 94 176 -94 233 107 89 -178 -76 -135 -231 -106 -172 147 -97 0 -85 -99 -22 -29 -95 42 242 157 29 -118 -83 128 100 -234 -247 160 19 182 39 -163 -51 -62 -214 -181 69 239 -151 43 97 -71 -73 -4 -134 63 235 -236 -173 -204 96 148 17 -125 -114 -137 77 -48 -147 -194 -203 -121 -230 -14 -224 48 24 -164 114 142 -93 249 120 12 -152 3 49 -126 16 6 -198 -57 186 227 56 -133 -1 -28 -128 217 -7 104 -64 76 -50 
TEST 124 ARG:-139 76 236 -124 73 187 -46 104 -196 -68 -175 -227 248 -138 158 106 148 -14 85 -144 -170 167 2 -30 68 19 3 -64 56 -77 -217 242 -122 160 232 233 12 -91 -223 -182 -250 54 -11 -177 -33 -178 179 123 102 57 -123 -60 -211 -224 176 146 -95 -105 164 149 -225 -85 16 220 30 -173 -233 96 -131 -100 -163 231 116 241 237 45 -5 -236 31 -228 59 -23 168 -168 214 200 -219 -106 -190 -81 171 38 -243 -244 211 -16 218 117 -234 -154 201 210 -146 209 -213 -15 41 79 58 -157 21 229 1 24 91 -158 -111 -249 -41 133 -69 -102 -59 -3 -96 217 130 -84 -174 -89 189 -151 110 -67 -218 34 -48 33 -142 -192 35 -208 -80 -180 108 129 -36 230 159 -50 -31 99 -7 155 -165 -90 84 95 196 -108 -222 -152 -150 -145 80 46 77 -17 -247 165 -160 134 -98 238 225 -87 26 -203 174 139 -58 -75 93 72 177 25 47 208 -35 40 -25 -99 126 131 -104 118 -164 193 -27 -74 111 39 -19 227 -231 -94 140 -127 28 82 -241 -66 228 -112 -215 -201 -115 213 -86 -129 136 216 -117 -9 154 143 -53 128 -52 -39 36 87 -71 11 51 191 66 112 207 -214 246 60 170 53 -70 -13 -107 153 223 -47 -210 -110 224 15 49 10 127 61 -183 182 74 -189 -179 124 -128 -148 212 4 137 152 -78 173 -8 -181 180 -240 42 105 -202 -83 166 69 -73 13 -232 -21 8 20 -29 -238 222 -2 121 -204 198 92 -156 -195 98 103 -171 195 88 -205 89 -155 205 107 -43 -116 -20 -72 -22 78 -133 -101 -191 17 -242 70 -114 243 48 81 -6 185 113 -26 -137 -220 -166 23 141 249 145 142 18 -12 -162 138 199 -88 -56 -161 -42 240 64 -135 -153 6 86 -61 204 -49 -140 -37 -126 -193 0 -55 -44 203 -141 100 -186 -63 -199 244 -229 120 219 -109 -207 234 22 29 -197 172 -235 183 119 -119 125 -149 55 90 115 27 109 71 -176 -159 151 -239 -209 -54 161 197 -185 -4 -169 -18 162 94 -206 -79 -125 -24 239 14 -82 -172 132 -248 -1 -76 52 -187 -198 32 188 175 -130 -38 226 -92 221 -216 181 190 7 37 -32 -57 114 -194 43 75 -147 44 5 -34 -184 -118 -93 184 156 -113 -62 -134 65 202 178 144 62 194 -28 67 -188 -65 150 83 -120 247 206 -143 -45 -226 186 169 -40 -230 -103 192 122 -212 157 -121 101 50 -132 245 -246 163 -237 -97 -10 63 147 -136 135 -221 97 215 235 9 -51 -167 -200 -245 
TEST 125 ARG:243 -112 136 -27 -166 98 -249 -96 -104 95 -33 -62 191 -89 59 85 58 -180 -100 4 32 158 -115 39 -165 -1 -85 19 -53 -65 -195 -211 148 -231 147 -9 132 78 -39 -28 234 163 -228 229 -80 121 86 -46 241 77 -221 218 149 42 -122 48 -174 224 -42 127 134 204 103 53 -143 236 238 -152 -134 76 112 -194 245 173 33 208 9 159 207 237 200 -79 -153 118 -111 228 51 -149 -246 -248 -30 211 249 226 -216 -234 -63 -133 -141 -159 -116 180 122 -167 223 -243 -230 153 -208 81 18 -50 215 -105 -186 -162 97 172 27 105 17 87 107 -49 247 35 -26 -232 -199 232 -106 0 24 93 125 -123 -227 -235 -38 -168 244 -68 179 -214 96 -83 220 240 -163 57 102 84 131 -86 -175 68 73 -173 74 213 222 -178 -124 -240 -170 -155 -41 -224 -204 -48 -144 177 -201 5 91 45 -184 -47 -34 67 6 1 -220 -73 -57 -239 2 164 -92 146 -215 20 -226 -12 106 -21 -218 -113 -10 72 -210 -90 92 -24 70 156 14 -233 -107 -236 -145 -164 99 169 82 166 -2 116 -158 -101 -120 120 181 151 -151 101 -88 -13 -244 40 -54 233 -58 -8 28 -15 -114 -169 -16 -6 54 -52 -176 123 7 -98 -109 -139 155 -4 61 145 -140 -5 162 225 -97 235 140 199 -205 -223 -72 -31 -19 -138 -56 227 -229 -182 -213 -137 201 37 -11 190 135 50 139 12 142 25 -45 198 219 30 150 -203 -55 -131 15 -157 183 217 -189 83 16 -20 109 160 -59 -43 192 193 -81 -95 8 -76 189 60 94 202 -117 -93 -238 62 -64 -171 196 144 -102 110 90 197 248 115 -241 185 -108 -7 55 56 11 -197 128 -237 242 165 23 168 -78 -32 -190 -191 -212 80 117 75 43 -17 113 161 -247 154 -18 -222 -69 -60 -250 -23 88 47 -132 214 -202 167 44 124 187 -22 71 26 -3 143 171 203 -103 129 -14 -196 -177 52 29 -110 231 133 -44 -130 152 188 -91 126 -40 46 -142 36 195 -99 -119 -146 -245 -150 41 -82 -161 89 182 178 130 -36 -29 65 -193 216 66 186 -37 64 174 -127 239 176 -209 205 -185 -188 -200 -125 34 157 -225 114 -118 -25 111 -128 -87 -148 31 63 212 -135 13 3 141 -77 -61 210 -160 69 206 -183 104 -84 -156 -147 -217 194 246 -51 -67 -35 -192 -70 49 138 21 137 22 -219 -75 170 10 175 -187 108 -129 -207 230 38 184 -74 -172 -121 -181 -206 -198 221 100 -179 -242 -126 -66 -154 -136 119 79 -71 -94 209 
TEST 126 ARG:-18 -72 141 45 101 166 -55 29 3 -40 224 -225 72 -82 -105 -169 126 -220 245 246 -4 201 -28 -239 -134 236 200 -158 116 135 124 -39 -218 48 -236 -46 156 249 182 -29 -25 13 -102 -89 17 167 -235 115 4 227 -69 218 112 -27 -30 -15 209 -144 35 142 -217 -113 -96 67 -207 76 -62 83 -173 37 -132 -119 154 -133 165 -48 -212 -189 8 24 226 -197 -83 55 -245 -152 88 216 204 -138 -127 -186 247 206 -94 90 -172 168 -243 42 -214 7 -114 210 59 223 191 105 33 -232 -250 -109 -91 -56 188 -142 40 -215 180 -86 -141 -11 230 -216 38 -20 228 79 194 91 -201 233 160 104 -125 -211 198 -35 -199 -160 163 157 232 -194 -37 41 -237 71 123 -110 -147 248 235 30 148 -179 136 93 56 -181 -64 -76 -196 171 -90 -104 84 -49 199 66 81 11 -95 54 -79 -50 -159 -7 -229 -226 231 -38 -61 -228 -36 -101 -129 130 107 132 74 133 50 10 97 -230 -122 169 -93 172 109 -108 19 31 -13 -84 -66 58 192 152 -193 234 225 143 185 46 -97 -10 -123 -74 129 61 140 -80 43 98 145 -59 53 -47 -188 78 -87 138 -71 -154 2 86 149 -149 158 190 -223 -107 102 -73 65 -227 -208 -130 49 170 -14 -167 -43 34 89 20 117 6 -78 144 -131 -103 -45 139 -65 176 178 -60 114 -51 242 -26 100 -31 -143 134 -92 -192 -178 22 -139 -67 15 -165 -202 -195 -238 1 36 -191 12 -22 -140 -117 -164 184 113 -52 -155 -224 25 146 -85 -6 202 -2 92 -100 68 -203 -148 -151 -34 -135 -57 177 -180 -21 -183 212 70 52 -42 -32 186 -53 64 -170 173 189 -70 87 -210 -163 23 -19 229 99 -198 241 -81 -162 -177 120 5 -247 162 -171 -187 244 28 -126 -231 118 183 -44 151 -222 -244 -146 -137 108 -153 213 197 110 215 -161 -98 203 -17 131 -1 -41 82 39 128 21 220 -205 -112 73 121 150 237 211 -5 -9 -176 60 221 -174 -150 -75 193 57 85 77 -33 239 27 -234 47 -68 -157 -249 153 122 0 103 -221 -54 32 -23 -63 -209 164 175 119 195 51 -116 -115 -233 -204 75 222 217 -3 240 -99 174 238 -12 -242 -190 111 69 -121 -145 208 125 155 -58 -240 -156 -120 181 -106 147 -175 179 161 -124 -248 -128 26 -111 -246 -184 207 219 -77 44 63 80 62 -182 205 -241 94 95 -16 214 196 -206 -213 16 96 243 -8 127 -185 -219 -24 14 -166 187 -88 9 106 -200 159 -168 18 -118 137 -136 
TEST 127 ARG:-126 22 -207 -174 -102 233 38 247 100 -6 -62 115 -115 -122 -197 -109 -7 -20 -144 -46 120 211 76 216 106 -211 148 175 174 -139 -3 207 45 -156 130 -219 5 66 230 94 213 28 83 109 173 2 -179 -110 -17 221 -158 -23 -103 18 210 65 -168 180 122 -135 118 163 157 -161 -209 -99 -245 -31 11 -94 56 70 183 232 34 -59 90 21 54 -192 -187 16 -237 -234 30 154 208 172 128 63 152 -116 25 188 191 -201 -79 144 -198 -138 160 -22 220 -154 139 -10 -1 -175 155 -117 -213 -80 164 -42 -15 52 151 -71 58 42 113 -36 84 17 192 -208 -178 -89 -182 105 111 123 194 -218 119 -95 49 167 59 -96 -24 -134 48 20 -65 -240 185 -4 231 -82 217 8 242 80 -230 -216 0 143 -210 195 161 -14 -169 -72 -53 -124 -51 -112 -75 -108 206 -41 203 -81 -224 121 133 200 198 -140 -100 149 -238 97 -104 31 132 110 241 3 -222 95 -145 186 -101 189 169 -186 -121 -16 1 92 -39 -52 72 60 -40 -223 64 112 88 -243 -68 177 170 -176 68 -93 96 4 -170 116 -190 33 10 -173 81 -137 -131 -163 -155 -25 27 187 201 199 -143 145 235 15 -123 168 -130 13 243 -151 -239 46 -21 -77 240 85 -177 165 142 184 -232 -165 51 -181 35 140 224 -90 -167 156 -196 75 153 -246 238 -76 -13 246 7 -205 43 236 40 99 141 147 -37 98 -111 214 -226 239 248 9 -200 -171 226 -49 -92 -188 204 -148 136 -105 78 -231 202 67 39 -61 -149 -34 166 69 -125 -47 -249 -19 -166 -241 -132 -114 89 -67 -8 -247 212 219 -127 -33 -202 -5 -54 159 37 -78 -228 -86 -185 205 -98 -204 178 -225 -227 -157 23 32 129 71 29 12 -56 222 -217 24 -164 77 -113 -69 218 197 -73 134 162 -141 -35 150 -203 -193 -229 26 93 -129 -107 -215 171 -244 61 -150 193 -38 -30 -146 79 -11 225 125 107 57 104 -84 -70 -235 227 19 190 -85 86 -119 -152 -220 -32 36 74 -172 -214 -57 -191 -26 -206 137 131 -159 -128 101 -27 117 114 179 47 -45 -180 44 -250 234 -64 -106 -184 87 -50 -28 -12 244 -147 249 -9 196 -133 -153 41 50 181 82 -194 -212 138 -87 -233 228 103 229 62 158 -66 -183 -162 -58 -236 124 73 -97 135 102 -63 -199 53 -221 -136 -120 -29 245 215 -248 -2 -44 -142 -91 -43 -74 -189 55 182 -160 14 -88 -242 6 176 209 -18 -83 -195 -55 91 127 -118 146 -48 108 126 223 -60 237 
TEST 128 ARG:-87 -20 229 -218 125 -52 234 96 236 -183 -11 42 4 197 218 172 226 222 -135 -230 -198 -110 -35 -126 -105 25 -113 31 -108 -125 52 -62 228 -235 30 -30 -130 232 -157 -137 38 -69 -92 87 -145 -8 82 -122 246 -243 159 -193 -210 174 54 107 247 -175 -77 68 -34 249 111 5 -177 -241 21 69 -84 1 237 154 118 -132 -250 -111 -219 -147 -214 -168 208 -196 29 108 -38 114 -57 115 183 77 67 101 -178 -213 66 -240 20 -229 28 -167 -142 -162 244 81 -54 -78 -50 233 162 178 192 -118 215 -67 79 -172 119 -100 122 -246 -173 37 148 143 63 80 -199 227 -248 -97 -71 105 147 193 -116 -121 195 -216 -161 130 -247 189 -128 -81 -18 202 11 -58 136 -66 75 190 -109 -222 126 213 171 224 64 -215 -39 -29 -103 167 137 57 -68 -9 -73 -80 113 223 -44 -207 -174 235 -36 139 103 -21 173 90 -232 160 109 -3 -209 209 39 43 -95 -43 230 85 214 240 138 -53 -200 -15 -10 231 -79 -143 -139 155 34 -123 -154 -117 45 -225 164 145 9 129 200 -107 -99 89 -211 -72 -101 -187 33 74 -152 146 44 -102 -70 -186 35 -249 141 73 132 40 -227 225 110 6 175 -112 -127 177 -134 187 51 -205 19 121 -181 -234 184 201 166 53 2 70 41 -129 -150 -138 -244 134 -4 -237 -94 -220 3 13 -12 -165 170 76 196 -5 -179 -74 -106 83 -27 -115 168 -185 -98 156 -151 -184 -28 -14 123 186 -201 55 -48 -65 -24 -32 -176 92 104 -85 -90 -160 -208 -195 -1 -182 161 -49 88 180 165 -188 207 -140 181 62 -75 -155 179 182 -46 86 -203 133 102 15 98 -170 -7 -180 -171 46 -164 120 -88 61 -136 56 117 176 210 -89 24 -202 -226 32 158 188 -33 -149 -114 151 -56 71 -23 -96 -141 -169 106 -144 248 -120 -31 14 -197 26 50 124 -158 -13 27 -166 -76 -221 112 -233 217 -204 -40 241 -59 84 239 185 58 65 -25 36 -55 -64 -190 100 140 245 -156 127 -119 -224 206 -133 199 -22 60 -212 -86 144 7 204 221 -236 157 152 -194 94 48 212 -124 99 169 -153 220 -191 216 205 18 238 -223 16 12 -6 -45 -189 -159 -61 -17 22 128 -93 -192 59 -146 153 150 -83 -104 163 -41 194 -47 191 -37 -82 -206 93 -16 135 72 -228 91 -51 219 47 -19 95 0 -91 -148 -231 -245 -239 -238 243 142 -242 -26 149 203 131 49 -63 23 -42 211 -60 242 8 97 78 17 10 198 -163 116 -217 -2 -131 
TEST 129 ARG:236 -186 64 -240 34 178 186 -38 -98 144 -169 80 -243 142 -119 20 11 117 1 -39 -3 101 -120 -216 -114 -170 202 139 81 175 -108 105 108 -134 -52 104 103 -48 -5 24 -71 15 -46 -15 223 -66 185 29 189 -217 -62 -174 -176 -173 116 -32 102 227 232 27 121 57 -69 -126 88 -232 -242 -35 31 -139 50 -4 -157 -199 -90 -9 21 245 66 26 200 -196 10 46 7 -109 -81 -34 150 149 195 40 136 237 -204 53 -115 33 180 181 -54 9 -220 -112 113 -60 56 151 221 -227 -131 199 137 -96 -27 -149 62 -1 -210 -107 114 100 -189 -141 -74 -152 134 39 246 90 -214 220 183 112 -75 83 -77 -177 -151 -164 -91 173 -118 -127 -80 -122 145 67 -246 -137 -22 -236 85 -86 155 70 -79 96 -36 138 -8 76 -50 -53 3 -179 16 -49 44 19 -183 -201 -25 146 92 45 -207 -24 35 -203 48 47 -194 73 -58 -245 -99 -64 -57 13 -212 -226 -178 140 79 163 99 -92 243 -76 -43 94 247 -23 -142 -209 -150 -100 207 -68 230 -42 75 -153 225 -16 -215 244 212 -190 -198 -138 -167 122 -223 196 -30 -2 -166 -228 -88 18 -202 61 -156 -144 226 123 209 78 54 -82 197 120 -219 -146 234 -51 161 131 -225 -117 68 154 233 198 -130 -132 14 -128 190 -238 124 37 -125 65 -95 63 -101 -33 -85 141 -162 241 -93 -37 240 -181 -143 -105 -31 -188 -241 -70 -147 -116 -185 42 -172 115 128 -229 -237 -161 224 -72 -187 51 206 118 60 242 249 106 -155 205 25 133 -18 -239 -40 214 -154 86 129 222 -12 235 23 157 -247 -211 -165 -97 215 -13 -106 211 -244 148 169 -231 -180 -206 -158 184 125 171 -208 -191 218 93 -102 135 -111 8 -47 -234 -124 -140 -200 97 55 -19 231 187 201 -56 158 30 71 -26 -28 -205 192 -192 127 -235 -135 -7 4 41 89 239 -89 -233 208 156 176 32 111 229 -63 -222 91 -136 -113 228 -45 -218 130 6 -168 168 132 87 -21 -213 -129 -121 58 182 -20 -171 -87 -61 170 -17 238 -248 -159 -193 109 159 -11 38 -175 28 22 177 213 -123 -78 0 162 -103 36 110 210 -249 216 167 -44 -104 49 -148 147 -133 174 172 84 248 119 72 -221 12 217 59 194 -83 17 52 77 -160 -145 107 -110 165 -14 98 5 -182 95 74 152 179 126 -250 -6 -195 203 -29 -41 -224 43 164 -184 -73 188 -94 -163 166 -197 153 69 -84 -230 204 -59 193 160 82 143 219 -65 -55 -10 -67 191 2 
TEST 130 ARG:-51 192 -197 141 -134 214 103 146 -218 16 -202 -55 -229 79 -159 217 213 64 219 -33 -110 -183 -148 -217 44 91 205 186 -149 56 -204 178 -120 -156 -226 -104 86 -169 97 -14 83 174 57 55 101 -174 -81 -49 124 227 -235 220 47 62 50 -53 -24 204 -116 -122 -180 -95 -178 -124 11 137 -147 -59 38 -129 152 121 -171 126 -32 -15 -90 183 226 39 -99 6 191 42 -236 -44 69 201 162 15 -93 -190 -50 -62 111 26 114 28 74 -135 129 92 -27 -16 -165 -63 52 -212 149 76 210 190 -30 7 170 34 151 -37 -6 -70 145 161 -109 -210 -132 -39 229 -142 -161 216 -47 131 -119 -87 133 -68 -106 25 -19 -35 -145 202 -146 99 172 58 -185 24 -234 -220 -198 107 -18 -79 -117 240 -209 102 -194 -5 142 51 206 45 -203 -227 -201 -123 12 134 9 128 23 -170 237 -130 95 239 177 -196 94 37 -137 189 -52 14 -133 117 18 -167 -105 -186 -181 -215 139 20 242 -76 -222 118 218 158 180 -232 46 194 98 72 3 -60 -241 -48 -89 203 -208 21 153 88 -77 208 -56 -175 -127 -12 -54 -29 77 -102 -36 148 -154 -164 71 -115 150 -250 211 125 89 -176 -86 41 -101 176 53 248 222 68 54 65 108 -128 235 -193 -118 147 48 -237 244 -160 236 -152 -88 -238 73 140 -245 -11 82 -150 223 -166 -57 -199 66 -46 -96 40 115 -214 -31 -22 70 -42 165 -78 -162 156 -45 84 -20 105 104 215 -233 -158 -136 193 -7 -195 120 -114 182 -231 -223 -125 -4 -43 185 249 -157 238 -213 30 -224 -205 -184 -112 8 -126 144 -41 173 -143 5 -243 29 -139 -103 31 -168 80 -3 -228 -155 -187 110 -98 167 160 154 67 -40 -85 43 -192 181 -91 -58 187 -13 -92 197 232 81 -21 -121 243 198 221 163 -66 1 247 225 -107 -74 -80 59 188 63 246 -83 -64 27 17 212 -246 -131 -225 2 -179 -34 -23 -141 -247 49 32 184 100 -163 231 -138 245 -206 0 -111 175 -67 196 19 -28 130 -207 33 35 199 90 209 -100 234 -188 75 132 -211 -221 -140 168 -69 -73 109 -177 164 -71 200 123 -8 96 166 230 -26 171 -248 -1 -151 -244 60 -189 22 61 -2 -108 157 135 -242 -216 233 -113 169 -144 -249 112 -10 -239 179 -153 -240 106 -172 -94 -97 113 207 195 143 93 -38 -191 -200 85 116 -173 136 -65 138 119 87 155 -82 159 -72 4 -230 -17 127 -75 -84 224 228 241 -182 -25 13 -61 -9 10 36 122 78 -219 
TEST 131 ARG:-9 150 168 -210 -131 -184 71 -49 -97 -135 -114 -189 6 50 -225 -158 -136 111 202 37 -212 -15 178 85 -91 162 -207 230 134 22 -140 -5 81 140 143 -26 -235 116 -233 -33 -84 -78 185 -79 61 242 -186 -206 95 183 -36 106 192 40 164 -129 78 197 -70 52 -56 -37 -87 44 56 226 54 105 186 30 41 26 -208 -74 -227 -248 -2 211 14 181 36 -38 -157 214 163 -32 193 180 20 -238 222 124 -58 153 72 -148 200 -232 -30 107 57 19 -153 -152 -147 -110 -241 221 -89 -180 35 -154 159 151 155 43 -176 208 -120 169 -138 244 -69 98 188 240 -174 -31 28 -29 -43 189 -173 -209 166 246 187 -190 -55 -109 123 142 -8 -99 -145 231 -96 191 -47 -172 -194 9 -217 -72 -65 -198 -14 135 133 -113 -102 237 24 176 94 201 -101 -159 -83 -75 51 122 -61 -48 -234 -169 108 -13 -183 27 -185 84 -90 238 232 -62 141 -107 -162 172 -64 217 25 128 58 -59 -44 -222 -197 -236 -117 206 -7 -205 10 -3 -27 -121 -76 228 -249 -100 -199 156 125 -19 -42 45 -132 -71 -88 -151 -202 165 110 114 119 -240 47 209 216 144 -25 -224 -191 -53 129 247 5 82 -170 196 -112 205 -239 -12 55 -245 73 198 62 -119 48 -20 -40 -46 -86 -51 3 -221 16 103 233 199 -67 179 18 145 74 46 -243 -16 218 92 239 175 -215 249 -57 87 64 -130 138 131 -229 -134 -45 -156 -17 210 -226 -142 236 139 -77 -220 -141 -92 -63 -124 -177 86 190 100 195 171 207 177 -161 -150 -118 -211 248 21 -167 101 -218 117 121 12 -22 -122 96 53 -231 42 -228 17 126 219 -187 137 -175 120 184 229 -116 104 -196 -50 113 1 67 -28 8 4 194 109 -139 149 31 75 -213 -182 -10 -60 -166 -81 -146 -181 -52 -133 2 215 220 -106 161 39 -242 127 97 -247 65 147 88 132 -203 146 79 -11 227 112 -127 33 -98 69 -168 174 170 -39 -188 -126 38 -149 152 -104 -128 59 -143 91 -18 -108 234 -244 -80 93 167 -95 34 15 154 76 -68 -171 99 -94 -144 -73 -195 -178 -23 63 203 13 223 -54 115 -163 224 -93 80 -216 -6 -164 102 -246 -82 213 7 83 -214 -193 -103 -155 -137 173 -219 32 148 -201 225 70 245 118 29 -1 49 -230 -4 -192 241 -85 130 -24 -179 182 -250 243 212 89 -200 -41 -165 -204 -66 90 -160 158 0 60 136 -237 -125 11 -115 235 68 77 66 -123 -35 204 -105 -111 23 -34 -223 -21 157 160 
TEST 132 ARG:237 -37 194 -148 -242 -147 -197 -67 -106 131 60 68 -145 240 34 -5 116 -144 -50 -78 46 -231 239 167 -240 84 202 175 23 166 -220 -36 -165 -81 18 -65 157 -20 7 169 25 48 -200 105 -195 80 -28 -40 45 134 -150 -75 -206 159 -27 127 217 -177 244 31 0 -171 -248 -112 -227 121 -167 55 21 53 -90 177 220 -173 54 -214 -189 83 95 231 188 223 -230 180 -60 -113 122 204 146 5 2 -245 119 -53 -121 145 91 -232 142 -1 104 -79 189 -134 -19 -117 -157 -119 -184 -122 -244 -188 -250 -156 -35 35 29 -48 -211 59 -77 214 -116 -33 71 -151 208 172 196 137 -94 -137 -153 173 -100 13 -194 -154 12 -64 -201 -97 117 -239 -47 227 -228 191 -26 -168 160 -34 -133 -176 183 57 103 118 37 124 77 -198 -73 -125 -233 52 100 6 -126 9 108 -120 -8 64 33 111 -85 -190 186 -17 132 -51 -234 -91 -52 -192 -193 15 207 63 -187 -158 213 200 -179 -215 125 179 27 -162 -23 -109 47 133 -208 38 113 -218 10 151 -76 74 153 115 41 109 201 212 140 185 -131 -170 -236 58 123 69 22 230 65 182 72 -207 -169 -22 -12 82 -138 -10 -99 149 -63 -135 -30 -7 -56 245 171 246 209 -2 20 -186 193 130 129 -4 96 -204 -178 97 -130 67 -235 -87 -160 -101 14 93 -9 233 114 24 135 -96 -89 -164 225 215 70 -123 -118 -140 -92 143 155 190 -222 -38 17 -223 -42 85 -205 28 184 229 170 56 211 -132 -59 -209 61 -84 3 16 101 -241 42 195 -202 -98 -149 218 -182 -249 228 -226 -203 165 -115 49 221 -55 -46 -136 88 8 -62 -114 99 -57 -18 110 -213 -246 -210 150 -216 87 -104 148 128 -142 -72 -175 -108 242 -32 -161 -221 -16 147 112 -93 197 -146 156 40 249 -129 -128 -3 234 -95 -86 174 94 224 -15 39 -102 66 -83 138 158 187 51 -54 -163 -107 -139 139 90 -25 78 232 -6 -66 32 19 -80 -41 -180 62 102 -243 -103 -69 50 168 226 44 43 4 107 198 199 -21 206 -159 -70 205 -105 210 -196 243 36 -191 144 -185 222 -61 141 176 11 152 92 -166 247 -13 79 136 81 1 -88 -237 -29 86 -183 164 -14 73 30 219 -124 126 162 -44 -172 161 -174 248 163 89 238 -143 -45 -11 -127 -217 -141 -58 -111 -68 192 216 98 -247 -152 -219 120 -82 75 -155 -24 -110 178 241 -181 -225 154 -229 -43 181 236 76 26 235 -31 -49 203 -238 -212 -71 -39 106 -199 -74 -224 
TEST 133 ARG:163 -239 225 150 -212 165 19 189 -72 -18 -16 147 125 -163 -104 -158 -106 -171 191 119 -65 -240 137 58 -149 0 1 -246 27 121 -43 152 -64 -19 193 -210 186 -195 227 230 3 2 -2 44 55 -70 159 -15 70 69 177 162 -114 -228 5 -193 13 99 -10 -22 -142 158 -235 206 -139 -97 21 43 184 199 -238 122 -242 -211 -125 220 81 -178 -60 -33 -249 -9 248 240 106 6 35 100 204 72 -135 26 -167 20 -39 71 178 79 -229 -233 172 132 -122 -183 141 -143 28 107 -145 67 -82 22 183 87 187 202 -98 -118 -11 153 -222 94 195 -115 239 11 130 50 200 -224 -57 164 -5 207 -150 24 91 33 47 214 -189 -148 -227 -147 -220 73 115 -54 126 243 -8 25 -199 151 117 -37 93 -244 -112 109 -20 224 -206 -105 -243 17 145 -79 237 4 -186 104 84 155 -35 -168 -89 -24 -219 41 -76 -66 97 228 -52 29 49 65 -87 -6 9 -141 118 -128 139 -78 234 -116 176 113 -55 -126 38 144 32 7 133 -13 -232 -209 101 -151 -73 78 170 215 -156 175 236 188 249 161 -121 -130 -223 -200 -169 -192 -99 -173 -237 -75 -152 -90 -159 -166 42 63 -83 111 -44 52 201 -136 74 -213 211 171 180 56 -245 244 226 -56 -202 -48 -93 -181 -81 -153 -47 -184 -29 208 -94 -61 233 -157 -59 -182 160 -34 -51 -204 110 -127 -17 -146 209 222 -107 -92 -201 -218 66 131 -236 -185 -113 146 238 -191 90 -124 -241 219 83 140 231 -74 173 232 136 77 213 -176 -102 -226 75 -155 30 221 246 -196 -216 203 54 -177 -84 -120 31 -3 127 223 88 60 95 -62 -103 -7 168 181 64 -30 148 -205 194 229 -53 -88 -31 -26 138 68 120 14 10 247 -179 103 108 -129 -140 -131 40 -85 -80 -172 -14 -46 182 62 -174 -187 156 57 51 129 -91 124 -12 -49 -71 -42 216 157 218 -4 245 -207 39 -175 149 -250 -27 -95 142 -164 -162 169 -194 98 128 12 212 -165 -161 -203 154 16 -23 -234 185 241 -77 -68 198 -137 -231 -108 -41 143 -144 -45 80 -69 -101 192 -247 205 -25 -96 -198 -28 -100 -110 48 -109 190 82 53 -197 -160 -119 217 46 85 -40 -132 -230 -38 96 174 37 -117 210 -21 105 -36 135 23 -63 -180 179 -50 114 -208 134 -188 -32 45 -133 -214 123 167 -138 116 166 242 -86 86 76 34 -134 -215 -1 15 -58 235 -111 -67 -225 -217 -123 59 89 112 102 -221 -248 -190 -154 61 18 -170 8 197 196 36 92 
TEST 134 ARG:-243 -38 194 -145 1 -110 -227 -229 -30 170 133 -221 -169 238 -17 192 -150 -217 -189 -34 -202 -112 35 -151 -208 136 -26 -79 -109 -90 180 -39 190 187 -249 -31 142 -56 225 166 41 177 231 205 -226 235 -83 126 -146 237 -206 49 -85 228 128 108 148 -228 134 -24 -143 105 -58 -230 57 -42 214 -128 89 -62 204 -61 165 -134 -164 146 -52 207 63 -167 -103 184 -156 -118 122 -51 -80 -160 -179 -22 90 -135 -216 119 -185 110 -12 -154 229 219 152 -205 -116 -142 -188 -100 97 193 198 26 153 123 -59 130 183 -148 4 -192 169 99 -9 -204 217 241 -122 -25 -211 -177 32 -166 118 48 218 221 127 -6 -50 13 158 -4 -13 -136 230 -165 -36 -201 -237 243 83 -120 -8 -170 73 139 38 -183 -55 -69 87 224 59 -92 -53 135 168 213 -239 103 -241 100 25 -244 95 -87 -178 -182 -197 -158 -163 -3 -119 -246 33 104 -236 -113 81 -37 -35 -88 203 82 -105 58 -98 -225 150 -214 125 200 175 234 19 23 -222 52 155 -233 -89 244 -111 -200 236 -74 34 -130 -70 210 75 -194 -131 62 -78 -33 7 80 15 -94 -68 156 209 -162 240 -242 179 77 -11 -176 160 233 102 147 -29 10 163 197 8 -54 76 6 12 226 -115 71 -152 -245 -19 211 94 43 -77 -114 216 -248 65 51 -190 45 0 -72 -44 117 67 167 151 85 -16 -172 -157 11 -180 -209 245 115 159 -57 24 55 199 -210 39 -95 -45 248 -129 -40 208 72 -96 17 5 -218 176 232 172 132 -187 137 112 -250 -215 78 189 124 -121 129 -81 227 106 60 -137 -20 47 84 66 -23 -117 22 -213 -168 -195 20 -125 109 101 -65 -175 28 222 215 37 56 86 -18 -60 -232 9 -144 30 -97 116 249 143 -127 -99 -66 -93 171 113 186 -67 -84 -75 -27 36 178 61 27 -159 121 53 -126 -10 114 -47 -82 164 -184 -1 206 173 -5 92 195 91 212 -147 -123 181 -193 144 162 246 -73 93 16 -71 -101 111 -203 188 -234 -198 -174 44 -173 -91 68 -223 98 201 -247 -219 21 196 -161 -207 -46 -240 -86 -231 223 2 29 79 174 88 70 220 -191 157 50 69 -7 -196 -48 191 18 -28 -76 -171 -21 -139 141 138 -41 -63 -212 -181 -49 -220 31 -43 -199 -102 202 14 -106 107 96 -141 -2 247 -104 -153 242 131 46 -132 -238 145 -155 154 -14 3 -235 42 -149 40 182 -186 74 -140 -133 64 -107 -32 185 -108 -224 239 -15 -138 -64 54 -124 120 161 149 140 
TEST 135 ARG:-178 240 109 -34 -58 106 -150 -144 142 72 -5 249 166 -190 -78 26 126 -201 39 -168 -149 -211 -119 -20 -108 -93 -209 -72 -47 -8 -64 -65 63 5 -125 173 -194 182 107 45 82 75 -224 -236 55 -39 160 -156 52 -18 101 -139 167 113 -233 213 149 102 22 135 205 -249 -14 105 -131 -23 190 -73 74 -122 227 90 -230 214 -140 -42 111 122 -173 210 -77 104 224 51 59 174 -198 -213 -110 -75 -164 -219 -242 -117 -126 152 -248 239 124 -133 -51 19 33 -38 -246 169 103 -135 165 69 -61 -221 -107 65 168 -9 24 154 -52 209 -176 -167 -63 -12 -229 238 -250 -153 -103 -179 -115 -244 -247 186 -243 208 8 244 25 -155 40 1 -220 -43 193 156 -114 46 93 230 -204 16 -15 -181 241 -212 -185 -19 88 -232 -46 -197 143 148 -227 119 -40 -154 49 11 -49 115 -111 -29 -222 -32 -217 27 221 -134 38 -170 -67 92 -160 -27 37 -141 23 -11 236 87 125 233 41 131 -87 -59 62 -132 -3 -151 206 189 162 180 7 -187 -116 -92 159 -188 191 -74 -203 120 245 -85 -24 203 78 -172 -118 218 -79 223 146 220 -171 222 -70 58 -142 -106 -80 133 201 -41 64 30 14 112 114 129 -44 -109 -184 -182 -62 183 -95 -193 -121 171 17 228 -226 -196 86 -207 -16 68 235 -127 -50 100 144 83 -216 -205 178 -240 170 -183 60 28 -148 150 80 12 -199 121 -69 248 -98 197 4 -86 54 188 175 -89 134 -165 -2 -195 98 99 -152 -166 84 6 157 57 231 61 0 247 56 -45 -215 -241 -83 -245 85 -159 -231 36 79 207 76 29 -105 -31 43 13 181 242 94 -66 -210 -113 -33 -120 137 -22 -84 -175 -218 219 -37 187 -136 177 -157 -163 -99 215 138 -162 229 -158 -48 -76 192 73 202 -4 232 -21 -81 -192 67 118 -55 -90 35 -7 -189 226 179 -30 128 -143 -25 96 -10 164 225 -235 -238 -97 77 -228 31 -137 50 139 -82 -124 155 -94 66 91 -208 200 -57 141 -169 48 -206 44 243 -234 -200 184 95 194 196 176 217 10 234 32 -147 2 70 161 -13 -104 110 211 -237 -96 195 97 145 -112 20 -17 -54 -180 -28 163 -102 -177 -71 212 -60 -128 -1 9 -130 246 108 21 -6 185 18 136 172 123 -53 132 3 -161 158 204 89 -202 216 -214 -145 -88 47 34 81 117 -36 -146 53 -35 116 -123 -26 151 -239 -186 130 127 -100 -223 -191 42 -68 198 -174 -225 -91 -56 153 71 237 15 -138 147 -129 -101 140 199 
TEST 136 ARG:134 147 -163 96 34 -85 111 -145 -242 -16 210 -87 -12 -148 -28 23 196 22 -225 68 -142 60 151 57 156 -88 201 -228 -48 -243 -138 -86 -207 -110 -226 98 -115 -135 -6 -218 66 -104 -172 228 3 -89 -102 88 171 243 -229 110 -114 49 153 -126 -176 -119 76 231 249 -31 46 -83 109 -37 -106 129 -143 -8 240 114 -44 165 -193 -68 236 11 -159 209 -213 4 -38 245 -107 42 -117 122 -212 -166 -216 136 -208 170 -209 82 -202 202 -165 -194 -162 178 -168 -39 -92 -4 161 83 50 -250 -224 65 -5 208 -7 -20 -113 17 113 94 7 -120 -203 -152 -156 69 84 -219 207 -27 169 5 -15 148 112 -177 -244 -73 172 -151 223 -221 -61 -181 36 2 224 40 -179 213 -111 166 -82 104 -124 -227 -191 145 225 -79 -80 -204 107 47 135 38 200 100 -171 14 117 -150 12 -200 -234 127 -46 -122 56 -81 -161 21 -139 192 155 -1 233 -67 43 216 139 -10 121 -42 -90 211 174 212 101 -222 -183 -131 73 -70 105 -198 51 20 133 80 -11 59 238 -71 -26 247 -3 -17 -25 -144 -95 -96 118 -188 -164 -185 -174 131 246 -248 -206 -24 -170 81 226 -69 -140 188 -147 230 45 -125 78 187 -237 24 -47 229 29 -178 93 26 180 64 234 -60 237 37 54 221 -116 -217 87 168 -169 203 126 8 185 -22 -215 193 -240 149 -136 -100 167 -155 -133 160 157 -153 95 119 -249 -239 116 186 -32 -74 15 -246 -33 -40 191 75 -29 -201 72 235 -128 -232 -9 -19 177 -45 97 -158 -35 -238 -55 -65 -129 244 89 -196 -23 199 -76 55 35 91 32 215 -231 -62 18 232 16 -130 -103 -182 -173 -195 123 173 205 144 219 163 -72 61 -30 227 -112 -64 -205 -211 -230 -146 -220 -13 -98 103 -245 179 120 0 189 -54 218 124 -75 143 -123 -101 -43 -121 164 -233 -127 44 -58 90 -36 -132 -105 -94 58 184 -175 -99 141 197 -109 -41 -134 -197 -190 -186 241 115 125 -53 9 63 -77 182 30 -214 27 138 39 -137 162 130 214 -93 79 106 -210 -192 183 190 198 -160 48 -157 -236 -66 158 -187 6 -2 -56 25 181 67 -18 -141 -149 77 28 -180 -223 19 222 152 248 86 206 102 154 150 -167 -78 -57 108 -51 159 70 1 92 31 194 242 85 -59 239 175 220 74 -235 -199 62 204 10 132 -49 71 -118 33 53 -34 13 -247 -63 176 -241 99 -97 41 146 137 -21 -189 -52 -91 -184 140 128 -14 142 -154 -50 -108 217 -84 195 52 
TEST 137 ARG:-118 -245 -197 193 247 -230 -91 156 183 -29 -192 126 -128 -172 13 -129 142 -54 -168 150 36 140 -162 213 64 -109 217 -214 159 -84 -225 -152 89 -229 -76 -38 -232 203 -95 97 -4 26 165 157 -75 -142 -210 -119 127 -62 221 -106 189 -244 -39 230 -130 174 -198 224 -226 170 233 120 16 227 -206 210 -217 74 50 23 241 -143 98 -224 211 45 236 67 3 208 -63 129 15 131 139 -179 -216 -173 -103 124 -43 -92 -52 -112 -19 113 -171 -124 220 82 109 17 184 204 -125 -186 0 -127 -47 70 35 -41 -199 191 121 -236 107 -85 -73 -24 -74 -233 -170 94 -208 242 -126 -132 19 -163 146 -72 -107 79 200 -40 -37 216 -240 -247 195 -64 114 63 106 -121 171 59 88 -148 111 -147 169 158 182 -167 186 180 207 198 -116 185 -6 249 -101 -78 115 -249 86 135 -26 20 -90 -237 -61 105 172 176 14 -180 222 -195 77 -241 137 40 -218 6 -115 -82 -97 125 73 237 2 154 -184 -164 -177 -44 -58 -35 223 -227 147 -175 -140 164 -87 229 145 32 -22 -53 132 201 -150 -88 62 163 78 162 -25 91 133 81 96 -56 -83 80 -203 -32 76 -80 -146 -34 -12 -68 -215 240 112 199 90 -23 -159 -60 84 -110 -99 -234 215 161 -181 -239 177 -5 -45 -161 181 21 8 -15 -138 -33 -113 47 102 -201 -137 -193 33 243 219 245 -174 -211 65 -69 -220 39 151 228 179 87 -219 202 149 -188 -205 -1 -77 138 -158 49 -176 110 -221 103 -157 -102 -209 128 136 119 -135 44 10 190 29 188 238 -36 -96 104 -212 168 144 11 225 -155 206 -14 -50 -136 58 51 -169 -153 101 85 -117 175 244 196 22 -202 -66 54 226 -178 61 -185 -182 9 38 12 55 -89 -7 95 -13 -250 -20 231 68 43 -9 232 130 239 -86 -8 -49 -122 -48 -145 155 -94 -160 28 31 117 -16 -10 -149 -144 -223 75 5 -105 152 -81 -65 234 1 -111 218 209 178 -231 143 -98 -42 18 57 -55 173 -213 30 -154 246 42 -165 93 -51 -46 -248 -70 41 148 -194 69 92 71 37 53 -235 214 7 -156 -246 -207 72 4 -222 141 118 -204 167 123 -3 48 192 -242 -191 -133 -93 24 -67 -27 -120 -131 194 134 -57 -31 25 166 46 -141 -196 99 -200 -104 153 -183 -114 -151 160 116 -100 235 -79 66 60 83 -139 -11 27 -134 212 34 100 248 -30 187 -2 205 -187 -59 52 -17 -123 -21 -71 -28 -190 108 122 -189 56 -108 -18 -166 -238 -243 -228 197 
TEST 138 ARG:-114 178 -226 -81 90 60 247 -150 -103 -71 13 64 -243 201 -184 15 -58 238 -139 208 237 -218 -118 -33 156 130 189 -183 -148 249 58 -96 -45 136 -67 158 -69 120 -24 109 67 84 172 -119 239 31 -82 -157 -250 10 51 222 -112 45 235 182 -179 62 -116 -2 6 -125 -195 151 176 -222 159 196 140 -206 -231 229 -144 -74 -214 -76 -55 -188 195 -136 108 -20 -165 -28 -72 -149 -27 227 173 -160 3 -155 -153 0 139 -83 97 104 -242 -234 223 94 -9 -213 -111 171 -210 -246 -225 145 59 74 -101 -121 -64 -37 49 -13 -203 -14 -90 83 101 81 -94 230 -161 -194 127 -16 70 -128 -185 20 -49 1 100 -248 224 163 -56 225 -205 73 -62 -42 -108 -86 48 -100 242 -166 5 -202 46 131 33 112 123 -197 192 117 157 -123 4 -176 34 -51 -172 -4 -152 -198 -223 160 99 -110 65 76 80 -117 116 -211 -60 -36 35 -132 129 41 118 30 -38 -6 233 -240 -109 -147 55 47 134 -137 236 -201 248 -15 -8 -73 -162 -209 246 -177 -113 -244 52 -204 141 -41 -233 7 -93 -26 18 61 -54 210 -106 132 -221 209 206 119 -87 -229 89 -207 -30 -180 32 -238 -17 121 -48 -228 29 -135 207 184 -80 -129 234 17 68 -52 -57 -178 -245 -50 193 194 115 -200 164 -133 53 -237 122 -19 96 -249 88 16 -217 -154 -11 -95 179 19 -196 -5 -247 -227 215 -3 82 244 -131 14 186 77 205 -220 -186 23 243 180 21 -99 105 40 -53 -174 187 154 -146 183 -173 78 2 155 -21 75 212 -34 -159 149 26 -138 -241 226 -235 86 -134 232 128 12 -35 152 -18 -151 -167 -12 57 241 -75 72 -191 -115 198 -63 91 199 -164 -126 -216 138 -84 -127 43 -78 -44 107 -141 -22 188 217 214 69 27 133 124 -208 -170 -192 204 231 -77 185 -104 25 -140 -85 56 -171 -65 -156 144 -66 -175 -236 -215 -120 24 245 165 36 150 11 125 191 167 174 -47 28 -29 -130 110 -68 -145 93 -143 169 -189 190 50 -169 126 -32 -239 166 181 211 54 197 -1 143 -46 -98 -158 170 63 177 102 95 103 -212 202 142 168 -39 -168 -88 -182 8 71 -107 203 79 -31 219 -92 240 39 135 147 -25 -187 -199 -102 98 -91 -97 42 106 228 200 -193 153 -7 111 -23 -230 -10 66 -70 137 22 -79 220 -40 -232 -163 -105 -122 -181 -59 -224 213 218 37 87 162 44 85 114 92 -219 38 -190 175 161 113 146 221 216 -142 -43 148 -61 9 -124 -89 
TEST 139 ARG:13 -201 -66 -179 -71 -98 129 -169 -228 121 82 39 146 -148 199 104 -111 67 -182 245 -61 -75 241 193 219 148 18 58 145 30 -234 66 -194 149 44 107 -208 21 217 -151 95 51 -198 -1 -165 130 99 0 150 -218 235 -121 64 156 188 12 -65 -101 153 176 78 -209 167 -6 -115 -176 -140 -196 126 131 -193 -70 -26 108 -224 175 191 75 242 -225 141 133 48 40 -135 142 -95 243 -200 -127 195 204 81 190 -100 -50 124 182 25 74 -69 85 -114 -40 140 -215 -160 -3 -10 8 -142 -9 -33 230 249 -204 160 79 63 -102 -186 -173 93 -31 205 127 -246 42 -42 -216 110 -157 70 174 -185 -211 208 -99 -74 -174 17 231 -172 60 -43 -207 45 -190 -79 -161 202 186 137 76 -64 -89 23 86 239 -197 -162 119 -32 7 -175 5 -166 -34 136 -37 50 -191 209 11 -248 -20 -77 -153 215 221 151 33 220 -57 -138 -29 -53 55 212 -222 -83 -130 232 -136 -107 122 35 -59 -180 -232 106 128 -12 222 -68 -134 -78 147 -187 120 -76 -203 -122 -159 -88 47 -137 -109 -38 -5 94 -143 105 -15 -233 103 166 56 159 210 37 15 179 -91 -118 172 46 -123 -117 -219 41 2 183 -237 29 101 -44 -171 98 203 178 -27 -25 218 115 -188 214 -46 -195 102 -220 -240 34 117 -241 -97 109 -214 -51 224 -152 -23 -146 234 -177 -22 240 154 87 -93 -58 88 -141 -226 32 226 177 207 201 -168 158 -21 -156 -167 -60 -4 90 -119 -155 247 -16 125 -230 -147 -149 97 238 -105 225 -113 -110 -81 -131 -238 -125 -67 206 173 9 -139 198 -108 -170 228 138 157 -24 111 65 -120 -63 24 -116 165 -128 -35 -48 162 89 123 91 192 -235 112 43 -112 92 132 135 68 -199 16 84 -17 59 62 52 200 161 -223 -126 -249 163 -212 113 170 28 -247 -82 -202 -19 -150 164 114 -7 -245 -94 -133 180 31 169 -164 -244 36 -80 -206 -90 -242 -72 22 244 77 139 -54 168 -14 223 71 1 -144 -56 26 -28 -129 -229 171 -181 197 184 -183 -192 143 -154 -178 61 14 -189 118 233 -41 -243 -73 -163 211 187 189 38 80 72 -205 216 -210 236 194 53 6 100 185 248 -250 -213 4 57 -55 27 54 246 -36 -87 -106 -96 213 -217 96 -221 -184 -30 -124 134 -239 -158 -132 -39 -236 -11 229 227 -47 49 -8 -84 -45 -145 -85 -103 3 83 152 -49 -231 -13 144 -52 -104 -86 -62 116 20 -227 -18 19 181 155 -2 237 10 -92 69 196 73 
TEST 140 ARG:-106 30 135 -95 146 241 202 208 -9 -165 198 -196 141 160 79 -244 183 -120 -25 110 162 175 -79 -147 -146 157 -188 -48 -123 62 -185 26 17 -134 -203 152 -15 148 -30 -17 3 128 -150 180 -117 -76 -245 -24 -50 -175 -208 -35 -66 176 126 49 -82 -166 218 242 -191 -130 -54 95 20 220 38 -102 -87 34 -141 -200 11 214 -19 -163 236 8 -174 196 130 -75 83 246 156 -217 73 -187 238 87 -83 -238 48 235 -180 -92 123 80 84 232 192 -210 159 -31 -34 -77 -222 -155 -212 -10 -225 104 -223 39 -4 -158 59 76 124 78 -114 -145 227 178 -65 -159 92 35 212 -228 169 -71 25 -133 115 211 -241 42 120 -178 172 -12 -205 -42 -201 -74 -230 -152 228 -182 -107 -93 101 -199 125 -128 6 -69 -129 -216 194 23 93 -1 90 -70 -194 44 47 -49 -90 -209 -51 -116 137 -170 103 -143 153 -121 185 57 134 -132 28 -220 -135 182 -108 107 113 89 230 -172 64 67 77 174 -235 -11 -198 -250 50 -78 149 -247 108 181 203 205 -64 88 55 -100 221 53 151 81 150 32 -56 139 56 27 -164 -113 -193 -2 -118 14 18 170 5 -81 129 -39 248 166 -131 94 -94 -231 -43 29 186 60 -142 68 -161 247 168 219 177 142 132 171 -58 240 -240 -105 114 66 -97 9 118 -144 16 15 131 -44 167 4 223 -221 -153 24 -176 -22 -232 -41 158 -104 -168 189 187 -101 -137 119 -181 -167 -213 -189 121 -154 -119 37 -62 195 225 31 -57 233 -204 231 -61 -88 154 -29 144 -99 0 -80 224 -186 43 -52 -171 40 -72 -21 -215 117 58 -13 -248 -91 161 112 -53 -127 -26 -249 -122 -3 -157 215 127 210 91 216 145 -211 245 71 12 163 85 179 -68 74 -55 -242 -219 193 21 70 138 209 191 -236 133 82 -67 51 105 243 98 109 -136 -8 237 -218 -156 2 -233 -125 -234 122 -98 7 65 204 -63 -14 99 217 -85 13 -111 -59 -149 -227 52 -47 -84 -207 45 54 -40 106 -103 -173 -89 -179 -138 -28 -140 143 -226 200 36 147 102 61 164 155 -124 184 72 226 -243 -20 -148 -214 207 -177 1 -60 -115 -45 69 -46 -190 100 -139 165 -6 -110 -169 -202 -18 116 -197 -16 -109 239 -38 136 41 33 199 -239 -183 -7 -192 -151 -5 96 188 -32 -112 -27 140 -33 -184 190 222 -237 229 46 -229 -96 -36 19 -162 197 -206 -73 244 22 63 75 -224 -86 206 213 173 97 249 -246 -126 201 86 234 10 -195 -160 111 -23 -37 
TEST 141 ARG:207 -107 -14 44 42 152 200 -185 -61 176 197 -182 165 -177 -64 156 151 81 5 96 32 19 226 -183 -151 175 -39 209 85 -52 155 -218 117 242 53 -34 -191 222 24 -13 166 -234 11 -140 82 -208 29 -179 -102 34 -157 -230 -212 -87 -47 -91 131 -86 139 -154 -168 127 -62 13 72 169 -193 184 40 143 102 182 -227 240 -135 -203 195 -137 -247 -97 22 -8 -101 97 -132 3 103 57 66 233 -12 25 -51 31 17 137 162 -69 -228 -136 230 -68 99 100 -149 79 -200 -236 -44 -1 -147 30 -31 -141 217 245 -184 173 132 -54 20 178 -70 60 -139 73 -219 -118 -29 18 121 -65 112 -7 47 21 211 -80 -241 243 9 203 108 -88 -120 36 61 -46 160 -57 -133 135 201 -214 190 219 12 153 51 189 -244 -215 -223 -130 38 227 -117 -181 111 -25 -249 140 -24 -104 4 192 -30 159 86 -83 -213 48 71 -237 149 188 -95 104 8 214 -194 174 -94 -112 -48 88 39 26 -167 213 -32 187 -26 122 145 -153 -38 232 -246 -110 -235 -96 -5 -93 224 -92 2 75 -156 -204 -66 23 -56 6 237 -36 144 -155 247 87 -225 -77 109 -98 125 146 130 167 181 212 198 -17 52 106 183 -22 1 67 -205 163 170 -89 -50 46 -79 -82 235 -148 50 -55 91 -58 136 157 120 -99 -134 228 238 148 -231 62 -19 -138 -170 -222 -174 -115 69 -121 164 -171 177 -49 -207 95 -75 -85 -211 105 -35 -202 -196 180 -131 -114 -37 -164 138 -2 0 186 -15 -221 -59 210 -217 -210 -100 33 94 -126 -124 -145 92 101 98 55 241 -11 74 -9 -245 -109 223 -76 49 90 154 215 128 -232 -165 89 -239 204 -163 -161 -20 10 -216 234 43 206 -189 134 -143 221 150 244 -242 -125 -158 119 63 -78 -127 179 14 -84 231 -180 -150 -233 -169 64 218 142 126 -192 65 78 171 -152 193 -129 -122 -23 -160 -4 45 -229 -250 133 -173 -21 70 68 77 147 -6 -166 -40 -199 -175 -146 -18 -53 129 161 -113 16 -74 58 123 84 199 80 118 196 229 -248 -81 -33 -172 -106 -111 -43 -197 -3 37 -28 -128 -186 -103 -238 -226 -42 -187 -162 216 -71 194 -116 -206 56 225 -108 248 35 236 110 83 208 7 -105 -67 172 -73 249 54 205 -159 113 -176 -190 -243 -201 -209 -60 -220 116 59 -16 -144 -27 115 -142 124 -178 114 239 28 -90 185 -10 168 -240 -224 -63 15 -123 41 141 -195 -41 246 107 93 -45 220 202 158 -198 -72 -119 27 191 -188 76 
TEST 142 ARG:-241 -75 155 -127 146 -128 96 2 -40 63 -182 -189 -173 -131 -37 39 20 -17 -53 97 3 27 121 179 -86 -187 10 -227 -105 105 -157 -110 -11 171 -88 99 166 -158 -55 180 205 165 -36 133 -169 -221 -48 169 -188 52 158 -248 213 -15 -168 156 43 -52 219 144 223 42 147 46 136 48 93 71 131 -9 35 127 -89 -247 107 -20 -234 116 41 203 -198 246 70 209 178 -4 -165 28 38 -225 -200 -145 -56 240 202 126 189 -51 -35 -114 -8 -159 -250 55 -7 187 -93 238 -3 -98 36 167 47 110 6 -112 -249 33 -13 214 -124 232 -153 192 82 -57 138 -101 -24 -6 151 -46 157 -201 -80 229 237 216 -210 95 172 19 230 -132 -42 -143 -113 -140 34 -21 -171 86 -233 11 -32 -134 102 -50 -217 64 173 60 -62 -202 68 73 212 92 248 176 -220 -230 -2 53 241 -38 -231 -213 -148 -45 -184 25 -222 128 -29 -135 61 22 -16 90 -125 145 177 -126 -91 75 120 210 -83 -205 -66 -73 -245 -166 231 247 -216 -154 12 137 215 -149 84 188 -133 85 -79 134 -226 -141 29 -49 201 168 112 181 139 118 -163 204 13 37 54 -209 16 196 -219 -150 -10 67 -147 -212 115 32 217 -232 -129 -99 184 194 207 183 -44 -33 -81 -172 -25 -152 191 164 -138 141 197 -239 51 -14 -82 -18 -64 56 30 -162 -214 -146 -103 122 220 -174 113 234 -228 226 117 111 150 -175 -77 -179 -70 -207 -58 -123 -39 -121 -78 -43 -196 135 -94 89 -34 -47 -61 17 98 208 -155 -65 -215 44 -186 -63 129 149 87 -69 78 -203 160 50 81 152 124 162 -117 185 -229 -164 -74 143 153 14 21 175 88 -116 125 218 -240 -68 -151 -139 -223 -191 -19 -41 200 -142 -84 199 -102 211 -156 132 -194 235 8 -111 -177 224 -120 24 106 227 -181 -87 -176 148 -136 -5 4 -183 198 228 140 190 -59 103 65 -197 -178 7 -137 57 -204 -224 -27 123 222 244 163 91 142 -144 100 80 72 -246 59 206 242 -235 45 -211 195 58 -67 40 154 -218 -244 62 -107 -130 9 -1 101 -237 0 -90 174 -95 -76 -193 -115 -12 186 -71 -92 -85 130 49 104 -185 249 74 -180 77 -100 23 -199 -122 -190 -60 109 -26 31 -96 119 83 -109 -208 -161 -97 193 -28 -242 -243 233 239 79 245 76 26 -30 -170 1 -195 108 221 -118 5 -167 94 66 -104 -106 15 -238 -72 -108 -192 114 -160 -23 225 -236 243 159 -206 -54 -119 18 69 182 236 -31 161 -22 170 
TEST 143 ARG:-10 82 -234 -109 -145 18 237 191 -162 189 113 27 177 -152 -129 9 -82 -241 -212 162 -122 59 208 -196 110 155 -154 31 -7 198 152 -17 -163 35 101 183 -219 -201 75 218 -35 -138 175 -32 34 -123 126 -108 5 -224 165 -71 -166 -235 138 -239 -21 178 11 51 -77 79 -89 12 -244 206 -240 248 -164 -102 -236 168 222 -115 -169 119 188 247 -73 216 91 99 220 -15 -214 171 236 224 32 231 -25 -116 228 -43 103 -180 69 -184 -61 150 -192 -85 84 219 -27 -96 125 161 112 -62 93 -124 -173 -222 -226 6 57 -137 -117 146 45 -121 -246 76 187 217 -135 -106 233 -34 -182 235 -230 -242 115 -72 213 -216 111 192 166 204 -217 -86 -78 25 -153 211 -139 62 -42 -172 139 134 74 -208 -24 -228 132 118 43 -19 -197 -23 -94 77 -95 70 176 -110 -158 -36 240 -170 144 55 -9 -143 -3 83 -120 89 94 180 -189 -213 -142 195 -20 184 54 -130 104 -221 -179 226 145 225 140 156 117 169 16 -190 22 -107 47 -155 -54 -232 -146 -211 -67 -220 -249 -248 -118 -223 -104 61 185 15 -103 -238 193 -114 -100 20 160 7 -202 -178 23 -156 153 -1 205 -125 182 241 -41 -237 -144 158 129 159 -53 24 -218 200 245 -160 147 234 -176 214 229 -5 10 -198 86 49 -245 -195 122 -203 -33 179 -113 33 -161 21 -90 -140 121 -206 14 -37 -159 -186 173 44 136 -46 -83 -174 -45 128 133 -165 163 -18 -183 53 142 215 40 -79 26 19 -52 -112 -88 -68 -47 98 210 203 108 -59 -132 -65 36 151 -2 8 -6 -157 -247 -151 -231 38 78 -98 63 143 -8 -44 100 201 -149 37 -57 50 -215 41 -185 -199 238 -101 244 2 232 96 124 66 39 -177 116 186 -39 -81 -14 131 157 -91 -31 30 4 81 181 209 56 -188 -167 -210 -69 -87 -175 -194 172 46 135 -225 95 -131 154 64 58 230 -148 3 197 105 73 -13 -119 -70 60 13 -38 137 -187 239 -181 -233 -66 243 97 87 -60 -191 -75 196 -48 17 107 -51 221 194 -74 -92 -99 199 85 -128 -22 246 -141 -11 1 -136 127 28 -126 92 -147 -133 -171 -76 -93 72 -30 148 -193 130 -64 -204 -56 -29 -28 -150 114 -207 88 174 167 102 -97 -250 120 48 90 -209 242 106 -105 -55 71 202 223 -12 -80 190 -200 29 227 -134 -4 -227 123 164 67 170 -84 -127 0 65 -50 42 -26 -16 68 -243 -40 80 149 -111 -63 -168 249 -205 52 -58 -229 212 -49 207 109 141 
TEST 144 ARG:185 116 10 -129 -36 72 142 -25 197 78 34 165 -85 129 55 128 143 198 147 121 -139 113 132 -105 -150 134 32 77 -223 210 26 178 -218 238 -108 -159 -132 215 16 -190 -28 -152 -189 -171 108 162 140 33 -102 249 6 -11 -45 15 -101 -64 17 37 5 183 -59 79 -185 -47 -113 -184 -169 44 -56 -35 164 -245 27 38 -90 122 -158 -69 -27 -66 -21 -174 -71 96 194 190 -224 -196 -116 209 -93 -157 -216 -195 138 98 -191 52 8 158 86 -82 47 -18 248 -168 -243 88 227 -127 -42 -209 -140 150 36 89 103 119 166 -204 73 106 131 -167 -134 -147 -23 -197 48 -30 31 -62 67 207 148 173 136 60 9 40 -87 223 239 58 -100 -238 204 -111 -194 233 46 -68 205 203 -246 -235 42 -88 -119 -244 220 -222 -51 59 101 51 -165 -187 -248 202 -217 41 -54 -161 -164 3 200 4 -160 201 -106 199 -53 118 -242 -99 93 -67 -177 -41 -114 84 -202 24 64 85 -172 -95 -79 -173 -146 -7 21 -178 2 -143 -38 92 195 -237 -176 -145 115 70 156 111 -77 -232 189 -153 -31 212 246 180 -86 219 -10 -234 -151 -138 -3 65 226 -206 208 -96 -241 -9 236 30 191 217 -203 206 95 -170 -148 35 -210 100 43 234 235 87 104 -60 -220 170 125 -57 231 61 237 -107 81 -207 218 -120 23 -149 -72 -123 -58 75 188 -142 216 -13 19 -228 105 224 -126 -74 -193 -211 -73 126 135 -200 68 -124 -128 -135 175 -61 -22 7 -104 -215 160 -24 221 0 -6 -115 80 -46 153 25 127 -183 -33 244 -219 -109 -19 -117 -98 -44 155 -91 179 184 -89 163 240 211 -14 123 -236 112 -84 -166 -81 171 -141 97 225 -214 -83 -112 91 -154 56 -192 -20 159 124 -12 146 -39 -110 214 -208 -226 120 -118 53 -180 -221 144 -26 110 -1 130 -188 169 117 -231 -131 -162 39 -75 229 133 -249 -50 -182 168 181 -181 13 -137 -201 71 -97 -5 -4 -29 -94 -103 -34 114 69 20 76 -198 -133 45 -230 14 247 -250 -229 -40 -92 83 22 62 149 -52 232 245 222 -80 -130 -247 -17 -175 11 157 -49 -225 -76 241 82 -163 -32 -155 63 176 -8 187 -37 -186 -239 167 -233 -199 172 -55 -43 54 66 151 107 177 -122 243 182 102 18 -15 -212 -205 152 141 174 -213 -78 -227 213 -63 -156 90 49 228 -65 -179 145 12 230 94 196 57 28 161 139 74 99 192 50 1 -70 -136 242 29 186 -16 -121 154 -125 193 -48 -144 -240 -2 137 109 
TEST 145 ARG:77 82 -240 202 -249 -37 95 76 -202 177 -184 111 -1 -125 90 167 -169 -30 -203 -206 46 -147 0 -171 195 23 -133 -66 224 93 -175 75 -54 136 29 -7 247 -176 -223 -118 218 201 204 -194 -144 -34 246 158 -178 171 -154 173 -174 30 39 192 -145 174 199 227 -199 83 -212 -50 -146 157 -117 180 51 99 244 57 -158 238 -105 -42 -18 234 -106 -69 -60 74 156 126 -9 -237 14 89 248 -143 194 33 -186 -127 11 21 8 107 162 118 -87 -215 163 -64 42 17 12 -15 -29 -207 -204 190 35 170 -6 -79 114 144 -56 43 -239 88 -129 32 -236 -187 -229 84 129 124 188 161 -41 -52 -136 6 22 -48 -246 143 78 185 121 113 207 -142 -96 -4 -57 -205 237 -49 -242 105 -74 103 -45 -31 -193 -67 61 68 7 236 181 50 -35 -222 -200 -24 -44 200 41 135 73 -173 52 139 -231 98 112 -230 243 85 -148 230 -152 151 -82 80 -245 -123 196 24 -226 116 -113 -55 -122 -25 127 -167 -241 -181 1 -98 133 -157 -27 49 65 -100 -51 -124 -75 13 225 -89 -233 -22 -244 5 -130 -216 -225 -36 -94 -189 -159 -162 -72 240 -99 153 145 44 -53 -155 172 149 176 155 -191 -97 205 -95 -151 -90 -163 -13 -8 38 101 142 -5 -164 -46 37 130 72 81 -102 110 183 -179 -192 -198 -211 214 166 16 36 -84 -111 -115 211 -101 -243 152 148 119 25 -21 241 -63 -2 -78 249 -17 59 71 66 -33 232 160 53 -23 191 45 -110 -38 140 -83 125 217 63 -93 58 -77 -132 -103 -131 27 208 120 -32 213 132 223 -208 34 228 -126 159 -59 -81 60 -114 -218 131 187 -247 -165 -47 -196 184 -39 -149 100 -26 104 -214 -168 67 92 -160 216 -220 137 115 -19 -71 193 -201 -76 -116 134 -238 62 164 -135 64 -43 220 3 -235 -248 -197 87 -177 20 209 70 96 -128 212 -73 -120 -104 -250 123 245 -190 -20 4 18 117 -156 210 141 189 54 109 -62 -61 -228 -227 -40 229 48 221 -232 -234 -195 215 -217 -141 55 -65 -108 -112 -3 56 102 -137 197 -28 -10 -150 -161 198 47 -107 -219 -80 -68 94 -11 -58 179 -134 -224 128 69 186 -109 -182 -166 168 242 2 79 -88 -70 154 -185 239 219 165 15 146 206 -14 10 106 178 231 -91 -140 -172 -153 -86 169 -210 -188 9 -16 31 -138 235 147 -85 -139 -170 108 -180 26 222 -92 233 -221 203 182 226 40 19 86 28 91 175 122 138 -183 -121 97 150 -209 -12 -213 -119 
TEST 146 ARG:104 -25 -155 134 -31 -169 239 63 66 -64 -66 160 -139 69 60 215 -132 -164 31 169 -3 73 -23 58 -55 101 144 -236 29 -128 108 184 228 -140 -240 -214 122 -154 6 150 82 14 -73 -216 96 -212 -47 -76 -88 -245 65 -199 -127 156 15 98 39 243 -119 -222 38 -96 -9 -215 12 195 -226 -158 -8 -172 18 248 197 24 -228 41 -146 53 -1 -156 -91 180 129 -93 -196 -63 -246 -125 -36 -244 -6 141 36 234 -97 -188 62 221 109 113 107 -18 224 131 92 -147 -100 -193 42 -142 -200 -208 210 161 -227 35 151 -30 158 102 -37 -141 -118 -77 211 105 34 -68 -144 164 194 -33 142 -11 -171 -46 59 128 199 -167 43 -192 -176 -45 -206 44 178 47 201 -16 -149 32 77 100 -4 139 67 112 -250 -220 22 -94 40 207 193 135 103 -243 -205 -101 -42 -126 -41 -249 -241 124 -210 232 -136 242 214 188 13 -34 56 9 -49 91 -32 -28 -108 -10 212 -98 121 -15 72 25 87 235 85 106 64 88 55 94 -52 245 48 11 -162 219 -168 -248 50 -58 -14 -223 196 187 -72 -71 23 -133 143 203 93 -204 -182 229 -152 165 80 -86 -19 -7 213 45 3 -183 146 -117 209 -62 118 -130 51 -103 -230 -39 200 10 172 -195 78 -50 -12 -157 166 177 171 -191 -237 -153 -40 136 -166 74 -186 198 -2 -137 -150 -54 -184 -120 -27 -221 -124 37 -239 -26 -175 241 -151 -13 -121 153 -201 -56 175 -123 -234 -35 133 249 145 123 147 -202 89 -224 183 -106 -20 19 -189 116 -179 111 -60 33 -57 119 -197 -131 -104 -178 -135 246 28 -105 -89 222 -112 -38 191 -161 86 206 -79 -107 -217 186 79 189 -99 125 16 -110 17 236 -84 -69 -187 -5 -235 -180 176 -145 138 20 140 244 -225 -74 26 -219 115 5 132 71 -80 -218 154 84 -92 -75 21 99 152 0 -122 218 46 137 -44 226 -148 204 90 185 -229 -114 -177 76 -207 223 -160 -209 -203 208 -53 -116 -185 233 -213 230 181 2 -51 -109 49 27 247 -211 117 -87 237 149 159 61 148 -159 -67 -143 97 -115 240 8 163 225 155 192 -78 216 -232 70 -173 -238 -190 -24 227 -134 54 -65 179 52 217 30 -82 127 -102 120 -194 182 170 168 -170 162 202 -85 -174 -242 167 -181 173 57 -48 -95 220 -70 7 -163 -233 126 -61 190 -22 1 68 114 -17 -113 -247 4 -231 83 231 -138 238 -129 -43 -59 -21 -165 174 -29 -111 130 -83 157 81 -198 95 -90 110 75 205 -81 
TEST 147 ARG:141 -122 82 -174 -73 -83 -46 -4 248 -169 16 -137 -150 -1 -85 235 151 -176 98 72 96 218 -240 186 1 -243 150 35 180 -238 -134 -116 -55 -91 -205 -178 81 22 135 -139 -63 44 -201 47 12 38 -96 225 88 -31 58 39 -175 -187 -223 109 179 -242 -27 -16 -126 -188 192 188 -192 -40 14 -32 -71 147 53 17 114 -68 -114 37 198 167 219 -230 211 129 -62 57 -23 -214 -108 170 -250 26 127 -5 85 112 -167 217 227 -29 -198 -41 -135 -33 73 166 162 -193 201 -163 220 -81 158 142 -119 240 -11 71 84 23 -211 238 13 -130 -101 -45 -196 -233 230 -191 -208 99 -36 -171 11 130 15 -120 -164 -15 -166 -92 125 -82 134 -228 108 49 -142 -127 -58 -43 86 -146 -206 209 -89 246 -65 222 -35 243 144 -189 124 -86 25 -72 110 117 -97 -248 -19 28 19 228 -99 104 92 51 -49 -60 -203 -147 -149 241 -74 -157 -181 -77 -87 -18 120 29 226 145 -210 -154 -70 -51 244 87 -202 -226 202 -57 -246 -13 -221 -53 136 -22 76 48 70 -148 10 -247 191 -115 102 -56 -6 195 -75 176 90 247 189 -179 -224 -80 -239 36 55 -218 207 63 -244 103 54 74 -182 159 183 -199 139 205 -194 -112 121 143 59 79 61 -145 181 -10 128 165 152 -109 -177 203 -50 -195 -225 21 215 204 149 45 -173 213 -219 -158 -2 -213 94 -212 -133 -222 7 187 -229 137 163 -102 78 178 199 5 119 233 33 237 83 171 -59 182 196 105 -237 153 160 -21 68 -47 185 67 65 148 -185 242 168 46 -153 245 -215 -136 -144 214 -143 -9 -220 138 -168 221 -231 80 -26 -216 -141 -123 239 8 126 232 -129 113 0 52 -235 223 -207 131 -121 6 -28 -217 157 -105 -39 -20 200 -138 210 95 -67 31 75 156 -184 208 -93 56 -8 -152 -172 -88 20 -117 -107 -104 106 140 -151 236 -24 234 231 91 212 154 206 -113 -95 9 -234 133 -106 -90 146 2 -100 132 161 -232 34 172 -61 197 -186 177 60 -52 77 -159 164 184 -30 -162 -170 27 64 249 -42 30 193 41 115 155 50 -165 93 -38 122 118 -84 -131 -3 42 -94 18 -160 -98 -249 194 -111 107 -200 190 -124 -79 -204 -236 -25 -183 -48 24 -69 40 111 89 116 -155 -161 123 -78 -156 -12 62 -128 -118 224 -64 -245 66 -54 101 175 -132 -125 32 3 216 -140 173 4 -209 69 -197 169 -17 -66 97 229 -44 -103 -227 -34 43 -241 -14 174 -180 -37 -190 100 -76 -110 -7 
TEST 148 ARG:75 -71 -112 -241 -159 93 -87 123 -36 -111 218 245 208 78 -232 -183 176 -177 206 215 219 165 -10 -219 192 -209 195 187 -172 153 149 -136 -97 -74 106 -226 -153 -117 167 148 203 154 -213 12 182 -93 139 100 174 47 -63 -205 241 -5 21 210 240 -246 90 -14 151 -170 132 127 -244 -44 0 43 105 2 -225 -184 196 -191 -86 -208 -134 160 -53 217 224 -217 -90 20 128 -175 -139 198 69 -45 -101 186 -77 3 156 -140 27 -167 64 223 -91 140 -131 71 -157 -193 108 143 -149 -235 248 178 -220 -88 -195 -109 -249 -76 98 -13 161 -135 85 -64 -105 183 -221 136 244 17 230 -55 -12 -245 130 -67 188 191 89 239 48 -56 -34 34 -9 -145 -125 -57 -52 133 88 -22 -21 19 189 56 -118 -158 87 73 -59 37 99 124 -162 213 32 146 95 -89 94 29 -198 -17 -218 -48 201 67 1 115 -160 -138 227 81 -240 -186 180 -129 214 145 166 137 162 -161 -164 142 175 -169 113 212 -130 16 164 -110 45 -73 96 25 13 242 -206 -192 -250 11 -72 44 216 -214 49 -102 -239 -2 228 -6 -181 226 -155 141 -62 84 -7 86 -46 -94 -146 -123 169 7 68 -156 -50 243 -224 -230 52 -18 -128 -196 -168 -202 46 -38 -173 6 59 24 -68 -229 -207 28 -122 60 -231 15 -96 233 144 158 190 -30 -54 35 -25 235 61 209 120 -35 -144 18 -211 38 22 -107 125 10 39 65 97 -42 -60 121 76 193 -39 -82 57 -40 -223 -83 134 220 234 131 58 135 207 103 -79 -247 -120 170 -166 -124 -99 -19 -58 -47 -210 55 -180 -176 -215 -227 26 184 -126 225 204 177 53 83 -24 -121 -190 112 -84 -26 -127 -103 -78 -187 -3 -152 79 92 102 155 -100 122 -182 117 -199 205 231 -143 -201 -98 -174 40 -115 -85 -141 -189 -27 -137 -31 159 31 33 -104 -132 66 -133 -8 109 200 -150 5 221 -185 138 -216 -70 107 -188 -237 -151 -179 152 179 -80 -233 70 36 111 -178 126 14 -165 -1 181 116 -200 171 104 -142 147 -113 -238 -75 -197 249 157 -95 -4 -23 -20 197 80 23 202 9 101 -242 247 -116 -69 -29 199 -154 -234 -203 -43 -15 194 -236 237 -228 119 -92 -49 51 185 114 42 62 232 77 110 -248 91 54 63 173 118 222 -65 236 -106 4 -51 238 -16 150 163 8 -243 82 -222 -33 -37 -147 -81 50 -119 72 -148 -163 30 -32 -204 -108 -61 -212 -41 -194 246 -66 -171 -114 129 168 -28 229 172 74 211 -11 41 
TEST 149 ARG:49 78 165 -143 92 -59 -102 18 244 -244 247 -159 -38 94 -151 -191 200 228 -65 -114 -74 -16 -58 -245 20 107 109 -120 180 126 8 156 -216 214 246 -69 113 216 -238 133 65 224 218 158 230 210 105 -186 -91 138 -106 -103 5 -122 -9 40 -14 67 19 -239 -162 -142 24 -171 -189 179 -247 129 131 159 -233 41 -77 -202 162 175 123 -119 -128 148 46 238 29 4 -72 -132 -44 189 -184 173 -83 34 172 -18 -13 35 -177 79 -113 -124 149 -19 81 -66 12 87 52 147 -248 -169 -208 -11 -84 72 -26 -115 -219 -178 57 -196 132 243 -46 26 -222 -235 45 -214 85 -110 -64 86 -138 193 249 83 185 119 13 25 -139 -25 -5 -48 140 -126 28 -131 50 -34 16 -105 -230 240 43 59 73 69 116 120 37 137 -185 -96 187 222 -22 115 130 -181 -67 90 177 -146 -85 117 -232 160 -49 168 -50 141 -118 -47 110 -150 74 76 128 161 -79 99 -240 -209 -81 -220 -145 -28 -179 153 134 195 -112 -234 -53 -217 190 -215 -6 188 -250 68 -212 142 248 -154 201 6 -157 -104 -125 122 -78 111 112 3 -1 -198 202 242 -41 -90 245 96 181 47 -52 -76 -221 -192 -176 -60 127 226 -172 64 -148 32 -163 61 -27 55 -140 -56 -20 -242 -75 233 -205 89 106 191 -93 -89 38 51 -223 -207 174 -195 -201 -15 -37 -175 237 56 100 21 23 -236 -231 -24 -51 225 -21 -218 95 -98 -95 -73 163 -68 186 206 145 -237 -187 -229 -227 192 176 -188 169 -121 136 0 -199 -4 -174 -197 -166 -82 -101 -194 -173 -31 155 -97 -203 -99 101 213 154 -12 27 -144 -211 91 198 10 231 -57 241 -225 -155 -87 -168 -200 30 118 48 -210 166 62 71 -36 -42 152 -100 -63 229 171 -241 58 114 215 -107 7 239 -149 209 227 2 1 -170 -29 108 33 139 -136 -133 104 144 -130 -152 -183 205 -30 60 31 66 -180 194 84 75 234 -7 207 -141 -204 150 -80 -147 93 223 212 170 -111 -153 11 208 124 217 184 178 182 -54 -8 151 232 -226 14 -246 164 70 44 157 -86 -62 63 102 -213 -167 183 -61 -40 -33 9 196 98 -156 199 211 -109 -134 167 -165 -243 -249 221 -35 -45 82 -182 -160 17 -55 39 77 15 103 -129 -70 88 -94 -158 80 -88 220 -190 -92 -2 -10 -135 143 236 -127 97 -224 -193 -71 -206 42 121 -43 -108 -161 -117 125 22 204 -137 235 -17 53 -116 -32 135 -123 54 -164 203 -23 -3 219 -228 146 197 -39 36 
TEST 150 ARG:19 -220 -41 26 7 249 -39 -219 219 193 -160 125 -19 94 -197 -122 95 -18 116 40 -212 -139 86 -154 -25 -97 80 56 -60 -7 -79 -81 -211 28 -237 -218 -226 -133 -1 47 144 1 -239 141 -178 137 228 -88 42 71 181 -120 18 -57 227 100 -63 -223 -186 -34 -181 145 -191 -202 -55 -250 -93 66 -27 242 -157 -112 138 113 23 -180 153 133 52 -51 199 8 -53 236 167 58 -24 48 -105 -89 -162 -31 123 35 148 -137 17 -192 -95 211 16 169 139 -240 -32 -188 175 24 -83 -10 207 248 -44 -248 -177 -49 176 194 -231 -151 223 218 -189 -78 160 140 -109 159 -200 114 78 103 238 222 149 32 -123 3 234 154 -4 -172 213 -2 -206 77 -48 96 41 -80 -92 117 -106 -224 118 30 246 -9 76 171 -58 -233 -208 215 110 -100 -50 -205 210 -21 136 57 -144 99 92 112 -167 186 54 -75 -16 191 -94 70 -36 -66 -131 224 -47 105 164 120 102 -182 -73 185 -54 124 241 214 -243 -38 -217 27 -72 79 -13 172 -236 -207 -146 177 -164 65 39 -185 -145 -179 -6 34 90 83 239 -124 -196 -230 -69 -87 -245 170 156 43 45 109 31 -246 21 -102 -101 129 67 53 -26 -12 -135 60 5 -193 -227 -118 174 135 15 -42 -221 -210 14 -183 59 127 237 -14 85 -121 10 9 203 -3 -56 -149 87 -64 130 235 82 -76 -141 0 221 245 64 -20 -228 195 -17 182 107 51 -117 -111 -110 -234 -152 111 163 152 -96 -43 -195 -29 -46 -61 -216 231 -215 121 -173 -201 20 200 -159 91 165 4 -115 244 49 126 -161 134 -244 -127 -74 -143 173 98 108 -190 158 184 178 -232 180 202 -153 208 131 -174 55 -67 143 220 50 13 179 -85 -184 209 226 -114 188 -187 -241 -128 101 157 -84 115 38 -175 122 75 -156 205 81 -147 -166 74 247 225 166 233 -155 142 46 104 -91 197 69 192 84 -213 97 -148 22 147 11 216 -37 162 -33 229 -107 -119 196 2 -225 -99 -165 12 -242 -62 -171 37 106 -65 -59 -35 232 -229 -235 155 -104 88 -23 -130 150 -163 -77 61 -168 -198 -28 -30 -90 -52 -142 -222 -134 25 230 119 63 212 204 190 -129 132 -71 -82 240 89 -203 -247 -176 -158 93 -68 -194 6 146 73 -199 -86 -136 -214 -150 243 -238 -40 -45 -209 -8 -22 29 -113 -5 -108 201 189 -169 206 36 62 -15 -132 -138 -103 -70 -249 198 -125 161 72 -126 -116 151 -204 -11 217 128 168 183 -170 68 44 -98 33 187 -140 
TEST 151 ARG:140 -12 134 -238 158 -116 216 -15 -41 153 75 62 -212 -131 -146 17 96 -143 -64 171 191 230 205 229 -161 -229 -182 -107 -132 -82 13 91 97 -8 -223 157 -38 244 -205 -149 -195 -181 -58 -86 -180 -42 -134 152 113 -250 -101 22 154 70 33 178 114 92 235 -4 34 -18 26 42 -52 188 -177 121 -26 242 187 162 -59 -22 100 86 -23 -225 98 -199 138 -179 -80 -76 131 -184 -9 186 -2 155 184 51 8 -103 -45 176 139 32 -122 220 49 109 240 -13 80 198 -46 77 31 -196 -69 226 180 6 -94 54 185 12 122 -139 -133 15 -121 204 -233 110 99 248 -77 -242 -35 -198 -85 -71 -6 -27 167 -92 44 -130 46 -187 57 -203 238 175 52 -125 56 -191 94 -218 -222 50 -63 104 -21 38 126 -57 5 179 232 168 -40 29 195 -145 3 66 -228 177 206 -227 64 -150 -210 102 209 -244 83 112 74 130 -248 -61 -245 219 -207 61 203 -217 -144 -154 -60 218 143 -189 -140 127 107 192 -108 -84 -56 159 182 78 -83 247 118 -115 36 -93 -201 58 -178 -36 47 93 -166 172 -193 -234 234 111 190 72 -249 -172 -68 -127 233 174 60 16 115 105 -79 194 37 35 183 214 -49 43 237 -67 82 -247 -208 -109 -214 -124 224 144 212 163 -173 129 -237 -43 69 120 -174 -185 -97 117 -19 -138 -239 40 241 217 -55 165 -160 116 -102 -226 160 -31 23 -159 181 -47 101 246 -32 -87 -44 -231 -170 249 -202 -16 -17 -211 123 85 -243 -232 -192 128 -129 -163 -14 166 -62 7 -89 170 106 21 -194 -213 245 -112 -186 0 -74 200 -136 -88 -147 135 207 -78 14 -126 10 -153 -72 90 -118 -190 -95 -183 -28 -197 136 -164 -5 -215 -73 -75 -48 -119 208 -96 -110 -11 -240 231 28 141 -51 -162 -111 197 76 137 -39 -206 -246 -241 59 -137 228 149 125 196 -104 -30 -169 -25 -54 132 225 -200 24 119 103 -33 -175 11 73 211 68 -168 124 -148 148 142 -176 -141 65 -156 71 84 -100 -114 215 -10 133 -167 -120 53 30 -65 -236 27 -165 20 79 -209 4 -142 108 -188 81 -155 193 -105 95 -219 -158 2 221 151 67 213 -235 88 -24 227 210 -117 -152 236 -91 -224 146 -113 63 189 -66 48 239 -70 -151 161 -34 223 -106 243 201 55 9 45 18 199 -53 -171 -230 1 -3 89 147 -135 41 -90 -20 -98 -123 19 -1 145 -216 -157 -220 -99 173 -204 156 -221 150 -7 -37 25 -81 39 202 87 -50 164 -128 222 -29 169 
TEST 152 ARG:-81 -247 -98 -76 43 -229 131 -111 23 -93 -86 123 -56 147 110 127 213 -117 -122 -209 -181 165 67 -105 -208 199 3 18 156 -142 -216 60 201 -17 -74 -123 151 239 -92 101 -241 53 -51 -212 -38 -39 177 -211 16 -79 -197 194 -199 158 117 -6 21 -40 -159 214 41 -80 35 -22 -158 -48 97 163 -10 -115 231 140 -126 190 111 179 -102 52 132 -67 -245 2 45 4 244 -220 92 -163 210 234 200 -5 143 -46 226 94 152 109 -230 -57 29 -112 84 -42 136 221 -186 80 -95 168 91 -182 -173 -184 79 166 175 -138 -239 247 -143 113 122 -191 242 5 -12 -59 -162 -43 -18 70 -62 -203 24 -16 31 8 116 78 208 14 -77 -84 -9 -222 160 121 48 154 -232 -116 225 224 102 -210 -218 64 -124 195 96 -108 30 -134 198 34 -133 182 118 -109 216 -244 138 -235 -193 -152 -50 -33 -174 240 157 155 39 -119 172 25 28 89 -149 189 86 -243 73 -73 -61 -35 -118 -175 -36 184 74 -25 -223 -155 -219 -2 -75 -114 -240 -103 -164 191 54 -236 -52 -78 -13 141 104 228 126 0 -63 211 50 36 -187 -153 -45 -58 37 65 169 -91 87 -24 120 -32 145 85 -176 204 -214 -110 -228 249 248 -82 -188 -192 -231 230 217 -165 202 7 -190 229 133 -47 40 99 -154 -34 -144 -160 -204 193 197 215 237 -194 -130 105 207 -167 -246 -66 -136 -87 -238 6 176 -234 62 -140 218 -137 144 -15 83 124 238 -8 -55 72 -11 220 219 -27 -221 -37 164 -26 -202 27 -41 -7 -135 -166 -170 20 12 -213 243 174 33 -96 232 246 -107 112 142 227 -161 -131 -148 -49 -200 98 125 -4 203 -217 -121 -206 76 -205 114 171 -85 -225 -169 212 95 235 68 -172 -70 38 -89 81 134 -100 -201 51 -3 -237 129 -90 93 15 61 1 181 66 44 59 90 -128 82 63 -29 148 -233 205 -99 71 187 -227 -185 88 -125 188 -249 -224 170 183 56 -139 -147 -20 -88 159 -195 139 69 115 -250 49 -1 -69 -65 -132 107 -68 42 149 77 -207 -168 -106 -242 -72 -64 75 223 206 -83 245 58 10 -113 146 32 -19 -226 -23 -120 17 13 19 241 -157 -183 167 150 103 11 192 -28 -189 -71 -179 -150 -146 46 -97 -171 -60 173 -156 -177 -104 185 -180 236 153 196 -198 -101 -21 106 -129 -14 100 -248 -53 135 -215 47 -30 233 22 108 26 -178 186 161 55 -145 -54 -31 162 -151 178 180 119 130 57 9 -196 -141 137 -94 -44 -127 128 209 222 
TEST 153 ARG:-135 168 224 201 24 145 -14 206 54 -26 -10 219 109 120 83 200 26 176 151 21 -122 -166 113 198 247 81 210 159 137 -16 -148 188 -126 -12 82 -79 -132 -157 -153 220 43 167 119 36 -24 202 -154 62 108 -152 -99 -199 -224 -107 -112 -23 51 -85 -72 237 -169 175 67 38 -146 -87 -239 -128 -48 -127 103 -180 -172 -156 73 -104 122 -68 91 222 -70 131 52 170 134 135 185 -201 227 -220 -114 -233 -69 -223 -5 186 -244 127 -151 -40 146 -196 -147 72 -109 229 9 124 -131 -140 64 187 30 42 -96 -38 152 0 179 144 121 149 63 -55 184 49 -137 -158 -215 -82 -30 -115 209 221 123 -249 -160 -219 6 -39 11 25 -245 65 -226 22 172 161 225 74 -49 17 -175 -211 242 190 1 -206 133 -28 -200 -18 45 20 -179 196 -155 116 2 68 246 -232 -235 -106 -71 56 132 -139 48 -236 76 -177 -210 -195 96 154 101 228 -51 -67 -186 -173 -13 -62 -149 213 234 214 -212 66 14 -167 204 44 84 -164 50 -50 -174 -222 130 178 99 -204 164 110 -73 53 39 8 203 -228 150 -193 29 236 55 -161 -238 106 -29 -101 -83 115 165 61 177 216 95 158 205 46 -88 -56 189 208 114 -108 32 128 -209 -192 -46 243 93 126 147 118 163 233 -243 -80 248 -21 -229 -217 -197 -95 171 193 191 88 71 -4 -231 77 -93 60 75 -221 57 105 -240 -53 -78 136 98 -185 -178 249 155 240 -105 142 241 -89 100 -214 -150 -8 34 7 -205 -120 85 86 33 35 -60 -76 89 92 94 174 -90 -124 19 -143 -118 215 138 173 -117 199 4 -84 -20 58 212 -237 -9 180 -189 -34 -129 -74 18 226 -61 -86 -234 -6 87 12 27 194 -225 -25 -52 -100 -144 107 -44 -242 -37 169 -66 -110 -43 -141 -213 -19 -64 102 -171 162 244 181 -33 -103 197 -187 -230 -119 -165 125 -190 79 -163 -58 141 232 -47 230 -57 15 -94 -113 -42 -36 -218 -216 166 -111 -63 195 192 129 -207 90 40 31 -59 -159 -92 3 70 -17 -208 156 143 -202 148 -191 -203 111 239 5 -176 -3 -170 -27 -198 -138 139 -81 -250 218 -182 117 -241 235 -133 223 -45 10 245 -194 -134 -248 140 80 -247 -41 -11 -2 -125 -32 -123 207 -65 -102 -246 211 -130 -184 -162 183 -7 37 -145 -98 -181 16 182 -15 47 -136 217 -77 59 -22 231 -227 69 13 41 -188 -142 23 -168 -91 -183 157 104 -31 -35 -116 153 -121 238 160 28 -97 97 -54 -75 -1 78 112 
TEST 154 ARG:234 224 38 223 4 -152 -171 67 -57 -27 32 92 -18 -229 -31 149 53 -221 104 -160 -55 110 190 154 -233 -104 -32 -156 105 -79 -142 -15 153 -215 108 36 -41 160 -84 -195 -145 -26 -218 129 -98 -93 -236 -150 85 19 -186 -105 -9 152 238 -61 60 77 -58 -136 74 25 99 -200 -74 -175 -75 157 126 -158 -212 206 -227 237 -204 -147 -92 197 232 -157 144 242 -127 -90 51 -174 -121 -85 138 -42 84 177 170 -89 -223 91 179 205 107 43 216 -112 132 40 69 -64 -244 -196 -67 165 109 139 -70 100 173 -34 -118 46 -22 194 -224 -99 80 136 -29 218 76 -246 -13 -248 159 29 115 167 -38 -113 169 155 -178 -239 27 141 14 163 202 -226 228 -40 172 -182 20 240 -43 95 -124 103 -6 66 -82 -220 -217 -222 116 59 231 33 -231 -205 -106 26 -69 -163 -168 -116 171 158 122 221 -208 222 1 248 145 -20 130 15 61 119 -164 -202 101 -228 196 2 -216 7 -137 -88 49 118 183 -128 41 -8 120 -197 -194 -159 -80 -183 229 87 147 168 8 188 -138 137 28 -135 -62 178 -129 -56 187 -185 -103 208 241 -154 245 180 225 -87 204 78 -14 195 -71 31 -19 -81 -237 93 -249 -232 133 -213 239 -192 146 -161 -146 42 -230 166 247 73 -199 213 71 -11 243 114 52 -54 16 -30 -109 209 -78 -60 -245 3 211 47 -72 55 -181 -76 -45 88 -63 -242 106 -148 102 -48 58 -53 -1 123 184 -166 156 -151 -149 -187 -96 -94 -162 220 -28 -250 -247 148 -10 113 -24 -97 125 18 210 -180 23 30 191 -25 -17 -91 79 -39 150 226 -119 -35 -198 131 -184 -243 5 235 192 -133 21 94 -7 -65 140 -108 182 -47 -176 117 -240 -188 -36 -52 207 -95 -172 -153 -73 -101 -173 193 35 230 54 50 -207 -132 200 121 24 -44 -120 -134 -211 -203 -2 -49 -155 -102 56 175 -46 186 -23 -114 6 142 48 0 -225 143 70 -123 -140 124 -189 -33 12 -214 75 68 65 134 189 246 227 37 89 212 62 236 44 22 233 249 -193 203 57 -130 97 10 -241 -86 -122 -143 -209 -59 83 -51 -5 201 112 -115 9 -167 -234 -3 176 90 13 -66 174 128 -37 -68 -100 -141 -219 -12 244 63 111 -131 161 217 -21 181 162 64 185 127 -238 135 -177 164 81 98 219 198 34 -77 -50 -117 -235 215 214 -126 -201 -170 72 -190 151 82 199 -179 -144 96 39 -191 -169 -16 -83 -139 17 -125 -110 11 -4 -210 -206 -107 -111 45 86 -165 
TEST 155 ARG:123 43 -214 196 -80 12 127 -169 171 -190 48 -170 -182 -241 -91 20 87 61 170 -195 229 59 154 -71 -172 178 41 -206 -87 -187 134 33 -229 26 146 176 -36 85 177 -238 108 -185 -104 227 18 -26 -133 142 207 219 -25 -102 -162 115 -44 -205 -228 -52 -10 187 -223 189 -243 -119 -203 -209 -78 235 -146 110 190 106 -164 63 75 -160 -207 147 31 157 -31 -153 -112 -118 -249 57 -72 -210 160 214 185 -230 -67 -16 -192 200 -66 182 -247 148 90 -43 -13 -113 76 -159 -90 -48 -73 10 -139 -188 -21 -8 181 -194 -234 -178 37 15 -28 -77 13 153 -15 21 124 -189 44 120 111 236 -103 139 -126 69 -179 -218 38 102 -65 -176 -12 199 -217 -110 149 109 -117 83 -34 -54 -94 -42 -237 -6 -115 156 -35 224 49 -155 82 -88 96 -68 193 166 209 210 1 208 -70 162 -211 -82 51 132 9 -202 -198 137 -134 77 86 -121 40 28 221 92 184 228 245 -186 -69 138 -89 -1 -165 -173 -30 -116 66 -37 232 164 -99 -140 -76 -196 -92 -183 99 -149 -23 -129 152 6 -64 136 -235 -132 -138 55 74 -27 -20 -158 244 175 64 3 161 32 248 112 -154 107 135 101 -168 241 72 -191 -98 -51 54 -123 225 97 -197 -250 -184 -5 192 188 201 104 -208 -24 78 -166 70 -81 237 191 -75 68 -3 -227 -14 17 -108 98 217 242 84 126 -128 -151 -245 -157 216 231 53 234 -141 249 -167 -56 226 122 198 204 133 -18 -163 202 205 -114 140 27 -9 45 -161 246 -93 150 -63 -231 -148 95 25 203 130 -17 129 -45 -55 -219 -83 -145 8 -47 119 80 -109 -193 -142 -180 -62 -143 7 155 -40 0 -181 14 179 -60 -84 35 213 -201 -127 -97 -131 -136 100 163 2 -135 118 158 243 -225 211 11 46 -96 88 117 -101 89 -38 151 -212 -95 -242 -204 173 52 -240 -213 195 60 -125 240 174 -85 -147 24 212 -150 -130 239 -107 -226 -246 42 -233 183 -39 30 -79 -200 65 215 71 159 -100 -232 22 194 230 169 197 -50 -137 -239 94 131 -2 -236 79 -221 16 29 -120 222 -29 39 114 -124 223 -220 125 58 -7 218 36 -177 233 121 -144 206 -224 172 62 56 -4 -215 -171 23 128 -174 -33 -199 -106 5 143 -32 50 141 103 -61 -122 81 220 -11 -41 19 144 -57 91 -49 168 145 165 73 34 47 -216 -74 -59 -46 -244 -86 -111 4 93 -105 -152 186 -175 -19 105 247 -53 -58 238 167 180 -156 -22 113 -248 116 67 -222 
TEST 156 ARG:-247 89 229 38 199 -236 -205 14 -197 154 246 -55 -13 -126 -8 -84 248 60 -119 170 163 -113 -211 185 -47 -241 -245 -94 -231 -61 -154 23 -190 54 26 -58 200 75 -71 -162 -116 131 205 104 -57 194 -155 -227 -201 -174 -77 -238 -99 -2 181 -24 -187 109 -15 -125 240 30 -26 -42 100 22 2 -124 -109 155 -9 234 -222 -240 -96 -158 51 43 168 116 -49 -25 -198 -121 -45 -204 -65 -117 114 -104 -181 117 -92 214 28 138 -219 189 209 68 -111 175 -97 244 167 -67 -185 63 147 86 -87 157 128 236 -114 -39 67 -165 -146 15 47 -232 -66 136 -156 79 -169 203 145 -170 -171 182 142 -108 -80 208 -225 -46 215 -120 34 -242 196 -21 8 -203 159 144 -180 80 64 19 -234 59 32 133 166 204 213 96 -134 25 16 -212 186 103 -3 218 -249 219 -83 206 149 40 -59 125 87 228 211 -213 126 233 -90 -6 201 101 -35 53 140 -115 242 -220 202 241 61 -20 -75 119 -239 148 50 -68 -44 -110 -132 239 192 -150 172 111 224 -138 -106 164 -64 77 13 -153 -34 230 123 -10 176 -186 156 -157 -51 -43 -215 -167 -81 -248 -86 -243 -36 55 62 -11 -168 139 -159 49 4 177 -250 -193 -30 -95 33 69 9 -107 0 42 -152 85 -28 -38 -82 74 -133 -175 -224 91 -74 137 -105 -130 -73 197 210 -246 110 190 171 118 -41 -179 165 -93 105 90 -72 -136 -192 245 108 97 70 -237 76 249 124 -196 93 -40 -135 -17 141 -131 7 -166 -123 -32 221 198 212 -1 107 238 92 -29 162 216 99 -69 -22 -79 -214 174 -12 -127 113 -199 112 -139 56 -14 -85 -60 178 35 -78 -100 -208 52 -147 -54 31 120 -140 -62 227 -223 -102 73 187 -160 121 -176 -5 -151 57 169 161 247 -229 -194 -128 173 21 102 66 29 48 -103 220 6 -164 -202 179 -206 36 -27 95 158 222 -217 -149 -142 -200 -101 237 226 -143 39 -4 -141 -31 225 -178 183 -228 45 -235 232 -63 193 243 -16 -70 -188 184 143 -209 188 132 115 65 152 -7 -122 -172 10 -48 223 -56 -91 -221 -76 150 -144 -89 5 44 -37 78 -50 -177 -244 -18 207 146 -145 160 71 58 -195 41 235 98 -189 -23 27 217 -33 -191 18 72 20 88 106 122 134 11 129 -184 17 -163 130 82 -118 -52 84 135 -226 -19 81 153 1 -233 -218 -182 -53 127 -98 46 94 -207 -216 83 24 -137 -148 -210 -183 -88 180 191 3 12 195 -129 -173 -112 -161 151 -230 37 231 
TEST 157 ARG:142 186 -170 -189 7 -42 -39 -231 203 -119 -214 100 57 234 86 60 164 -154 -232 -15 43 -125 -180 -137 23 25 -147 124 249 183 -229 21 27 156 -186 -117 46 -92 -47 238 -9 245 0 139 -192 221 241 182 -176 -225 -217 11 -184 -173 -171 79 -27 226 -66 -94 -8 113 -112 22 -139 133 3 165 125 93 136 -236 188 -185 220 40 -228 208 -48 67 -111 -161 231 197 -26 62 -182 101 -95 -80 150 -144 -159 -52 119 235 134 76 -195 -148 153 49 45 169 77 73 -40 12 29 144 -19 147 -141 -110 -158 -51 -149 -122 -165 176 18 -211 185 -106 -108 -237 162 -238 244 -90 -100 -68 140 192 -172 225 85 189 -127 -105 82 39 14 -134 10 -83 218 -224 102 167 -250 -75 217 205 -87 -151 -93 219 -60 201 24 -6 -57 17 -153 -136 110 16 -135 209 174 181 -84 -101 -193 -85 -213 111 171 211 35 -202 -56 51 -4 -22 -18 -230 -5 -247 151 163 -140 -7 -63 -234 -243 128 -44 -123 -79 135 -73 212 -109 15 74 92 190 -53 -246 30 -133 -220 106 -32 224 -70 243 166 -21 180 191 -74 204 -199 -118 -216 117 -29 80 -86 28 38 -152 -33 116 -50 -166 -64 87 -163 109 108 95 54 240 -183 122 -20 78 47 -59 -65 75 -150 104 58 -245 -179 96 132 105 -81 -88 -24 -129 168 19 -78 161 61 -96 202 175 -191 230 -12 26 -114 -240 247 178 -138 63 68 193 65 232 206 -62 -218 -174 -188 -233 50 177 -132 114 -178 148 -197 179 137 157 112 237 159 -38 71 -124 214 -223 170 154 227 -164 5 48 -190 -30 59 72 -221 -77 9 160 -200 149 131 115 -168 -207 -142 56 242 229 198 -98 152 -167 228 -43 -45 -34 66 -14 -227 -206 -37 -162 216 90 -160 210 98 -46 -203 20 6 194 187 70 -97 37 89 -2 246 32 184 1 146 4 -76 196 64 -209 -89 -241 -157 91 -244 215 -28 -198 -196 -222 -201 138 -31 -10 -215 -49 145 158 13 -242 -102 199 -219 36 94 -249 44 207 -155 84 172 -3 236 -61 41 -82 -58 222 -205 126 -36 -107 123 239 -25 -187 141 213 130 -41 -104 129 69 -23 173 8 34 155 -181 53 223 -208 107 -99 -1 -13 -204 -177 120 -131 -126 248 -113 -143 -248 -54 -235 -16 -71 -128 99 52 88 97 -116 -169 -103 42 -239 -11 -35 33 200 -194 -120 -156 -115 -130 103 121 55 31 -210 -212 -145 195 -55 118 -146 -226 -17 -72 143 2 -121 -69 127 -175 233 83 -67 81 -91 
TEST 158 ARG:248 114 219 74 -211 -210 239 -232 -106 -11 22 -140 -197 2 -86 203 -89 107 70 0 -71 180 128 -126 -132 -62 138 -152 204 -144 -56 49 63 -25 32 205 142 -97 -80 -85 233 218 174 -206 -135 58 -122 170 60 -43 177 -196 112 79 100 -28 84 -127 -233 -54 72 -129 135 155 -23 -91 161 178 71 -125 -116 -234 -241 64 -1 -151 -35 -15 21 -98 -245 -44 14 -49 -48 -128 39 -12 -109 -38 3 -57 181 247 228 -205 243 102 -5 131 -217 216 89 73 -114 -199 57 20 -169 7 122 -26 186 -4 -84 -136 120 212 -10 40 53 -192 125 -215 -60 69 -92 130 -181 -160 45 34 -176 -149 -150 -101 158 -161 -13 109 85 246 -178 211 6 41 -248 101 -82 -172 118 136 156 -237 -108 -242 227 127 96 213 92 -153 31 77 -3 225 46 -168 61 108 -107 75 -137 -7 237 -66 103 197 -147 -83 -186 -118 -164 5 55 -190 200 187 66 -222 129 198 115 -250 -139 132 -65 -76 -221 -239 -171 208 -87 -189 171 -30 241 -166 -238 -177 196 -67 -105 -133 -16 -110 -96 159 -212 -216 -45 -167 -88 191 -183 -104 4 -68 165 -14 -72 67 -207 -29 -52 -191 -69 202 -123 154 210 -225 12 176 56 -142 121 229 -145 194 -100 157 -213 62 -243 119 25 201 -156 113 111 173 199 207 36 123 -157 -236 235 148 10 35 182 59 240 98 -159 -130 -64 -231 -148 16 -226 -117 13 244 -81 91 175 86 -95 -134 19 17 -200 179 234 95 93 193 163 15 105 147 -2 126 33 183 -63 23 -9 54 50 -75 -46 -50 221 192 -244 27 149 -55 29 42 -227 26 172 -224 47 -155 167 -198 -187 -247 -32 -209 -202 -208 -31 -141 -112 68 -61 -223 -103 -90 -8 -39 151 -51 8 166 -111 82 1 106 137 37 -124 236 -179 43 -235 24 209 99 90 -79 -246 190 -47 51 88 -214 11 52 76 48 -34 -20 139 232 -74 18 -158 30 -27 -194 -229 249 146 -146 104 -204 185 87 117 -220 -230 184 -154 -175 -37 164 -119 143 83 144 -174 -115 65 -78 -70 28 -163 -249 133 -58 -201 195 -138 160 224 134 80 -219 -180 -131 -203 -228 -40 215 44 -188 -59 -17 -6 78 -193 220 222 -143 188 242 -22 230 231 -99 94 -185 -165 -19 -218 238 124 -18 214 97 -94 -41 -77 -53 9 -24 189 153 116 226 -240 168 -162 -195 -121 -93 152 -184 -182 169 223 206 -102 245 -42 81 -113 140 38 110 -33 -170 -73 217 -120 -21 150 -173 162 141 -36 145 
TEST 159 ARG:-50 -24 -160 233 13 12 -203 122 -132 -123 85 -13 141 147 -179 145 231 223 228 -31 -87 62 -137 163 -207 80 56 90 91 160 181 144 48 -127 174 59 211 -117 199 173 -200 -198 -237 6 -229 -212 105 -243 -21 -193 -151 -158 112 -197 10 -147 129 165 31 21 -250 138 -77 -79 50 203 -16 -35 178 176 161 -191 -44 -143 32 65 -156 202 -19 134 -48 -249 -115 224 -43 -192 107 -223 -162 -130 -28 -134 210 235 35 -161 -182 226 -135 213 -70 -55 -82 53 -196 -154 -80 132 102 189 -202 87 -96 106 -242 -225 -114 245 -159 -95 103 188 -231 -104 194 18 -116 126 63 -3 146 60 -139 -121 -226 -204 25 -49 -180 27 -90 121 36 -102 -125 -78 154 -59 -76 -178 -54 243 -34 184 -145 -32 -52 -14 159 172 -94 247 123 -91 19 -240 75 140 -38 -126 236 -190 -167 190 77 -119 -128 83 -92 120 43 20 -221 5 200 72 125 -20 64 -163 -22 196 214 -111 58 -247 -4 -150 227 -211 135 29 -118 42 158 175 240 -120 185 -136 -174 69 92 86 -98 -208 177 -235 -166 109 191 100 -86 99 93 -45 -233 -97 -140 -51 -88 -218 -213 164 -215 -194 115 33 -230 192 -81 2 -65 -37 79 -181 -7 136 54 198 -169 -64 -170 -184 -171 17 9 -187 97 -10 -2 -106 124 244 242 -36 -67 -173 -224 -12 -85 169 -58 183 73 238 -183 -133 -232 162 -219 225 219 166 -210 212 111 -75 -131 51 249 -66 -209 -11 116 -195 -62 151 -234 -176 -57 57 1 118 61 155 -60 -152 215 39 -9 -148 -217 71 3 -41 114 197 -15 137 -201 -46 49 -228 234 7 149 4 15 41 237 16 8 -103 26 96 170 94 148 218 -71 -220 -142 -124 -244 46 34 232 67 74 -172 -26 -30 217 204 40 30 -17 47 127 -63 -107 -105 139 119 28 187 220 193 95 153 -74 -8 182 -164 201 -100 207 44 130 209 76 156 -188 168 -99 -241 229 68 -149 -112 239 -146 45 179 104 101 -72 143 -109 180 133 -144 -108 -68 150 -168 -165 66 -56 -189 -177 98 -214 117 -153 -61 -39 -6 108 208 -238 195 89 167 -93 -84 52 -101 206 186 -216 -1 70 14 128 -29 24 88 -206 -141 230 84 -175 -155 -18 -69 -239 157 -157 -245 -73 -110 -236 171 81 110 -40 -47 -185 216 -186 -27 113 221 -5 -199 -138 0 23 55 38 -205 82 78 22 142 11 -227 152 -89 246 -25 -83 -222 37 131 -129 248 222 -122 -33 241 -53 205 -113 -42 -248 -246 -23 
TEST 160 ARG:-214 94 46 61 79 -204 93 239 -84 105 225 -137 104 167 235 -183 -218 -88 -7 178 -161 -239 -85 132 -61 -38 -189 -73 168 160 110 -215 -230 -112 109 -86 244 177 249 -171 165 119 182 -83 -118 59 -16 192 -241 -67 -4 191 -69 7 -120 -247 99 19 -245 -144 219 -192 -100 62 -46 103 14 -32 75 -226 41 4 -111 29 222 -94 -108 108 -227 102 60 -216 -89 -10 -243 -211 -155 37 -65 215 68 150 -249 -8 3 -23 169 202 48 142 179 71 -238 116 76 -158 171 -53 73 122 188 -6 -163 -26 134 -242 129 -14 -5 133 -116 185 123 -224 -159 144 -212 -37 223 242 236 174 -220 -196 -45 -102 -229 -18 163 -210 -222 -55 -156 -122 200 180 -13 44 -244 -22 135 216 -131 124 63 -190 -136 243 -17 -132 118 -217 -167 126 -109 -63 127 31 85 -199 205 -119 22 -219 229 5 -139 -90 154 -49 -150 -110 -93 -99 111 32 -250 0 -225 54 11 -185 131 -172 121 217 38 231 34 -80 -12 -231 224 112 148 128 -35 65 50 -77 -142 117 -64 -184 247 212 -82 195 -96 183 35 39 -41 -148 152 56 190 199 198 -106 -40 -208 181 -228 136 -200 -170 138 -9 -202 221 -240 25 246 -34 -62 -76 -151 -178 55 28 -166 -81 -201 114 166 -221 -180 2 -42 156 -92 -60 -207 -232 -179 -101 248 162 207 24 69 -223 170 203 1 81 -78 155 -11 83 -147 -47 -104 106 141 204 16 -194 -140 125 218 201 241 -162 -128 -25 -125 194 -186 -197 30 -79 -1 49 -152 -31 -36 187 -51 173 139 197 -20 64 -187 -157 -203 -124 -135 -160 137 -123 66 -19 89 27 -103 140 -176 176 206 107 209 -173 88 238 115 113 161 -146 -246 -169 -115 40 211 -74 -68 84 -134 -165 245 43 -43 21 -72 18 -198 26 158 -107 -30 -191 70 67 -44 196 234 -235 96 91 -70 -114 45 -206 228 151 -174 -91 92 51 -129 184 -181 -52 -95 -54 97 100 -33 -236 -66 -177 -130 -3 -138 -237 232 -168 33 227 90 -29 36 230 -113 130 -28 86 -248 189 145 -234 8 -153 -59 175 -205 237 193 58 147 -27 -182 -24 213 149 12 120 153 98 -149 52 159 20 47 9 220 -57 -127 -98 143 -195 82 77 146 -97 -145 -39 -126 -154 74 42 -117 -48 78 233 57 -143 -133 186 208 -50 -56 240 87 157 -193 172 -213 13 15 -164 95 -209 80 17 101 -188 164 72 -141 -105 53 214 6 -71 10 -87 23 -121 -15 -21 -58 -233 -75 -175 210 226 -2 
TEST 161 ARG:29 184 -184 34 150 217 114 238 94 -118 -249 126 153 21 160 137 -115 136 23 73 -24 123 -158 -65 66 -193 -194 128 211 -213 -66 -89 38 87 -117 -110 -127 -240 -214 130 -18 -168 230 -56 -20 8 3 186 -201 110 223 7 200 -105 239 145 -78 -153 -41 -60 -69 197 -88 179 -132 -180 -123 112 -102 -186 -57 -157 -218 -235 176 -80 215 9 -207 133 97 18 -170 168 -81 147 -177 157 141 14 -75 -113 -225 -107 -198 115 -43 -137 -59 -224 -151 -22 -133 -152 -237 28 -119 -159 -46 -150 -95 -19 199 45 -42 -232 -103 -17 -11 188 75 194 -104 58 -155 -162 222 93 -93 127 65 11 90 -203 -27 13 185 -71 17 178 -140 221 143 -143 209 -45 -141 10 -165 83 -248 25 12 -166 231 -7 60 -169 225 96 -61 -199 -182 -189 109 55 -156 -125 85 -126 -246 -179 -50 229 99 -64 -185 -98 -241 156 -233 162 -9 37 54 -209 242 51 116 248 63 -91 81 -244 214 -236 -77 -37 -211 103 20 227 79 -130 24 224 -10 161 -68 -230 -28 247 76 195 -52 -124 49 163 -245 152 246 -221 108 -171 -172 -187 -142 69 -216 -146 -48 -90 124 182 -227 243 43 202 -116 234 98 74 -174 146 118 -73 -192 159 237 174 -47 -30 -83 -51 -138 -134 -197 -38 -97 180 41 -173 213 212 102 15 92 -74 113 -112 189 205 -92 154 -131 164 -164 40 218 -96 -34 -54 155 -62 86 -12 -25 33 129 228 61 59 -247 148 48 -23 201 -163 32 42 -49 44 -139 -87 39 -204 -63 -36 0 6 -238 132 -82 208 151 -178 -108 134 2 88 -205 135 204 67 -84 138 -239 144 68 173 198 -128 78 -148 -176 -145 106 119 -67 53 -44 -136 -58 70 104 -26 84 -121 -13 -190 -109 72 -243 36 -5 -229 206 -219 121 22 -242 181 64 172 -196 244 -223 -222 139 175 177 -85 -106 -215 -94 -99 -210 207 1 183 -29 142 105 -16 -234 -32 -53 -40 -217 -149 -79 31 46 193 -122 89 52 169 -100 -35 47 30 -167 -212 77 -101 -191 19 -144 158 -21 -72 -183 190 -70 -188 -2 216 -111 56 50 -76 -55 62 -15 226 82 245 -181 -39 -86 -120 100 -161 -226 -8 235 203 -6 16 240 122 -14 -129 5 210 196 -31 91 -1 170 131 71 80 187 140 -114 -175 -206 -3 111 220 249 -220 171 27 -135 -4 -231 233 236 192 95 167 -147 191 -33 241 26 -250 57 166 219 101 117 -154 4 -200 35 165 -202 -208 -228 125 149 -195 107 232 120 -160 
TEST 162 ARG:-159 -178 -24 -69 45 161 -121 143 -179 16 -200 -77 200 -203 -10 224 -33 -141 12 -42 141 208 89 -219 -12 -82 8 21 102 -88 63 -151 -104 77 -41 -209 57 -177 -85 212 187 -174 -116 5 -47 64 -215 -213 234 -235 -57 243 46 -214 29 -198 199 28 86 -14 191 223 -240 150 180 65 6 152 219 82 -90 126 -8 -140 -114 -210 183 147 -76 128 -26 112 -234 -248 -245 15 49 -228 121 119 47 94 217 53 193 -220 -146 185 -39 249 26 -111 -74 204 -31 178 -128 84 205 -189 42 17 3 -56 -34 -52 123 -138 184 194 -250 213 -125 -202 -112 -110 101 137 206 -92 -27 -227 227 -164 -67 192 163 -29 -78 -147 118 -157 226 99 -16 -236 59 48 146 168 -175 70 -79 -170 33 36 -64 -30 -101 116 216 100 104 188 181 189 -216 179 90 -148 248 -113 131 -221 -182 -83 244 32 166 236 201 75 165 97 130 245 79 -168 -184 169 58 247 -136 -160 105 145 -137 240 -185 -119 -243 93 81 -120 -5 91 24 -107 -49 -167 50 44 175 -195 195 -154 186 138 239 156 -11 -169 198 -225 -144 -192 23 222 -117 155 -28 -2 108 38 -206 153 173 -199 -102 103 -180 62 -59 182 158 -4 -241 125 196 -71 129 164 207 -70 -131 203 114 -89 -17 -201 40 -44 -193 -93 -142 160 85 148 -127 -190 -205 66 92 11 83 -238 -73 210 -43 71 229 74 -13 228 10 -246 -173 -72 51 -249 -150 132 4 -6 -1 31 -15 171 34 127 159 -51 -63 113 61 -54 -19 -84 111 60 -66 -97 124 174 -165 190 -176 -191 -135 -223 218 246 -105 209 -187 30 -130 -94 13 25 9 80 -106 -239 -218 35 -194 122 -207 -122 106 142 -95 237 -156 -132 133 -211 -166 162 -61 -224 -222 -231 -100 -196 -145 22 78 -46 14 -99 -3 -80 -68 -183 -9 197 41 -181 140 -129 -38 -163 202 235 211 -158 -172 72 98 107 0 -60 -186 -204 54 225 176 241 139 -62 -242 43 -36 151 -20 -208 -152 -37 172 115 -65 76 117 -53 -81 242 -32 149 7 -229 120 -96 -108 68 -226 215 1 -123 154 -188 167 95 -143 -171 221 -58 110 -230 -247 -162 -40 39 18 220 87 -91 -217 -134 -244 27 -98 73 37 -35 20 -25 -237 -155 -139 144 -21 230 -118 -153 -87 55 -7 -103 -233 52 177 96 157 -55 233 -212 -124 -86 -75 109 136 -48 135 88 231 -161 -50 -23 232 -18 -133 170 69 -109 -22 -126 67 19 56 2 -45 134 214 238 -197 -149 -115 -232 
TEST 163 ARG:206 72 23 -84 -142 21 -72 -47 66 -88 139 145 243 167 187 -96 -215 84 -213 231 96 102 181 -143 220 123 175 -195 -16 157 -180 67 -153 221 -15 -79 -238 -182 52 -163 -166 78 127 203 -94 119 191 74 -76 -244 106 45 -172 163 42 156 -193 56 104 -99 -207 -32 -199 -121 103 -240 -56 -220 -67 -8 -78 244 -134 -131 -65 36 218 -55 -82 153 194 -176 204 -126 15 55 -30 193 -209 -73 -191 113 178 -170 177 -147 -69 -51 -232 12 -161 242 -234 200 -219 -104 20 -36 -4 -130 -214 -81 -128 209 -71 225 -102 173 -54 207 132 -118 -66 -83 -198 -119 -44 192 98 131 137 195 99 -157 -27 136 -6 -31 -196 22 -61 183 208 -216 -20 49 121 -91 -115 64 -5 185 -110 -160 -231 44 33 -103 233 143 -200 -108 -62 71 19 50 91 -13 -26 47 105 75 -194 -74 155 82 63 -105 -132 -80 -203 168 -243 -246 29 228 214 232 -247 -17 118 112 -9 -50 -222 -139 -90 216 236 -218 24 117 40 140 -165 -45 61 -25 95 129 -152 186 13 -173 41 -7 -159 -85 -68 -235 -227 249 -138 43 -171 154 -107 70 -183 -178 164 -221 189 38 -112 -141 -185 -205 0 -92 -19 -124 -249 62 198 219 25 199 245 4 -120 -116 124 -49 240 -48 135 1 -3 -63 158 -64 -86 211 69 -242 146 -162 147 7 120 88 -100 -151 8 -10 -155 -188 -175 86 -154 134 16 -95 90 115 213 188 -187 76 -35 -245 122 -14 -133 -12 152 109 128 -2 -129 28 148 81 205 54 179 -21 17 10 -125 -239 60 196 110 89 238 87 37 -181 -201 248 59 53 -226 144 -164 201 230 -46 -248 -158 -89 -106 -237 -109 -58 -60 -42 -34 -93 -97 241 149 79 162 6 -202 -224 97 226 217 -52 57 -98 -190 176 -11 -18 161 197 -113 111 85 114 -156 165 -53 39 -241 125 -229 -189 -39 -206 116 -101 94 -40 -197 -43 246 -123 229 182 -41 -144 159 -117 68 27 -77 -137 -122 223 -192 224 100 130 234 133 -177 180 58 -169 108 -87 -217 -70 170 166 18 -179 -236 -212 -149 -75 14 222 141 172 212 26 -168 -24 171 -186 -140 -167 -174 -29 160 210 174 -57 -37 -250 -59 138 -135 247 -136 150 -230 237 -228 -127 -1 34 51 -148 65 5 48 107 -150 190 -114 -233 101 -22 77 -38 -225 46 -211 31 80 -28 -145 151 2 73 32 -146 239 184 202 -33 142 93 -208 92 -223 169 -204 30 126 35 235 83 -23 11 9 -111 227 -184 215 3 -210 
TEST 164 ARG:112 4 -24 234 -162 87 -146 68 133 130 199 -158 -100 -119 48 57 -19 -175 -217 38 36 -209 200 249 210 24 115 53 -185 -232 -30 -55 -197 21 -84 -108 75 -67 -101 142 -126 227 -166 153 -72 170 92 184 136 -143 -168 26 127 -239 -104 66 -125 -229 215 -199 163 -128 181 -28 31 193 43 28 104 180 79 -34 23 135 246 151 1 27 40 18 211 -235 -208 139 -120 242 -33 8 -29 -91 -129 -51 102 129 77 -13 149 -144 110 -36 -236 187 235 -124 -49 -127 241 236 -234 85 -20 -52 105 -88 -111 -157 116 -22 205 84 -81 3 -240 -164 -41 228 179 -99 -222 90 -227 174 204 -145 -190 -6 -206 -83 -151 -169 -198 -192 -5 -50 -71 67 -48 -201 -87 -68 -103 238 -210 -46 93 -215 -163 125 -142 -80 146 -248 208 -183 220 -118 -138 -247 -7 -137 30 213 106 -97 34 194 -113 -74 -60 -220 172 17 -65 61 120 -89 20 206 239 19 -9 -18 212 70 -133 -106 74 -160 -112 -244 -228 -188 -39 -32 126 188 -159 51 -35 42 192 -114 138 -173 243 132 82 157 -148 63 -2 197 152 -110 -96 22 156 -45 201 203 14 -243 219 134 -77 80 -61 65 190 -216 78 -233 0 -10 -57 -154 2 -182 -16 -14 -95 -187 -78 224 108 -139 96 -205 202 161 -44 99 -150 -8 131 185 137 86 25 97 221 60 -246 233 -23 109 186 -42 223 128 -37 117 -241 -92 71 -93 176 -64 13 -58 124 247 -177 -117 73 -25 -86 160 -73 -196 165 -90 -105 237 177 -245 216 -82 121 -189 10 39 -63 -225 207 -98 7 231 -26 175 -17 -171 -66 -218 54 -181 -184 143 -140 244 222 -147 -130 -132 -176 158 150 169 59 83 144 -186 -135 -202 -212 5 -194 -56 -219 226 -107 111 12 -172 -237 189 72 33 -214 -69 182 -136 41 11 230 -165 81 103 101 -115 46 -152 225 -21 166 16 -141 245 168 191 15 148 118 32 -155 -204 -134 -231 -75 119 171 -174 -161 140 122 -221 29 62 209 -123 100 229 -207 198 -43 178 52 141 -102 -53 -203 196 45 88 -79 -195 -4 91 95 147 49 47 114 -224 -62 -70 214 -193 -200 -85 -12 -230 -249 94 89 -238 -156 248 173 -179 -167 -31 58 -131 9 44 55 155 123 -122 218 -3 -1 217 -11 -116 56 -47 167 -191 -38 -149 6 183 -180 -54 159 69 -223 98 -121 -226 113 -170 64 50 -94 -213 76 35 -40 -59 -153 -211 -178 -27 -15 154 -76 -250 -109 195 240 37 145 -242 162 164 107 232 
TEST 165 ARG:187 -88 -38 -68 -157 -87 82 88 -176 43 170 -121 -44 239 -106 -211 -162 -119 -39 -172 90 214 177 -46 -196 97 -93 -47 223 -227 117 -77 17 231 -75 104 208 222 31 -118 -163 -201 52 -223 -240 103 151 242 105 -216 153 -236 -202 7 3 -205 46 116 55 42 123 -229 163 64 -109 70 -139 217 -99 220 -147 20 76 26 -42 -15 -61 -158 74 190 -56 -5 243 -245 -212 -213 -85 228 186 -103 49 -135 -105 -186 -183 -60 224 -175 149 -33 171 85 154 -156 -54 -178 -84 -150 -232 -239 -65 -115 21 135 -62 -220 93 237 -185 -21 95 -203 122 183 -142 37 -20 -111 180 48 -66 -22 40 -57 244 221 -184 -133 -117 165 -171 -32 34 98 247 91 -90 -107 -224 29 140 -218 -10 -7 -63 16 -12 -43 -228 83 41 45 -86 241 -83 1 13 67 246 -149 -210 -197 63 109 99 -199 22 -182 -221 -3 0 -222 -215 -69 -30 119 6 218 204 148 -104 147 206 -233 181 -250 232 57 -189 -120 150 73 -134 191 -153 39 198 -100 27 230 175 -13 -123 225 23 185 -164 -112 118 141 25 -11 134 -53 124 179 -1 -154 -248 8 -34 142 209 -82 -71 -160 -58 -209 94 -181 169 212 19 58 107 161 -55 -173 -59 -110 216 138 -67 196 9 14 -151 -198 92 113 -49 60 -170 -91 120 2 80 -231 115 77 160 -40 159 -155 -188 193 -177 -200 -193 -79 86 -50 195 -64 162 -8 -127 178 127 -122 -131 66 -237 -16 75 18 36 227 128 -28 215 -192 53 61 -249 -78 -74 -76 -130 24 -219 81 194 -148 -102 -141 132 240 167 205 192 33 188 131 -146 233 -174 89 -128 200 35 -166 219 226 145 201 87 -96 -208 112 -29 173 -101 -187 108 -242 -167 38 -113 -180 -169 -144 44 -41 182 -243 -17 -195 146 -80 72 130 213 -27 -132 137 -140 236 125 -24 -191 152 -31 -137 111 -114 -179 174 136 -23 202 -97 -235 -25 203 -81 133 166 144 4 -246 -73 -152 197 172 -168 59 -136 -72 15 -143 -241 189 249 47 -230 5 -70 207 -217 -116 -204 100 -92 168 235 126 -14 -94 65 156 -207 -51 -2 28 -247 -194 -225 32 56 114 78 248 -161 121 50 -95 11 -226 176 106 245 -244 68 110 10 -26 -190 30 157 96 -125 -108 51 -37 139 -6 -19 129 -124 238 234 -238 -48 211 71 -129 155 102 -159 -89 -52 158 -98 -45 -214 184 -35 -126 143 12 -165 210 -206 -4 -9 54 -36 164 -18 229 -138 84 62 69 199 -145 79 101 -234 
TEST 166 ARG:9 171 213 176 71 242 -97 78 58 -204 232 60 94 139 -115 -59 -70 -83 196 -8 -150 97 -101 90 87 228 -110 217 -34 12 201 -247 142 54 -13 -9 -235 -162 -90 -187 -133 221 123 169 -224 -203 -201 7 225 150 92 -226 115 -15 119 -228 216 -58 -32 23 63 -87 129 -124 -245 -78 207 -159 22 121 -138 -156 108 43 28 -23 163 224 17 226 -233 208 -48 -223 145 248 189 237 4 170 -55 233 -135 114 -167 -218 85 -136 -25 -98 -130 -100 48 -68 -7 -95 -36 219 -145 40 -125 76 18 -37 91 223 24 118 -169 26 -248 -144 -30 -221 -47 67 -116 37 148 -102 -35 -45 238 68 111 -60 -198 -57 117 -241 -216 -12 -188 187 130 -170 218 29 -73 136 -172 -104 61 -217 -237 -151 249 -137 0 -208 -231 41 -161 39 106 227 -142 184 241 240 205 194 89 -21 -88 -112 -33 -40 158 231 -121 -14 8 -2 202 183 -109 244 -1 110 126 96 131 -6 62 -106 -175 -46 133 -244 105 95 191 103 -158 -165 13 195 162 -39 -11 66 -173 -4 -163 159 -230 -67 220 -53 -178 200 186 -190 73 167 -113 -209 100 -183 168 178 98 146 151 101 -50 102 -89 -56 -199 -18 -205 -168 -41 -38 138 55 -69 35 153 -54 188 210 -28 47 -160 44 -139 -81 -79 -164 -181 -128 -195 19 -19 -143 197 53 6 193 -200 70 75 -243 -3 -148 74 222 190 -93 -219 -75 -16 -189 -103 45 27 246 82 -147 -240 -129 51 128 180 215 3 -239 64 49 -140 -105 149 -212 -86 -232 -141 -80 -26 -117 164 -62 2 56 -74 52 86 -17 -202 -82 11 -186 -52 172 -24 -174 132 -155 -222 -213 199 -211 -10 -171 236 -84 -91 14 -227 38 112 -180 69 181 212 -63 235 165 36 182 -66 -196 80 -120 32 -246 140 107 -42 42 135 -193 81 -64 234 79 -154 152 -152 177 -108 -43 -96 147 143 -61 -29 -31 104 179 5 -238 -153 156 -215 239 -176 -114 245 -132 -250 -77 -122 -220 -177 -229 -76 141 144 15 192 50 -131 -94 -146 -71 -22 -197 16 -206 -236 -182 21 20 214 -119 137 -99 -225 161 83 173 154 72 99 243 25 65 -92 -191 109 -234 157 120 -111 155 -127 -51 57 46 1 185 -107 -166 -118 127 -207 84 -210 -123 206 229 -249 -44 -214 -185 113 124 -242 93 230 -49 -179 -157 31 10 211 88 204 198 -126 33 77 59 -134 247 -72 -20 175 -85 -27 -184 -5 116 134 166 -65 -194 209 125 122 160 203 -149 -192 30 34 174 
TEST 167 ARG:-53 -185 -87 164 48 244 -23 22 -102 43 212 -137 -26 -4 -99 -1 214 134 -103 -90 -70 -170 39 115 180 40 -222 -28 58 203 114 -244 1 230 -63 98 182 -115 -204 -132 -14 -81 -171 84 189 34 -49 -107 -219 201 213 59 155 -221 -250 229 16 -159 0 -36 -223 -249 -118 -195 -163 97 193 217 63 -240 137 146 -225 -120 233 55 -155 80 202 20 75 -129 166 -200 -25 -41 168 174 107 79 210 144 -142 120 -144 33 116 -201 27 141 -210 85 5 -9 36 -213 -126 151 179 -161 117 -42 32 138 -64 -89 57 237 -97 -93 -128 95 -241 -86 207 -235 -176 232 41 165 187 192 -77 -216 162 215 -111 -146 -35 191 -6 37 -73 -140 68 148 -233 -166 -156 -234 216 -228 -108 -127 -226 -122 186 7 25 -188 21 -209 28 -177 149 -218 96 -8 147 -100 23 124 -55 24 200 11 -192 231 99 91 121 -117 -2 13 17 94 -168 -150 -110 184 -236 -242 246 -79 67 -13 181 89 -56 -182 199 221 222 -206 83 -52 49 102 175 -62 -7 90 3 150 -29 -131 247 -138 -39 -246 245 81 -145 131 140 -32 82 -44 -58 -71 -215 159 119 136 -37 66 9 -224 19 44 -65 -135 -207 160 -105 8 -167 -48 77 227 -83 220 65 -123 206 -84 -98 109 -33 -217 -157 177 -220 185 74 128 238 -66 -197 -76 -94 -199 -245 -130 86 113 111 -160 -230 -54 87 -101 223 4 169 26 -179 183 163 54 248 103 -211 60 219 106 -172 218 -148 110 209 205 45 104 -50 10 156 -31 132 -243 -175 139 194 -152 130 56 -80 15 -178 -164 171 -134 -153 76 197 249 -247 236 -109 228 -227 -30 -196 -248 -91 46 -239 62 30 -96 -151 -18 -82 225 198 70 -12 -21 35 -173 -184 -133 6 105 92 -147 108 -125 -237 38 -203 -88 127 -60 42 133 234 143 29 204 145 152 -124 112 -95 -158 -45 243 -180 158 -78 176 -46 -51 -149 241 154 195 -104 88 125 167 2 -74 -38 -5 53 -169 18 -113 240 -17 -194 161 -114 31 -40 -189 100 -232 71 -139 -92 -112 51 -59 -19 -47 -187 -190 -231 -174 135 -43 157 -214 211 226 -67 78 50 172 170 153 -162 -22 -165 52 224 14 239 -20 -205 242 208 142 64 -106 188 -183 190 118 -119 -238 178 -141 -186 126 -229 -121 93 72 61 -191 12 -68 -208 -85 69 129 -143 -181 123 122 -69 -202 47 -34 -116 -193 -10 73 -154 -136 -57 -198 173 -15 196 -24 -16 -11 -72 235 -61 101 -212 -3 -75 -27 
TEST 168 ARG:-174 -188 213 -134 -156 79 -98 -212 219 199 -33 138 187 115 -131 188 -219 -214 -236 206 -118 108 -30 147 116 -5 -107 217 -232 165 -227 120 247 176 -179 -128 -7 119 -55 185 -175 -239 -113 -23 -38 -18 243 9 198 -210 -119 -12 123 -186 248 129 -76 -48 -204 -195 238 73 -109 222 93 -34 -173 31 162 234 -221 34 -90 130 142 -66 -21 218 207 -217 -143 -19 141 189 46 -32 122 -40 -123 139 166 131 225 -52 82 -250 19 54 32 -167 -151 180 211 -172 -101 196 63 242 -165 -114 233 -185 65 148 246 27 56 -47 -73 16 -200 -53 -69 -169 -180 184 -235 124 113 -37 74 -230 76 125 -87 43 -241 121 117 37 249 164 -28 154 100 -218 -6 -88 -182 66 -152 241 -60 -94 -129 3 204 7 -187 157 236 20 158 -191 -115 -44 -1 95 -81 -244 197 167 -13 -144 -177 -49 84 -112 40 -54 -178 190 50 -176 -126 -117 173 -78 -10 224 -116 151 -105 -15 -170 -150 -106 -223 -82 68 -242 91 -238 39 221 94 53 96 170 -16 89 135 127 11 214 -93 239 -233 -75 -213 -27 -193 216 -86 -206 -45 -159 21 36 -77 -240 111 80 182 128 101 -9 -125 -153 -74 -111 -189 181 -85 208 -190 88 48 62 191 -120 143 209 28 146 106 -3 245 -56 49 229 192 -67 -157 -11 149 -2 -14 107 212 -97 -17 160 70 24 98 -65 202 155 92 -95 86 -164 -216 172 -91 103 -166 -205 223 -148 22 -199 -130 -124 69 15 105 -43 47 -100 104 -122 -247 -35 175 -197 59 -237 -110 150 58 -184 -8 -41 0 -231 -163 55 171 -201 -24 -162 168 -135 -59 133 2 -36 -46 -181 -222 29 8 -207 -70 -140 -39 44 -89 41 -234 -4 -58 30 4 -29 -211 226 235 200 -203 67 227 12 -31 -243 -79 14 -92 -209 -225 35 90 183 78 23 -224 215 -145 230 10 75 -196 156 203 -26 144 -61 169 25 136 18 -84 205 1 57 -161 145 -171 177 13 -154 140 38 97 240 186 -246 -127 -194 26 179 60 -245 231 102 237 -208 193 -146 -142 -226 194 51 178 210 -149 126 33 -228 152 -96 -132 99 61 -141 -63 -20 -249 -25 -168 5 109 85 -248 -220 -229 118 -215 112 -202 -133 161 -137 -198 17 -121 42 -102 159 -158 153 -22 114 -183 -139 -62 -160 244 -138 -136 6 134 132 52 83 201 228 137 -51 45 -80 -192 -57 -83 -99 64 232 -50 -103 -104 220 163 -108 71 -42 -71 87 -68 72 195 174 -147 -155 77 81 -72 -64 110 
TEST 169 ARG:-180 126 -15 -249 192 -244 133 167 -195 237 -121 -13 164 -50 179 -196 56 -151 -199 -80 -64 235 77 98 -107 226 -224 186 159 122 -44 119 -28 135 -102 169 185 -185 123 70 76 -37 -113 -20 52 30 -120 -71 -127 -10 -38 201 149 207 -7 245 -161 -240 67 -165 -104 -54 -178 117 -118 79 112 50 -89 176 -21 1 -205 60 71 75 91 -248 -132 -67 80 227 -42 166 222 140 57 -116 -202 66 -92 -4 92 -183 61 -179 -201 -167 -170 -228 231 228 -43 -68 162 -24 -250 29 22 33 170 243 -53 84 -62 173 -78 -93 -114 178 -162 69 14 49 -45 -57 156 229 87 -17 -207 244 47 -245 -82 102 -46 198 -154 78 -159 3 -86 46 200 13 -239 165 -23 -176 97 -164 -12 221 6 -174 -215 90 -198 -181 35 187 -169 -214 -223 160 -11 -52 -206 -119 27 -105 104 -213 199 -123 172 196 175 -59 -175 -232 171 106 209 184 128 130 -144 -29 -220 -90 36 109 217 64 -243 -137 181 55 -135 -66 -141 -31 249 134 -222 205 -16 -147 -5 121 4 -100 111 -204 150 8 236 -184 -197 -168 115 11 -70 206 -26 23 120 234 -27 -95 116 191 -194 107 -142 -208 -247 -55 -171 -231 -193 105 43 -212 223 10 21 -237 -84 19 110 -2 219 248 125 -149 137 146 197 -200 114 189 118 129 208 -91 -25 59 51 -124 -40 -99 -128 155 -32 -229 -18 193 32 95 -76 131 210 163 63 168 -87 -166 190 -136 48 -177 238 -51 214 211 -188 225 -72 -139 -108 -110 -230 -34 177 220 -227 151 -88 139 58 -33 -146 202 -94 -112 68 124 -65 62 108 -152 -219 -58 -73 -182 -225 20 -56 -163 -221 -242 213 -36 -226 101 -101 136 -160 25 44 41 31 -241 -153 -69 -48 88 -236 5 18 -117 148 182 -97 39 -157 -111 203 -187 96 152 195 158 132 -125 24 -209 239 188 -133 -60 86 -6 -173 -131 103 -1 -140 241 -85 -79 83 2 180 194 144 -126 -98 16 74 7 154 157 247 183 -61 93 -186 -74 -75 38 72 -216 161 45 -130 9 -238 15 230 54 73 26 -30 -115 12 -22 -103 100 153 -9 -148 -35 -145 141 -63 -129 -155 -210 216 232 -156 147 218 34 85 -109 -8 37 0 113 40 -143 -83 242 17 -203 -39 -234 -217 -218 204 233 -96 -47 -191 -246 -211 -49 -134 -106 -41 99 145 -150 -77 65 -233 53 -19 -3 246 -14 -122 143 -158 -189 42 240 -192 127 -190 94 -138 -81 142 89 81 138 215 -172 224 -235 212 82 174 28 
TEST 170 ARG:52 228 -221 166 -186 20 99 153 -109 -193 16 156 -122 -196 -147 146 -202 120 -113 245 -149 -25 128 -73 -59 9 -218 -229 -192 -78 118 37 -91 155 57 40 -67 -85 -230 62 88 -133 -10 0 227 179 -90 -24 -166 181 127 -159 -203 143 217 -2 98 164 -236 89 86 243 123 -70 10 -185 168 -172 219 196 -56 176 -5 210 -241 -111 -84 36 229 171 -240 -41 -38 190 -108 195 -157 -175 -205 14 -19 71 -74 15 107 -146 135 221 212 -137 -132 -88 -119 175 191 -98 83 -210 -225 -1 178 -206 -139 -9 -219 4 102 -58 -86 131 134 172 -104 -154 26 -92 -27 64 -143 -242 94 61 241 45 6 80 -94 -248 112 198 17 -107 -188 236 -17 -164 110 -224 -93 -76 19 41 133 173 -50 130 93 -128 142 -215 235 -212 50 197 206 177 111 -228 55 182 215 -194 77 148 8 -105 -55 70 42 -8 -182 67 -121 117 -136 92 97 -217 29 -211 -33 -82 129 -163 -141 -29 54 -145 96 152 -30 -95 100 28 -158 -60 -123 -124 154 65 85 -245 81 3 140 -89 184 7 180 -114 144 -244 84 5 149 205 169 116 200 -13 -83 226 -68 23 95 121 -53 90 105 108 104 -48 247 76 -71 -44 -142 2 38 56 -75 207 225 -115 238 224 59 -222 249 -63 13 -47 208 58 201 203 106 -227 -51 -23 139 -52 33 -181 -28 170 -46 -101 -100 -106 72 21 161 103 48 113 240 119 -247 -232 -62 -173 35 68 -250 -204 -153 87 -77 -220 -69 -190 31 -34 -214 214 222 -174 183 -201 22 193 -16 -161 246 141 -178 -40 -37 46 91 -14 -200 -135 160 -148 -129 -97 -6 -223 -31 132 25 82 27 231 -103 -156 122 -213 -208 -81 157 199 -110 -140 138 -20 150 -184 -118 187 -249 244 -138 -237 -180 194 -130 -39 -120 -198 -64 109 74 -80 -35 209 1 43 -127 -243 -4 32 -117 124 -169 185 167 137 248 223 -57 163 -183 -199 11 66 -209 -216 202 -112 125 73 -234 -49 -233 -99 189 -32 145 151 -246 232 101 -3 -235 -87 -7 53 -151 -11 -207 60 -96 -54 -191 234 -165 -150 186 -26 75 18 51 -197 -176 218 -125 242 -162 239 -189 -43 -187 -144 -116 -65 79 126 114 147 188 -61 -102 -226 233 -160 44 237 -195 -131 158 -22 -134 -231 230 63 -179 34 -21 78 220 -12 69 -18 159 -79 -171 -238 136 39 -126 165 174 -42 -167 -239 12 192 162 -66 -152 30 -168 47 211 49 -15 24 216 213 -45 -155 -177 115 -36 -72 -170 204 
TEST 171 ARG:188 138 24 -210 -49 -243 -184 82 215 -246 45 202 230 -68 117 78 -244 125 236 26 87 59 46 135 -50 -106 170 -70 93 -204 3 -96 235 56 180 -166 72 118 120 -102 146 71 22 169 152 -169 -110 -45 -220 172 209 -36 55 226 182 -245 -74 161 206 178 158 243 -183 -78 -8 19 -193 4 198 42 48 6 92 99 -239 115 -153 -149 75 -115 35 213 -223 -89 60 -143 8 -132 44 -133 -113 -61 1 137 34 -237 -197 201 116 -19 -211 -47 52 -27 53 67 23 -209 244 80 -177 192 179 91 210 -40 17 160 -112 -53 -58 227 -107 -117 27 66 101 246 245 123 -241 -219 -242 41 140 51 -101 70 -202 240 -172 76 167 -221 -62 -201 30 176 153 -17 9 -79 -26 248 144 -66 -6 77 68 14 -124 183 -29 -92 -10 -42 191 -236 -103 -180 -44 -65 -147 -207 40 0 -95 -130 -35 -155 69 13 -248 74 -179 -156 -186 -123 -32 -163 -231 79 -86 -160 -34 29 -59 -247 108 -109 164 20 49 113 -217 -91 136 61 105 -148 47 -140 154 -230 -178 173 228 -227 159 15 212 124 -116 64 119 -52 -31 -30 88 102 -235 106 81 225 -24 184 18 145 -170 -76 -83 126 -176 94 5 195 57 222 -120 -126 83 -162 247 110 -55 -84 -173 187 -85 208 149 -64 36 166 -3 -57 -146 -181 204 -199 130 190 -189 127 174 219 238 7 97 -88 -226 -54 205 -37 214 217 196 218 143 241 -22 216 -212 -69 -127 103 -38 -164 -150 -152 100 -135 -158 -33 -129 -174 -46 33 -216 157 -82 89 -81 -28 -161 -18 -205 90 -5 -228 95 122 171 -138 133 -233 12 -100 -11 28 -195 -43 194 165 -71 31 62 -225 96 150 197 -191 -200 -15 -9 -137 -60 -238 -48 -182 199 -151 134 11 151 249 -159 73 -14 -97 -7 -72 21 37 177 -142 -188 2 43 -90 242 -128 109 -141 -87 147 175 231 84 -196 107 168 -93 -232 98 234 155 200 -122 224 -118 220 85 114 -203 32 -98 -75 -20 -234 132 -168 -157 139 -21 111 -240 -51 141 -165 -206 239 -224 189 104 -73 -63 -2 -229 -214 -39 -136 38 -190 112 39 -1 229 -198 193 -77 -119 -134 233 16 -185 203 181 -139 -125 -194 237 221 63 -41 148 -213 129 -16 232 -187 -4 -145 -222 54 162 -105 86 -111 142 58 -167 -144 128 25 50 211 121 131 -99 -114 -250 -171 -12 -80 -25 65 -249 223 -121 186 207 -218 -192 -108 -56 163 185 -94 -154 10 -208 -23 -67 -215 -104 -131 -13 156 -175 
TEST 172 ARG:-82 -20 -125 -62 194 -13 -241 -8 -205 163 -91 -46 162 5 -22 -61 -200 -145 -6 -220 172 224 -201 -123 132 86 46 119 225 -114 3 48 30 18 -137 87 244 -208 93 237 -38 158 168 -207 133 -210 148 32 181 80 206 203 -159 -63 -47 -98 -111 54 -216 159 151 -69 77 -12 160 153 2 219 -129 -173 50 62 -134 107 -171 -88 186 230 -226 137 -130 68 -170 228 150 -183 -149 -74 -229 -1 -221 -237 -188 -157 19 27 -138 116 -223 198 -37 -193 180 -172 -215 196 195 -239 -117 126 99 138 -235 175 -124 154 43 234 59 51 -26 -2 -27 33 -15 202 -24 -112 52 157 -177 94 98 89 -202 -95 -178 -67 -84 -131 -49 103 9 113 -219 73 6 -11 -189 -147 -162 -101 -194 -181 -122 74 -132 -28 84 55 13 81 249 204 221 -106 16 -50 -108 -100 -68 134 128 185 95 174 63 37 -77 31 -31 112 111 90 -225 199 184 35 -97 83 229 -45 -166 -139 212 60 -110 34 11 114 -182 -36 -217 214 -213 146 140 223 -212 -39 -209 -174 -142 125 -156 235 -115 147 197 -9 -56 188 -247 100 -160 -113 -42 -198 -35 171 -89 -150 -19 106 -40 177 -96 17 -21 169 -199 38 190 10 193 -164 165 130 -93 242 152 205 201 -153 97 23 -148 70 -179 -233 -161 47 -60 241 -158 -107 4 192 187 -228 124 -168 115 69 -240 176 123 75 117 110 39 -43 189 -144 164 -167 104 -102 53 88 -105 -41 -231 121 -249 -211 -232 -51 131 136 200 -109 -238 141 167 -143 24 44 109 -250 36 210 183 -243 101 -3 -224 118 14 220 42 -66 -34 -30 49 -197 57 144 -116 231 178 -18 -119 96 222 -33 -180 215 -204 12 -23 76 -196 -218 -85 166 -244 -248 217 247 -242 143 -86 -73 0 -64 245 -90 82 79 1 226 108 170 239 -92 61 -186 207 -141 -118 155 -190 58 -230 -103 -78 -127 7 66 232 -25 21 -222 243 -79 120 26 -10 105 248 56 -87 -203 -245 -53 -44 -57 102 -29 -187 236 179 -75 227 142 -227 -83 -175 -234 -165 216 -70 72 -192 -120 -184 45 85 211 -185 -176 -5 28 127 -54 -14 -32 149 -17 -81 129 40 -154 91 64 -246 209 29 71 -58 161 -99 -163 213 -104 240 67 8 -59 -76 -191 -126 -71 -214 238 218 -146 20 173 41 15 -155 -128 92 -65 -133 -140 -121 -80 -151 156 -206 -72 -169 -136 246 -135 135 -152 139 -7 208 233 78 -94 182 122 25 145 -236 -55 -16 22 191 -195 -4 -52 65 -48 
TEST 173 ARG:-131 82 -205 224 -10 -225 -166 -235 -85 -76 -145 74 3 33 -48 -173 135 85 -51 -9 168 69 -244 13 19 72 -65 12 -147 196 -170 97 -29 -47 -243 190 -107 230 -142 -100 -102 77 -13 -165 242 -42 -167 -74 -134 173 -156 21 -238 -137 219 94 -186 -39 182 29 170 -162 179 237 233 1 92 -218 -126 27 -189 58 231 9 161 78 205 63 -240 142 43 91 41 38 139 198 -180 -197 132 212 76 -182 50 -164 171 197 84 -68 234 22 195 147 -35 227 49 -223 -69 -219 -108 247 140 62 -150 -46 249 46 102 -151 108 156 -12 151 5 207 -52 -133 -224 87 -155 220 129 -38 -40 -195 -94 -114 240 -121 80 -132 -53 -98 -36 -245 124 -73 113 56 -202 -86 -152 -23 39 172 40 -226 167 -119 -188 -71 24 7 -174 -24 223 -123 -18 88 214 -118 -30 225 137 64 -50 -91 194 -220 -11 -211 -72 23 -161 -196 -90 175 -41 -194 61 -62 11 -112 -248 109 4 221 73 158 100 -43 -129 2 187 54 201 -228 -168 51 119 14 -143 209 35 -190 36 -122 134 30 183 244 -204 -181 -26 121 248 101 -96 246 71 79 -8 -176 -171 215 -191 -184 110 60 -234 229 -93 115 26 -105 217 153 -135 213 -199 65 236 125 93 103 -146 -227 241 -104 -247 180 -33 152 -15 -230 -44 164 -49 -179 226 -217 95 -130 218 52 199 117 133 -175 8 -22 -111 163 -37 206 243 -120 208 149 -242 -239 83 -221 -16 -57 191 -64 176 -157 184 44 -45 -231 138 -1 -187 47 -115 -149 -55 155 -3 -212 20 -28 126 203 -246 -59 -183 112 -200 -163 -185 -17 6 114 -201 -20 -78 185 -125 -210 -116 66 123 188 -2 130 107 -19 -198 177 -215 -113 -97 -153 -209 -193 -34 -233 169 116 68 -60 -169 -101 154 86 42 -207 157 10 -84 127 232 -158 -148 -14 -25 -222 128 144 -124 28 -32 111 -110 181 -117 -99 -88 -106 -160 165 -172 -232 37 -83 -7 34 193 131 145 -75 -56 59 -141 104 -140 -66 210 -192 -127 211 136 89 -241 228 -89 67 -81 -178 -58 -4 118 202 -87 174 216 53 -138 189 186 235 -213 166 141 239 25 200 -61 -237 245 -144 99 98 18 55 146 -79 204 150 -208 -70 96 148 17 -103 -109 106 192 -63 15 -250 -82 -5 -249 162 -154 -54 45 16 -206 120 105 48 159 57 -214 70 90 -6 -136 31 75 160 -159 -21 32 178 -229 122 81 238 -27 -31 -77 -80 -177 -95 -216 -236 -92 143 -203 0 222 -139 -67 -128 
TEST 174 ARG:-175 44 -150 23 238 -79 -5 -54 115 232 102 234 154 87 -129 -25 123 -172 -214 -83 -46 -125 34 -237 -13 -220 -39 -2 -3 -53 46 83 173 7 40 153 -193 19 39 -213 59 -117 -122 -236 -107 88 11 -119 79 -250 -40 -218 -133 -90 -224 174 -97 222 -192 -16 -106 -248 -205 -232 85 151 -14 180 -113 181 -183 101 113 -102 -50 45 -144 213 -71 120 51 137 -242 -178 188 -173 201 -67 182 243 94 191 -152 -34 49 -163 42 -66 31 -59 247 206 203 233 -37 95 -120 98 25 -118 117 156 210 -103 -41 216 155 -4 -116 -216 236 -188 13 -197 -176 249 177 184 -169 3 -18 67 119 114 214 -55 -127 172 -190 140 185 -241 -207 -100 -171 93 -98 217 122 -181 163 1 58 48 -155 32 -28 -75 6 -146 89 150 165 -56 111 65 62 72 -217 47 -209 -189 -7 -51 138 246 0 187 78 33 -30 147 -179 37 -225 24 245 -104 -208 224 244 -77 106 68 60 -92 -24 -229 -63 161 240 99 231 -47 -145 -212 157 74 197 -230 -151 -99 -96 103 -222 -126 55 199 -226 -219 220 108 50 -48 -74 175 105 -78 118 211 143 -115 -153 242 -26 29 -246 15 -69 -62 57 167 127 84 90 -140 71 22 16 -9 73 -131 -194 186 -11 -159 -240 -1 -238 -139 -31 30 -20 28 -231 100 194 248 -68 149 -44 26 241 116 219 27 -108 -94 -93 -187 -101 -142 41 124 -215 235 134 -61 139 168 64 -72 -81 -42 131 189 80 -19 160 -91 21 -147 53 196 -211 205 9 -156 -185 193 -52 183 -228 -203 166 -88 -157 178 -87 -154 -210 -161 -141 -89 145 -6 -234 125 -244 227 -10 212 66 -186 56 200 -137 -233 -82 96 237 -105 -21 176 -134 -29 5 91 162 -165 18 169 -164 -15 226 77 -135 152 -167 -196 195 198 -27 14 -158 36 -174 -17 110 -149 -38 209 -73 -182 97 -49 136 -249 -195 76 43 133 86 228 -136 -36 -180 -191 112 190 179 225 135 230 -170 -200 10 -138 70 -123 128 -235 -80 -130 -58 159 -76 -221 35 -184 171 121 215 -239 -166 158 92 63 81 129 -84 -206 54 204 -198 -111 -128 -204 104 -124 141 -177 -112 218 126 208 8 -245 -64 -132 144 -43 -247 -33 61 -121 -23 -65 239 75 12 38 -202 -57 20 4 -160 82 -162 -45 69 -85 -8 170 -70 130 -148 -199 229 164 -227 -114 -243 132 52 207 -86 -143 221 -223 107 109 -110 -60 -22 146 148 2 192 -168 142 -201 -32 17 -12 223 -109 -35 202 -95 
TEST 175 ARG:108 -127 129 -113 -233 24 -84 216 -102 192 -181 189 -244 -89 155 -105 -55 -118 158 166 17 -171 -14 -194 188 93 -140 -46 -232 136 -162 2 -157 25 -38 96 79 -153 -16 29 -130 -26 -110 -142 237 120 90 -191 167 206 139 -44 23 198 -144 92 -183 19 153 57 -211 -47 152 -24 -214 242 56 68 42 -249 -3 47 184 -201 112 154 -151 -234 245 95 -5 20 248 -167 -172 -117 -240 148 97 -145 -132 -168 -149 -64 -216 -156 -134 62 -72 -97 36 -215 147 55 -43 -193 -184 104 123 -241 -112 -100 173 86 215 -135 209 49 -246 217 18 -28 -35 159 218 -159 -150 -224 156 -54 -27 -95 84 -22 135 -124 -202 10 48 197 -200 132 144 -248 -49 -66 28 -242 127 178 -69 -107 64 205 5 39 -122 -173 98 52 238 58 233 -188 -218 -230 -63 85 -19 -165 183 -227 119 200 -225 186 177 -42 13 228 69 -68 94 234 31 191 -75 -126 -61 -82 -81 -52 35 -195 -8 227 -7 165 247 -6 185 221 164 -146 146 22 111 150 190 224 110 126 -10 -36 -115 -32 -101 211 195 107 -221 -217 -163 -67 162 11 -18 27 81 180 83 149 -129 101 -30 65 -41 125 41 61 -1 -13 -245 67 -21 -236 -33 -250 236 -247 -99 -34 -83 230 121 71 204 37 219 -17 -56 78 174 -40 77 -199 -51 -176 63 -229 -120 -106 9 -65 72 -48 -76 210 130 235 -9 -197 -237 222 -103 -185 168 -90 -94 -204 4 -70 -91 213 -228 143 -71 -138 -186 -25 0 223 -62 16 -108 122 -205 -203 -220 88 87 243 207 225 -11 133 21 -77 -154 -208 -88 -179 239 -133 -226 105 33 131 140 187 -37 32 -209 -125 -12 -196 241 -78 -148 214 137 74 -143 142 -187 -116 118 7 -222 -31 -4 113 -207 -223 -128 103 106 100 169 181 38 -73 -238 -243 -121 1 244 114 232 -139 117 172 161 -174 -39 70 -213 240 128 66 46 -161 -57 43 6 175 -23 134 -160 151 -235 -74 -15 -190 -58 -104 -219 246 75 44 82 -178 -59 226 -45 -109 -60 -170 -85 -155 179 -198 40 157 -166 -80 116 -152 -93 -210 -111 170 -53 249 -175 201 -177 -137 -119 -96 8 -136 141 115 -131 99 91 53 51 196 45 -92 73 59 -212 193 -158 199 124 50 -86 202 15 -192 -189 76 -147 145 54 -87 163 -164 34 -50 -123 176 -114 171 229 -182 80 212 -98 12 -29 -206 60 138 -169 194 -239 231 -231 182 -180 203 3 109 160 -20 -2 -141 208 -79 89 26 220 102 30 14 
TEST 176 ARG:-214 -187 129 55 156 -75 189 -25 -130 -24 92 -40 -132 21 116 4 89 187 -65 -249 -247 11 118 -196 231 155 -119 -21 7 218 -3 32 20 -200 62 192 63 -36 90 -107 -141 -224 -43 81 6 100 -188 130 95 196 -51 -226 173 -6 183 -142 -67 -183 5 -138 106 96 78 137 83 164 -131 -133 232 40 97 -114 -22 66 12 -206 166 114 39 70 219 82 -59 -37 174 -240 -20 -227 246 -101 -179 -54 -218 0 -48 122 -88 228 225 178 61 -82 -49 145 -103 2 80 -232 88 -185 -12 -176 -241 -78 153 29 128 211 -191 248 226 149 111 221 -100 123 113 -106 -15 18 -99 -212 28 -215 -203 158 -92 -27 -14 -105 168 -153 -52 -129 -83 -60 -144 69 -154 -223 -177 13 50 244 132 103 -127 -76 163 220 -41 -237 -16 216 -115 -122 152 233 -5 30 222 -234 -112 72 -74 230 175 143 14 -80 -64 16 144 -39 -120 -87 169 33 -102 -86 74 133 194 -201 36 195 -151 -81 208 241 -117 -4 9 245 -205 -169 109 -228 234 -69 3 115 -209 159 247 198 171 53 190 -89 125 -34 180 -156 -42 188 204 17 147 -9 -211 -168 -44 197 31 121 -166 124 -202 191 91 71 -11 135 52 -220 -230 45 -98 -19 -35 98 -174 199 213 126 -170 184 206 212 23 -111 -123 86 -164 87 -178 119 77 -62 -225 203 -58 94 -155 207 43 -17 148 -13 110 -45 84 -84 -96 44 38 -197 -46 -1 -194 217 -152 -125 -108 -161 243 85 193 -192 -116 25 10 37 -231 146 79 -121 -189 -109 -137 -91 202 -213 -8 -77 136 223 75 177 134 -149 -7 -244 -173 161 19 141 76 -79 -135 154 -208 -73 -175 -204 -28 -248 -236 -31 182 -210 -250 172 -55 127 -167 185 -50 160 -195 -70 -61 -198 -38 -158 236 -157 179 108 -217 -239 102 -150 -134 -233 8 -219 93 227 -66 104 -216 48 -193 99 64 -110 -18 -243 -32 -10 -184 162 201 131 -182 -207 -85 -221 46 -139 151 35 -171 215 214 58 59 120 107 49 -113 -71 -160 209 57 139 105 -128 -162 -143 235 238 -94 -146 -95 24 51 -181 26 -53 200 67 224 -104 -199 140 68 165 239 205 229 -118 -56 101 138 142 -148 41 242 47 60 -72 -140 -172 170 1 -30 210 -242 34 -26 186 27 73 150 176 -63 42 54 -229 -47 112 -165 -57 -235 -93 -245 22 -238 15 -246 -222 -29 157 -124 -147 -68 181 -23 -163 -180 -159 -2 -136 249 -97 237 -90 117 240 -126 65 -186 167 56 -33 -145 -190 
TEST 177 ARG:-233 25 226 -249 -107 -167 195 160 -201 164 49 -235 -246 201 -226 120 132 -104 -179 171 143 71 -89 -71 16 65 -230 54 154 -220 81 225 -66 184 193 10 22 137 -198 -108 -10 -17 214 28 -134 -21 219 -70 185 153 -149 145 -34 -161 167 -94 150 -200 9 165 -207 89 183 -250 -242 197 -24 202 -77 -93 -243 79 -189 -25 -142 -215 -103 64 243 90 12 -114 29 78 180 73 96 182 1 126 111 6 -86 131 -184 -69 -129 192 -81 92 -195 213 -41 -212 199 -11 -111 105 94 224 38 46 242 229 -73 -76 -105 -115 -42 -74 -155 43 133 -177 -122 -13 130 220 -162 41 -248 58 -67 93 -59 244 102 -58 -2 0 144 208 245 172 27 -221 -137 -56 -157 33 15 -113 210 99 -206 -196 194 175 -54 -169 174 235 -127 115 91 39 118 -7 -240 -22 122 37 -118 -116 -145 212 -225 -47 -168 -204 -65 -46 -27 -214 -110 -72 -148 -163 248 -23 187 -33 -232 -82 53 -151 206 231 -36 -62 103 -213 -174 158 -140 -171 157 -88 30 -170 151 146 61 75 -51 -136 142 95 -180 129 207 17 -172 186 -38 -49 -35 -6 -26 136 52 -100 -131 -9 -222 -40 123 170 114 109 -32 -119 -12 -150 -64 4 -31 86 8 -217 34 -146 -44 -192 31 -83 134 3 -16 -52 249 107 205 -97 233 -14 -30 -91 -1 51 -37 -143 -166 56 -128 40 76 -132 163 -135 227 -237 -208 -182 5 -231 57 7 21 -50 -92 241 -203 -39 221 -60 -20 203 116 -199 20 -3 -210 -68 188 -156 161 104 191 -85 239 124 23 -48 -45 44 -117 139 14 -223 60 74 156 -159 45 173 -133 -126 50 36 87 135 -61 -234 209 -185 48 -236 211 -164 -191 -152 -123 59 -141 -175 -186 97 63 -247 -160 -63 108 11 179 119 -229 127 215 -205 162 236 77 177 152 -84 217 -15 -188 -224 -181 189 234 68 -239 -153 -19 -99 85 -102 83 -227 47 -158 84 -219 -4 190 42 18 128 -147 240 -112 -241 247 237 -124 112 166 228 230 -43 -75 232 169 -193 121 -245 70 -98 125 72 100 -130 -87 -18 -121 178 -57 -244 218 238 -144 -139 140 141 196 -238 176 -96 -5 19 88 -165 2 216 149 -95 -79 181 -197 69 -190 148 -28 159 113 -80 204 223 147 -154 32 101 80 -8 13 26 106 246 -216 198 222 67 -138 -29 117 -176 -90 -101 -55 -178 -125 138 -78 155 35 -228 -202 66 24 -183 62 168 -120 -53 98 -211 -109 -187 -194 110 -173 -106 55 200 82 -209 -218 
TEST 178 ARG:-110 3 20 -6 139 59 103 129 -237 -142 26 -248 -112 9 -109 -32 21 -5 -54 -119 91 -192 241 -133 -169 161 130 -214 -224 -221 65 46 99 -190 243 -121 -13 -123 125 -204 113 -170 -180 54 -144 22 -135 -73 23 -151 -196 -117 78 -18 10 238 -98 110 8 -143 6 -81 227 -8 -239 -70 42 -146 75 -80 -188 43 -36 84 -53 -34 38 -3 188 180 107 -177 152 97 39 237 -68 115 -33 -126 92 -226 56 -105 63 -58 -246 221 176 -116 158 45 178 -29 240 -35 -2 184 -141 122 17 -242 -52 -202 68 -47 163 -245 79 48 -37 -44 111 248 -25 145 -238 90 -230 50 -162 138 -96 102 -158 -4 213 -50 -115 -176 40 -152 -181 143 -40 -228 -21 199 -100 171 37 82 -199 -46 170 198 -212 112 -39 95 -104 124 -182 -167 -22 144 187 166 30 -136 -118 -149 157 -30 -97 80 -64 -174 32 62 -77 -159 223 -84 216 191 -210 -49 210 -184 12 -206 -183 194 141 -108 -9 35 101 -233 -160 114 -11 117 0 -106 -79 -75 -43 -164 55 -172 -15 175 2 -150 147 186 211 151 83 11 134 133 226 -94 249 -10 33 126 -154 119 36 142 -222 173 52 -157 -207 225 64 -155 1 -193 -113 236 -175 -139 44 94 233 -103 -217 -72 93 215 -41 -138 27 -163 132 28 140 245 -216 -14 204 -128 86 88 146 74 202 -125 197 -250 189 -127 -131 192 -78 -83 -122 -191 -132 -42 4 49 -215 25 109 -87 -229 148 168 167 13 -231 -99 -12 177 29 67 24 -90 218 -48 70 -148 -61 -95 -107 196 -134 -173 232 -185 -45 -67 -89 154 -205 234 -220 -156 172 -111 19 -223 -241 58 -74 208 -186 -27 60 15 169 -71 118 153 -200 127 -165 -7 -82 76 160 -166 222 123 235 89 96 14 73 -235 -65 128 51 217 85 247 207 16 -129 209 -247 71 -20 -31 72 219 137 156 -236 -57 -227 -59 -51 -120 183 -76 108 -86 -137 47 66 179 -1 5 174 -16 -153 220 -101 -130 100 239 -194 -93 228 229 -187 150 -243 -56 41 200 -91 -19 -140 105 -92 -17 -240 206 -209 -213 205 104 155 -203 61 -179 -198 -24 -26 182 246 7 53 120 81 -85 -102 214 224 203 57 -197 -219 -189 -66 98 106 -211 131 193 -201 -145 -147 -62 244 -249 149 190 -60 -63 -171 -232 135 201 -168 195 -23 -225 18 -69 -88 -124 212 -178 136 231 -244 116 164 -218 34 87 -161 69 185 77 31 -195 -114 121 159 -28 -55 -38 -208 165 -234 181 162 242 230 
TEST 179 ARG:140 74 -14 -204 207 -71 -102 57 48 -88 121 197 -73 -194 -226 -133 247 -41 -125 41 159 -37 142 -97 211 152 -7 -230 229 240 178 122 86 108 -200 29 42 190 -10 115 -80 43 238 94 -18 91 153 -85 -187 71 -231 -188 118 213 221 223 224 99 112 14 -104 -144 209 -134 63 -157 157 227 -163 -142 127 -25 176 103 -49 -149 226 102 -130 -26 -214 -241 179 -113 12 -220 -17 -38 -15 136 217 189 90 -124 133 39 -221 -39 -237 15 167 147 -137 -236 -12 -176 -3 -165 -132 66 193 -65 192 -2 -67 232 -91 -192 58 11 30 -32 -216 243 22 -161 -53 -123 -249 18 -5 -27 141 -169 185 -135 -11 40 120 119 7 -170 -127 -110 -195 -197 -54 244 -23 68 -89 17 128 -131 -69 51 116 -115 107 -159 -99 -16 -81 84 27 -217 19 182 -70 -19 25 234 162 -129 -146 -239 -175 70 154 -203 101 -174 13 50 -215 44 168 -20 -24 200 32 -224 -82 199 -191 -245 235 -35 114 -64 53 -4 241 242 -51 28 -40 117 -158 3 97 69 -61 246 -210 123 -209 180 -47 52 239 76 37 2 35 -106 -66 20 -58 166 55 -6 -243 188 161 -122 73 -120 -100 -166 -198 -162 -213 59 -57 -151 126 135 -22 -116 210 -225 64 181 -184 72 144 -234 175 -228 -93 -86 206 93 -246 -44 195 -183 -107 -218 95 -212 -60 79 187 212 24 245 138 -30 -98 -36 -152 -48 -8 56 -78 -50 -250 -181 233 204 34 -117 165 231 -136 215 -96 67 78 -141 83 38 137 23 36 -1 -177 -72 236 -114 111 -201 139 -79 -190 196 -205 110 169 160 -193 47 96 -118 -119 -90 -56 -76 -168 208 -242 -43 -155 202 -140 163 -145 125 -95 131 143 -75 201 145 -179 -128 -45 -21 26 249 194 -63 184 148 -233 -31 -171 -148 198 81 106 205 -62 -232 220 80 -222 134 237 -178 222 -164 -109 -101 -206 -248 -223 -105 -154 -59 172 104 65 -235 8 225 -219 171 -138 113 -196 21 5 16 248 88 -52 -199 -186 -172 -229 98 174 87 0 130 62 4 156 158 89 105 -139 46 -240 -92 -147 -84 85 216 33 214 -150 -9 92 9 -211 -94 132 60 77 228 218 129 151 -173 54 -108 -68 177 219 -208 -103 -202 -227 -77 100 -153 -182 -46 6 -28 -42 -143 -238 -55 109 -167 75 -156 155 -111 82 183 49 124 150 -247 -126 -207 -13 -34 173 -74 31 -112 61 230 -160 186 -121 -244 170 149 1 45 -185 10 -83 -29 -33 -87 191 -189 203 146 164 -180 
TEST 180 ARG:79 -195 -77 -2 117 -135 153 -9 -78 140 -182 181 -166 -93 154 -118 -125 234 70 149 227 -146 242 -123 -231 56 -44 -168 -48 -110 -51 -29 85 22 161 26 249 115 197 -122 122 4 162 -213 106 -238 50 184 244 -28 230 219 -225 21 -38 -112 145 -92 -181 212 185 -60 -97 103 -69 -117 -229 201 192 -50 240 108 129 131 232 118 83 -223 177 102 -99 64 45 -4 163 99 -156 66 127 175 238 178 0 -75 -138 -203 207 -147 2 -244 138 -49 144 -102 166 -158 -250 74 125 -101 182 -105 19 8 -111 128 -141 39 -160 46 -174 110 -39 -63 109 14 54 -226 -71 224 123 -176 72 164 104 -52 -72 48 -8 112 -173 90 -74 51 206 -53 -40 111 -179 -55 -197 -10 -76 245 60 28 152 -54 44 -243 -107 -82 119 -36 -126 194 63 199 -134 171 -96 -88 7 95 208 141 -45 -1 62 -248 -142 13 -222 -165 -87 247 159 -37 187 -43 -152 -23 15 237 17 -90 -208 -175 172 223 -172 169 -132 91 11 -148 43 -159 -58 235 -25 -151 -224 97 -100 220 12 -190 -33 20 -70 -153 94 130 190 -214 -198 -62 101 -227 -162 -47 155 139 100 81 -68 6 -241 221 210 -196 204 134 113 73 -228 25 29 -210 -220 236 -86 -15 120 -106 225 116 33 193 -34 34 -140 -163 -133 191 -221 135 -66 -103 -19 151 202 -204 -246 -177 114 67 147 -131 -180 18 157 -164 -73 -183 186 23 69 -119 -83 -21 -206 218 -189 -20 -17 142 -5 226 31 -184 158 57 -186 -194 -191 209 -32 -212 -120 -154 124 105 37 32 189 -167 -237 -209 241 59 -170 233 -215 -22 165 9 -230 -115 -56 -24 5 -128 -236 89 -234 -150 248 -207 148 75 -169 -42 246 1 92 80 -149 65 -139 216 -201 -64 -144 -80 -6 183 -136 77 228 -249 -11 -108 -59 173 -16 136 10 -95 58 -121 188 -113 53 -157 38 87 -155 52 -239 -79 -205 47 -129 93 -104 156 -30 -217 195 -240 82 -200 -137 -130 41 71 -187 143 -124 49 -145 -14 -27 198 196 160 -216 42 -13 146 -26 214 179 76 -235 3 96 -31 180 168 -192 -193 -81 -3 -188 137 40 -161 -247 150 229 -84 88 -143 203 24 -46 78 30 132 -35 -12 -85 200 -127 27 215 -91 -218 -199 170 -41 86 61 107 84 -57 126 -185 -232 36 -94 213 -245 -211 16 -89 121 68 231 211 -7 174 -109 217 -18 167 -65 -116 -242 35 205 98 -202 243 -114 55 133 -98 239 -171 -67 -219 -178 222 176 -61 -233 
TEST 181 ARG:94 -196 -29 -149 -110 -49 206 -177 227 151 231 51 102 78 -90 245 -195 -188 92 -218 -133 -111 89 -27 11 56 -50 83 215 -112 -202 -13 60 187 -68 184 154 -220 -126 -115 -147 -204 -127 -85 115 -1 36 3 -80 -82 -152 -155 133 -128 55 -150 141 167 131 -7 130 176 -174 150 -122 -4 -140 -175 208 85 75 207 -172 -73 132 19 5 161 -15 52 -66 76 -77 194 166 226 244 -143 175 198 -156 127 -78 84 -238 -176 125 -72 49 128 172 193 -100 145 -139 -23 57 -48 119 81 17 169 238 -61 45 173 -138 240 -113 -35 -182 -51 -26 21 -200 146 107 30 241 190 95 -164 50 -190 -116 114 29 70 142 -197 -146 13 221 -103 -145 229 -236 -91 153 -34 -194 -114 58 -191 -170 112 0 170 219 31 -107 -205 228 10 35 73 168 -17 121 74 -98 -181 109 110 103 -63 209 22 -171 124 -53 -210 -250 -233 41 -28 96 -120 -180 -186 -131 -209 174 222 -130 162 97 -74 -97 -141 -215 -162 -24 217 230 -158 -187 26 -79 -228 8 247 -226 -89 -22 -168 42 211 -18 -75 59 192 195 -3 34 69 -231 -20 40 -101 -25 -167 -96 65 -230 135 -192 200 -30 182 -59 212 16 62 149 -135 -201 140 -58 90 123 -137 20 -132 -10 -154 -19 25 -2 -45 -159 -214 -240 -21 -41 -86 -213 43 -237 -87 210 235 63 -206 -32 -9 -157 98 246 -92 -108 12 -235 213 67 -123 203 -39 -244 111 -198 -225 -153 138 -94 -5 -93 -183 197 -208 233 -106 48 -69 118 -14 77 180 234 223 27 191 179 -222 -43 -64 -243 47 -211 -44 -11 -129 204 -134 155 106 -245 129 -36 -6 15 -189 2 -88 199 232 -38 -178 68 -62 -232 105 -169 38 160 196 248 243 -223 -65 -46 -151 -234 -246 79 -239 214 -121 136 -173 139 117 205 -203 -70 157 113 18 -83 -142 188 -12 183 -42 -118 -242 108 -124 6 23 225 178 143 71 152 -207 -52 218 91 64 239 -76 87 80 -99 -185 -219 120 156 158 185 -165 -47 4 -60 163 -241 122 101 -212 100 54 61 -33 99 144 -227 32 -71 -105 37 224 126 -224 1 189 -54 7 -109 -40 201 -166 14 44 88 -217 53 -16 236 -67 86 -57 186 -56 -199 -95 104 -125 -37 237 177 202 93 159 249 220 -184 -31 -248 -136 9 82 -148 -247 -161 66 242 -229 -193 181 33 216 -55 -144 -104 28 -84 -221 147 164 116 -216 24 39 -81 137 148 -117 46 -8 165 -249 -179 72 171 -160 -102 -119 134 -163 
TEST 182 ARG:76 72 -172 204 19 157 -48 -206 125 -72 3 218 -161 29 -104 43 -7 0 -108 84 206 242 -42 -80 -242 89 -164 -176 -70 -106 230 173 201 37 -154 -171 -39 -139 -239 147 -209 -230 58 145 -28 -128 57 -110 -212 191 -160 96 11 -68 -190 -188 -243 -156 248 -216 -117 79 -116 -67 -237 -224 185 183 -123 223 -22 151 -125 111 -232 -107 158 210 -137 -16 162 -30 -55 -233 -226 100 93 66 -135 9 -21 -2 152 -132 154 42 -69 1 119 -62 243 -32 73 2 120 -98 -81 44 -71 -166 160 159 -114 146 17 244 171 198 167 47 63 15 -241 45 -247 -33 -44 221 -231 -194 -191 -10 -111 180 -244 16 -208 -15 115 -41 56 78 -189 -144 -120 85 232 -228 26 -248 -229 155 -74 -6 -49 199 -218 5 -109 -115 33 217 -249 -36 229 124 22 237 106 130 -122 197 -202 -126 -143 18 226 -168 116 53 148 -31 -20 104 177 -235 30 88 212 153 39 -213 -178 10 -175 205 -40 -165 8 6 -147 150 -219 -210 -169 -34 -86 -73 163 137 -200 186 83 -173 86 -187 -102 -35 -103 222 -90 91 142 -9 103 -59 -162 133 -45 -14 249 -61 -250 -1 112 -130 187 32 235 241 -167 25 -13 -26 200 -112 196 135 219 59 -197 231 14 189 161 131 -203 34 174 156 188 21 94 -217 -152 203 164 -78 67 -174 62 97 121 24 -151 -236 -5 132 -99 -153 -65 20 68 127 194 195 -85 82 144 31 117 -146 175 129 80 -214 -221 209 -199 -75 -192 233 -240 -47 61 46 13 215 -223 40 236 -93 -140 -195 -54 12 220 65 -100 48 -150 -215 -129 107 90 -101 -158 225 -131 141 -63 -198 36 -186 122 51 139 -181 -91 -29 -141 -185 35 -138 114 -183 240 -66 -149 -18 -50 190 -52 -95 -43 134 -113 92 -148 208 123 -37 -193 -82 7 -25 74 49 -211 207 81 55 60 -56 71 -133 69 214 -79 -170 52 245 136 -184 -64 109 -87 168 -4 101 27 -77 -23 128 182 -24 -155 -27 -205 166 170 -89 -92 75 -157 64 -196 -245 108 -51 23 -88 -127 138 4 54 179 -220 -83 -12 -105 -222 -94 -163 216 113 -159 211 -145 192 95 126 247 -96 184 176 99 -179 -180 -238 118 -84 -46 -60 105 -134 28 143 102 202 -11 193 -121 169 -118 70 -19 172 -204 77 213 -234 -246 165 239 87 -57 -58 -227 -225 -182 -97 178 -119 181 110 -207 -53 238 -142 246 140 41 50 224 -76 -201 -124 -8 98 149 227 -38 228 -3 -17 -177 38 -136 234 
TEST 183 ARG:-232 -103 -207 -65 169 -112 -71 162 25 -196 -107 -101 -104 197 109 -59 217 -139 87 -209 39 195 223 -32 -197 -73 166 86 -223 19 -154 121 -83 -108 187 95 -87 139 141 233 132 -240 75 -7 119 94 -5 -149 149 249 -190 -179 -74 136 146 80 232 51 -211 -8 176 59 208 -34 30 -113 138 67 -79 -126 41 22 213 -195 -69 152 26 -99 4 145 -124 188 122 -246 158 -218 16 157 206 -132 -234 -55 62 -6 -43 -173 147 -147 104 -67 105 -41 -19 -165 212 -27 -102 165 -36 55 -219 -199 114 -91 -68 32 172 52 -18 -135 123 -24 159 210 207 243 23 -94 248 111 89 44 -177 -161 202 155 -182 -163 239 228 201 107 65 115 -185 -30 244 -235 -96 191 -167 -117 -60 -63 29 -53 -146 150 242 -51 -137 219 -25 181 229 -203 -225 226 -176 135 -57 -122 48 154 -175 -131 -148 116 -227 118 -212 -178 106 224 -13 209 -10 -105 78 49 -170 160 234 -20 96 -134 -28 -231 -193 102 0 -192 -82 -242 -114 -202 -224 -78 126 31 -210 -156 -128 -138 -248 2 -95 40 218 -22 -169 -158 53 110 214 70 -130 170 82 -228 103 27 199 33 -189 50 -140 194 -70 182 6 -141 -238 134 171 -11 73 99 -142 64 -106 28 -230 -21 246 46 -109 -38 5 14 100 127 180 -42 77 -111 177 60 69 -216 -159 211 -145 142 -75 88 63 -66 -136 245 -118 -14 -46 -81 66 -171 -226 -221 -52 -127 11 -187 222 47 35 203 -35 128 21 -64 -110 -143 -115 10 -243 -239 -2 101 -39 125 45 -153 -16 79 -222 3 -186 120 -44 230 -214 178 -54 72 130 -129 -198 179 56 -133 58 54 -29 36 -247 -37 24 198 -245 192 189 -12 -201 15 -204 98 -188 -217 57 -194 12 -144 83 167 -121 7 236 -17 164 -23 43 238 -119 -151 -166 240 -56 74 -50 161 84 -40 97 -47 42 -213 1 235 -249 -61 -157 -174 -184 185 193 -205 -4 92 -90 -3 137 -236 -229 85 -86 -172 -62 -220 -162 241 221 183 -98 -84 -164 81 131 -160 -244 71 -200 -97 216 68 93 148 -45 151 156 -241 17 -150 90 -85 190 140 -237 205 -181 8 38 -168 153 -191 76 -58 -233 -206 143 -49 129 -152 -33 -72 -100 163 204 13 -180 -77 -183 124 225 -48 -26 168 186 117 -208 -80 237 -215 144 -9 91 175 -123 174 -89 -116 220 173 -250 -15 133 9 34 113 -88 18 231 20 108 -31 -120 200 61 184 227 -92 247 -1 -155 -93 -76 112 -125 37 215 196 
TEST 184 ARG:211 -19 -37 -108 -155 -141 200 -235 126 -180 135 -198 204 83 -156 -217 15 -205 -26 -177 -65 197 121 111 78 -150 245 -247 18 234 238 -15 -178 217 -135 9 -63 -60 -214 -7 -221 -31 47 -90 -83 96 -203 -67 -234 150 -193 -38 -185 5 -94 226 -231 -43 134 -32 12 -55 51 -143 -240 97 -34 37 -165 196 104 177 6 -29 53 -230 -20 79 73 -233 -79 -174 -105 49 16 -28 -196 82 190 1 -153 92 76 242 -215 -119 54 208 50 62 -192 -111 -224 215 -128 -137 13 202 187 -47 -13 112 -36 -162 127 101 -134 116 -80 192 -245 176 212 118 -121 2 -95 123 209 91 -225 130 -169 -186 41 247 -226 -66 89 -81 -207 191 -107 -110 -8 232 167 74 -3 -102 -222 128 -11 -5 206 106 -113 -56 133 -154 199 -218 188 -72 102 235 -144 -61 -122 7 -171 -49 -201 -53 -248 -35 -10 -133 -216 -91 60 -52 181 147 -71 -145 158 156 205 132 -115 -85 -243 109 -101 -160 178 180 -77 186 174 46 24 -57 -109 -100 222 146 229 -116 -210 20 -106 99 -18 94 -103 -239 29 -129 -45 -59 201 149 -78 32 61 218 -219 81 -206 -39 -27 -93 8 159 139 141 119 -227 110 246 -200 166 189 -190 43 -96 85 185 26 144 28 224 -188 -232 39 95 -212 22 -30 86 -189 10 -73 19 -161 48 -48 -136 182 157 -2 -6 -167 -173 -76 -14 -194 153 164 168 -22 -82 75 63 70 77 -213 -191 -127 87 -54 -149 179 237 -142 -229 165 72 21 -46 160 -246 -172 210 143 -24 124 163 154 84 152 131 -244 -197 -179 -70 71 120 98 -4 -50 42 117 -87 40 107 -131 193 -164 -51 -99 175 -158 198 -132 27 -242 -98 -151 30 64 155 -140 108 -138 -195 233 207 -89 -124 -1 93 4 52 -187 216 -125 142 -84 171 137 -181 -238 -97 25 194 -92 230 -157 3 219 -236 -23 249 -146 -228 220 231 244 -112 -104 162 59 -9 241 90 -176 17 -58 -152 -163 -126 -139 140 -12 114 -40 -175 -68 172 129 223 -223 145 170 23 31 69 173 68 -33 -42 195 -21 -64 88 80 -209 100 11 -130 -148 214 -249 169 184 -25 -88 -86 221 -220 33 -147 225 -208 125 -159 183 113 45 55 -237 -211 -118 122 -170 203 148 -166 239 243 136 -168 -202 228 -120 151 -184 -44 58 66 -69 57 -183 -199 161 -16 65 -17 36 -114 240 -204 0 -123 236 103 56 -62 38 34 213 -75 -182 105 227 -250 67 44 115 -117 -74 35 -41 248 -241 138 14 
TEST 185 ARG:-45 -158 196 206 -239 4 17 219 -182 -170 -179 79 243 -96 155 136 147 -159 237 51 182 -108 -101 69 166 -235 -86 -62 92 190 -140 31 62 145 -30 -22 -35 165 -207 -13 -250 3 168 -153 121 115 90 162 26 -151 -133 -15 65 -4 160 16 -241 82 -90 -88 59 157 164 229 -132 -197 -57 -171 -145 129 -126 12 -81 161 86 -8 -72 -205 -84 -105 87 -244 -102 -93 -69 -131 200 141 34 193 -122 -161 -14 137 131 -218 135 9 -204 -51 169 111 -144 245 -128 240 -212 202 -54 -67 42 96 -76 -3 -56 220 -11 -5 -143 225 55 -44 18 173 -206 -104 -219 97 -130 -50 66 -38 2 107 56 -169 103 -229 19 -94 -65 72 39 58 95 67 44 57 242 20 -185 15 -162 226 -71 116 -190 -111 198 -134 53 221 -243 -240 108 5 -37 227 -78 -124 186 -110 -127 -125 91 236 -164 -1 212 -248 -63 -40 -87 119 -116 140 -186 -119 144 -137 -210 205 84 -168 -187 133 117 180 224 231 43 -114 125 239 -157 -249 -196 13 102 -195 233 -136 222 123 -82 150 228 -25 94 47 -200 -39 -52 -208 -156 -106 -103 138 208 -34 142 197 -112 -167 11 143 -42 130 -89 201 64 110 54 -31 -139 -121 50 172 215 -228 -138 232 -109 158 -29 -85 249 -107 88 113 10 246 -32 -46 -23 153 -68 -177 154 -174 175 181 -99 178 -100 194 -70 0 -230 32 -142 -234 188 199 -83 85 -66 -160 -226 22 -149 40 -141 -12 -98 -36 -152 63 -146 -113 -33 187 48 217 -20 104 -163 -237 189 -155 174 128 -178 -217 112 -75 163 38 -154 244 -7 120 156 167 127 -231 -48 7 -129 -176 -238 -16 -213 -172 24 -53 52 45 207 -9 114 -232 -135 -209 -19 210 170 -17 -58 185 30 192 35 -6 -118 -24 41 14 -222 234 78 89 214 -64 204 -202 -193 -28 -117 106 -236 76 124 -77 68 21 -223 29 -221 93 -92 101 247 -203 105 -2 183 -97 -180 -173 -184 176 -216 37 80 -21 73 -175 -245 81 152 -194 134 -79 159 -10 -91 75 151 -61 98 33 223 71 235 171 74 25 -41 -115 177 -192 -183 -242 -220 49 -43 213 109 -26 230 248 218 184 -181 23 -80 -55 83 -60 -150 118 139 28 -247 132 216 -224 46 -47 -189 -188 191 -211 -95 -120 61 -233 1 -227 149 99 -225 -73 -123 148 77 211 -214 -27 -49 126 -18 27 36 -246 -191 -198 6 195 -199 146 -148 -215 209 238 179 -147 -201 -166 203 70 -74 100 122 60 8 -165 -59 241 
TEST 186 ARG:166 -214 0 -67 59 190 86 -112 41 -62 23 175 96 -26 176 87 -89 146 57 -122 -175 -195 137 -220 -223 -235 -83 -151 36 -71 -228 -93 -229 -186 119 -27 27 143 -69 -21 30 82 -222 -85 230 121 53 -129 -50 -36 155 -48 31 -14 132 26 185 -52 -201 207 -149 -80 -239 69 -58 231 63 -76 174 -240 -249 -153 -139 -41 158 -45 47 192 -79 -63 212 136 -181 -203 -43 152 -147 51 -172 -176 -7 -102 -185 65 -78 242 -103 191 -23 -155 162 18 113 -158 148 -59 104 -234 -97 64 194 95 -70 50 -154 225 7 151 -98 38 213 -187 -13 -164 1 97 -169 -198 -16 16 177 153 15 -142 -100 -106 249 67 245 -144 215 -130 107 60 211 129 209 147 235 -138 -200 240 221 -87 -94 34 -54 239 4 24 55 -72 -12 -243 210 -17 -75 -197 161 68 80 -33 -15 10 -225 -10 39 -216 234 -121 238 135 -84 5 17 120 -146 45 116 200 159 74 -44 -74 -131 126 -105 -60 133 108 28 9 -127 -116 -224 -92 -114 91 -20 -173 -90 110 156 -143 178 -73 112 186 181 -57 183 -124 -209 220 14 243 73 -161 -246 19 101 201 25 223 114 29 -115 -120 -111 -11 83 -22 -82 -4 217 94 118 109 169 -174 -227 11 -110 -40 123 -68 167 -247 205 -123 -46 -134 -3 40 140 -168 -61 75 -53 -29 46 -237 -34 -37 227 -132 -66 -56 160 35 117 -141 163 89 -128 8 171 241 -196 139 179 106 -194 -193 247 -95 105 58 -118 173 130 -108 -136 150 165 -119 103 197 71 184 124 32 -81 13 -35 222 180 22 -159 244 -219 102 -77 122 -135 99 228 56 -226 -137 -160 -167 -96 -183 79 -51 -232 33 237 141 208 93 -231 -188 -109 -88 -148 -178 145 -150 -6 49 196 -113 -236 62 -221 -28 125 43 -207 61 -157 229 -212 -86 -162 172 84 -191 170 -9 -39 54 -117 88 100 78 -65 219 -140 -190 187 72 188 -202 198 70 42 131 -152 204 149 66 -99 144 -55 224 206 -204 154 -244 189 168 -215 182 127 -205 128 138 -170 -206 -47 -250 -104 -189 -245 195 -30 -42 -218 85 2 37 48 202 -24 232 -145 216 -133 142 -211 -19 -126 -238 -18 -182 -242 -180 203 20 -31 -163 -165 90 -233 52 -5 -25 -210 115 92 218 193 -64 76 -91 6 -8 -213 -166 226 -179 157 -125 -177 -38 12 -184 -107 98 21 214 -208 -199 81 164 111 248 44 236 -156 -241 233 77 -217 -248 -192 134 -2 -171 246 199 -230 -49 -101 -32 -1 3 
TEST 187 ARG:-53 -20 109 222 159 106 178 145 131 -76 202 -232 -151 224 -213 -98 -79 -37 -141 -171 -65 -145 50 19 -129 97 -38 -47 -102 179 242 56 161 -9 -224 -238 223 228 230 205 -195 -142 -184 17 147 98 -181 154 149 -132 -54 -108 175 -147 -97 -182 -74 74 111 77 4 194 151 -31 218 221 63 -226 65 -230 -234 -115 167 170 -51 190 -103 204 75 -244 153 -73 -223 248 198 197 -229 -28 247 -5 -96 104 -174 -222 -30 119 54 -117 -18 -225 103 199 137 -242 -156 -131 -162 -130 -32 180 -106 30 227 122 -186 -221 189 -210 -78 138 -59 220 -248 -194 184 -107 -42 -203 -23 -205 12 15 182 60 84 83 8 162 79 -212 152 -192 130 -236 183 58 124 -128 209 187 157 -178 -235 -90 118 -143 169 -75 -120 200 -243 201 -148 -33 -121 212 28 -216 128 105 177 -217 -22 143 -3 70 -218 203 13 -34 -220 -139 -250 237 93 144 -83 235 -66 -134 32 -116 -168 155 -119 -82 186 211 125 18 -43 -227 14 -110 72 47 -152 -239 -14 133 -27 -114 129 34 41 -94 192 -112 76 171 94 -211 -167 71 -164 85 102 -11 115 -24 35 -80 67 44 176 142 116 210 -69 10 -172 243 -101 88 -240 59 208 -180 -199 -10 -81 89 -15 231 -4 -165 -177 9 2 -249 -198 69 226 -137 214 -208 -21 206 -146 -161 -85 -233 -202 23 -159 -63 -196 110 181 27 -158 22 -67 90 -122 132 174 241 -16 -93 -170 -200 -175 -140 38 -45 168 -166 6 -68 164 246 45 -57 48 136 -246 61 -135 62 -185 37 165 117 64 -237 126 66 113 163 -183 193 135 127 -193 -35 -49 -87 7 -29 -214 73 -228 33 -72 29 172 -188 101 -138 -149 -40 123 233 245 81 16 -123 -157 -58 -136 -77 -100 107 -173 91 5 213 225 120 31 -95 217 -133 -231 -12 -204 173 -150 188 -89 -91 95 -6 -46 195 20 112 215 -84 239 51 -189 229 -25 -160 -17 -215 141 139 -187 -163 -61 80 -50 25 -19 -60 234 -190 238 -39 99 -154 -56 -209 -191 -207 87 150 -48 57 -125 49 -201 3 96 -118 -7 140 156 -104 -179 196 114 46 -88 244 185 92 -41 146 -124 -70 -71 236 216 -176 43 249 82 53 -155 1 -169 -99 -245 -153 39 148 40 -144 36 -113 -206 -197 -55 11 -13 -8 21 -86 108 42 -26 86 -247 26 -64 24 -62 -127 52 -126 -92 240 219 232 121 55 -44 -2 160 78 -109 -1 68 134 -52 0 -219 166 -241 -105 -36 191 -111 207 158 100 
TEST 188 ARG:-211 -249 165 83 11 124 -174 -118 88 -112 51 -218 -1 -82 84 139 185 -36 -153 214 226 243 -54 58 246 91 -55 -151 115 113 237 17 245 -9 -226 -131 125 -34 -28 249 220 99 47 121 -25 151 180 -61 244 -143 75 97 31 200 227 -100 45 129 -23 217 -125 16 -91 -250 211 -7 -45 142 -197 89 -13 48 -121 38 -160 -162 73 -229 87 -111 184 -183 -41 128 57 -50 -191 -133 -138 44 -58 -83 28 100 -119 86 163 114 -74 -241 130 -57 56 -93 -47 177 -59 85 71 14 -169 161 -172 70 -182 -27 -224 -193 39 -87 168 104 103 172 -18 132 -33 241 -15 224 105 23 -199 153 -208 107 -196 50 210 -44 54 -187 -188 -137 -16 102 239 -68 -103 118 -76 67 -97 69 179 141 30 0 68 166 228 -222 -75 -228 116 -158 -159 -81 -60 -237 27 42 80 -26 -78 106 -231 53 -221 6 -240 20 2 234 -150 -43 -32 117 205 219 -146 -62 173 -204 74 -247 133 -235 143 152 248 -202 18 190 15 -64 -20 -189 167 -135 63 43 126 -48 -90 -203 112 110 196 49 -106 122 154 9 -132 -136 -3 229 -56 -190 -10 -144 -24 -94 -6 147 19 -195 -176 21 189 198 -63 25 138 119 13 -17 -192 -70 -244 1 216 35 187 -71 -155 -14 247 77 -212 242 -248 108 145 -245 -8 -163 34 232 231 -198 -216 -207 64 -117 -194 -123 -2 -201 -110 230 -139 223 -173 148 -239 -147 -209 -77 134 -206 24 -243 -161 -89 -210 -246 218 81 -127 -29 8 -141 4 209 -95 -52 -215 76 37 -205 -86 -170 -236 212 59 -88 -53 -154 240 182 170 193 176 -12 181 225 206 33 -186 -230 -42 -79 171 -39 3 -114 -80 29 -168 155 -134 -98 -128 -223 26 -219 -124 -126 -73 -179 -101 157 150 191 -242 79 -214 -37 -145 -69 -185 98 66 -165 60 -178 135 -233 -140 144 207 10 -200 -5 -38 72 -152 127 -180 7 12 78 -107 -51 111 -35 92 -238 -142 46 36 -109 -130 -157 -31 221 -21 233 174 -99 140 -220 236 186 95 235 52 188 178 -67 -72 -19 136 22 197 203 156 -40 -92 93 -116 82 158 -129 -85 160 137 149 -122 -156 199 192 -104 41 -213 -177 -102 -105 120 -96 55 164 169 146 222 159 -11 109 65 123 -66 -181 131 -120 94 -184 -232 5 -30 62 -227 -84 96 -234 40 183 -4 -46 -149 201 -217 -164 215 -225 175 213 194 -65 195 -166 208 101 202 90 204 -115 -49 -148 -113 -171 162 -167 238 -175 32 61 -22 -108 
TEST 189 ARG:-241 87 -33 -57 -222 -223 -162 194 -79 -68 -161 69 -40 90 188 -186 -114 136 62 77 -12 -138 -80 -11 -93 59 124 233 140 79 75 190 -67 28 180 -65 -132 244 -61 110 39 -218 -72 195 47 83 96 -101 -216 -163 211 -137 12 -190 31 -213 214 -227 -200 -113 -199 -8 169 204 -193 10 231 117 143 113 38 18 -225 -42 48 -143 1 200 -103 -127 -22 142 -102 76 -214 -109 -58 116 -147 183 198 179 -117 235 46 -108 30 149 -7 166 -145 -195 -18 221 -180 -37 187 89 -197 137 107 229 105 114 -211 206 191 -239 175 177 141 -153 164 -90 -135 3 52 -104 -133 66 126 217 -236 151 81 144 15 -202 103 225 227 -92 -15 129 -35 85 41 -14 57 -219 -16 -5 223 174 -204 -10 120 138 182 -169 -175 186 -63 -228 130 185 -196 55 68 132 170 118 -224 -105 218 -201 -246 106 0 14 -185 122 -20 -106 -131 -94 26 -134 216 98 -95 125 -26 -198 -116 88 241 -192 158 -150 236 -50 220 -248 -240 240 -96 165 -30 -230 -84 228 -45 201 104 153 232 -154 99 -235 -64 -70 50 243 156 -139 207 -188 -181 17 176 34 209 2 -53 23 42 -189 163 148 70 33 91 246 -182 112 -226 -25 -60 -155 145 178 123 -233 56 192 127 -82 -75 -66 -146 -4 212 71 78 -112 -73 101 27 -245 -115 -17 -148 -126 121 111 67 -212 9 40 -174 -46 6 -178 -160 8 -206 -152 -43 37 115 154 -47 239 -88 131 -71 64 -221 -164 5 51 53 63 86 93 7 135 -110 44 -136 -207 -128 171 -44 173 -76 -191 -2 139 -56 72 -55 -19 -166 -111 -194 97 -29 205 -52 29 224 -140 -167 -234 -74 -184 65 11 213 -122 196 -247 -142 49 -83 202 -87 94 -168 95 -31 -41 -32 -151 -85 32 -220 -244 247 -125 -238 -98 -36 -23 249 21 -158 25 -124 108 234 -215 -121 84 119 150 161 109 73 -217 -177 -141 -1 -170 248 74 -208 -209 58 -13 -39 -27 242 16 -78 168 226 -173 -187 238 157 197 -183 184 -51 -21 -49 -171 189 -89 -120 -210 -157 -119 210 -159 -172 -179 230 -97 -81 -165 4 245 128 -62 22 193 100 35 -59 -38 43 -144 20 36 -231 92 219 133 172 80 -203 24 -130 -107 -149 54 -34 -91 -156 -69 13 60 -229 19 102 -249 203 159 -86 -176 -129 -28 61 -100 160 -237 -242 -9 45 -54 222 -6 -118 -250 215 -99 -243 82 -48 162 -24 134 147 -77 -205 -232 155 208 181 199 237 146 -3 152 167 -123 
TEST 190 ARG:133 79 186 50 -78 5 146 -29 -213 -154 -217 244 18 126 -57 174 -191 242 19 -112 159 -51 -233 -49 24 44 -225 228 48 -183 -140 99 92 -97 -15 183 14 -171 26 105 -189 -126 -184 -196 -100 -31 12 -165 -82 -74 -89 -25 4 -177 -172 176 -116 -120 -246 131 -176 177 151 -155 -7 139 239 -42 63 -17 60 55 150 47 218 180 -175 -53 118 8 90 198 -187 121 -90 69 -202 -36 98 -110 -249 -209 -193 -220 -240 102 -122 3 134 -35 96 62 -200 -58 31 -136 -66 143 51 -1 223 -166 -250 114 -104 76 -129 104 6 129 197 -33 -124 106 -2 -75 -197 -30 -216 -232 221 232 -147 13 -70 109 -131 -44 -206 -96 -13 -149 -212 -152 -160 137 -11 231 112 -229 107 49 200 -83 -190 -6 173 15 -143 11 245 164 83 -99 136 188 -180 -215 30 119 32 71 117 152 -224 116 -63 -88 -132 -92 222 140 -40 154 124 -134 238 -144 57 141 -226 82 193 -60 -163 149 -142 -214 -127 94 -55 207 87 179 111 28 21 110 -91 -21 53 189 -56 181 -239 138 -61 -106 128 -105 -45 72 213 75 35 -231 -222 -192 -113 40 182 -156 -80 -182 160 -211 -43 33 -170 -50 -109 -208 -12 -121 -125 -198 187 -146 -107 130 -108 147 -119 34 -238 -199 -188 64 -84 -205 212 67 229 -236 -181 -118 7 217 -173 -86 -47 -185 -201 -150 -139 192 125 236 -87 166 -247 -10 233 -52 -102 -219 -95 -64 66 45 237 103 165 -103 17 70 185 170 -135 -167 -228 120 73 29 -115 191 -93 225 243 145 -76 -18 -4 23 78 216 68 37 100 -98 -16 132 91 -65 84 2 -26 -223 -48 -85 42 -67 61 -169 -72 -141 201 248 175 122 -73 -34 226 -244 95 172 190 -79 -3 22 89 -234 -221 142 135 -207 208 80 27 169 153 123 -241 196 -14 -237 -28 -242 -54 1 16 -128 88 -81 -179 204 148 77 240 163 58 205 -59 158 108 -204 56 -22 171 -130 -111 246 81 -168 74 0 20 25 157 52 168 -101 -245 97 -41 -39 65 -32 -37 54 -77 38 224 -24 184 -178 -153 -227 215 -123 -114 249 -38 211 194 202 -62 -164 -151 36 -186 219 178 -133 46 220 -27 -20 10 115 9 161 -148 203 206 -161 -248 230 -218 113 -68 210 -243 -137 127 -195 -117 167 -174 -203 209 43 -138 234 227 -230 156 -162 59 93 -9 -157 199 247 241 -145 101 -194 -23 144 -158 41 39 214 -235 -159 162 85 -71 235 -8 86 195 -46 -94 -69 -210 -5 -19 155 
TEST 191 ARG:123 -217 166 -53 -100 71 168 10 239 98 196 -43 -168 39 220 224 234 -52 -128 -68 -35 -13 -206 -59 243 154 -207 -110 -185 8 185 -20 -154 -235 54 -153 87 34 -109 80 1 -71 -210 129 124 232 -218 -28 -60 194 -115 73 193 32 -3 91 -74 -146 160 137 41 -70 102 210 -250 187 113 21 65 -46 -113 -31 107 12 68 -184 105 90 182 14 112 183 -119 241 238 -61 -10 94 -104 17 208 172 -4 217 84 -50 145 200 201 191 -224 -166 -39 56 144 143 -88 -33 -246 -64 221 -98 78 225 -11 -135 96 230 -243 -182 131 -99 209 15 -178 -24 -23 -101 101 -147 -77 126 -57 -247 -241 138 -8 -227 -97 40 178 24 142 81 -208 30 -84 75 -6 -141 206 -203 -65 132 163 -86 -91 -18 202 -205 164 59 42 -66 0 -69 55 170 -44 110 -105 218 -73 86 -156 88 -237 125 6 153 77 -63 192 -16 240 51 100 -5 -58 -233 -131 -140 -133 44 247 -245 83 -137 -231 -67 171 85 214 -132 16 122 -116 -79 -55 9 -9 -177 -85 -157 -108 -49 -142 -197 222 176 -155 108 -160 141 26 -134 -170 -103 -211 -189 179 -22 43 156 190 -1 -126 -174 117 197 -136 109 -244 -127 115 -17 23 -93 -114 149 -194 181 67 -121 157 -195 -187 -124 135 120 -122 -129 99 62 -95 -87 -151 174 -138 74 -163 -196 52 -216 31 -96 216 97 -200 -21 46 121 136 -94 152 70 -192 -230 28 158 212 -229 69 215 27 -117 244 236 -240 38 245 106 -76 -139 -248 4 -144 -190 -202 33 -83 228 -48 204 162 148 227 -223 -72 -186 -130 -38 140 184 198 116 -118 -27 -225 -175 -212 19 -25 63 167 66 -47 37 92 -123 114 159 -19 207 213 189 -215 72 -191 146 226 -236 134 60 -188 118 3 45 57 150 -111 -226 -90 229 -78 -34 205 -158 61 175 248 -40 246 -125 -169 180 128 -213 -102 111 -181 82 -209 -173 -238 95 119 18 -179 -176 -164 -145 -81 -36 93 79 64 -143 47 165 -54 -249 -41 11 -12 237 -14 -92 139 -149 36 49 -232 -222 -214 -107 -56 199 -162 53 5 58 -161 -42 -172 76 -228 -62 231 219 -75 -183 -89 242 161 -112 147 188 -37 -167 25 249 7 235 -32 -26 130 -120 133 -82 -51 -242 186 233 -165 29 -15 223 -180 -7 48 104 -239 211 -221 -201 -148 -234 -30 155 -2 -106 -45 22 -198 -29 -171 195 127 -80 -220 -152 2 35 50 -150 169 103 151 -159 13 -193 89 -199 173 -204 177 -219 203 20 
TEST 192 ARG:89 3 1 -158 -115 125 -103 -188 -227 178 -148 -130 -29 -225 76 -45 165 132 213 -112 -242 -23 -241 -156 -207 78 -61 -201 32 164 67 182 -248 -204 31 73 72 2 85 246 -186 -12 -62 -46 -65 -107 -80 117 -243 108 105 168 -141 9 -224 237 -170 204 118 146 -90 -96 28 62 -111 -238 -173 -94 -110 -51 -230 -131 -33 -134 -129 184 -117 -82 202 194 -68 42 126 -2 -221 -120 57 138 185 44 222 172 216 148 -99 153 -162 94 -133 -124 -228 -20 -83 63 -236 -132 14 -206 -169 -151 -164 -208 121 -233 214 55 -91 210 227 -71 -81 -163 54 -154 -152 -64 -219 147 207 209 -247 174 -69 -216 -198 217 -106 -9 142 196 149 65 -211 -226 -21 234 -58 45 205 197 49 93 -128 -48 -178 69 -76 140 -149 -175 -84 19 177 143 176 -44 -245 56 203 162 97 145 179 235 248 -55 -181 233 -86 -60 127 23 8 -147 75 -213 130 -11 -53 -176 -113 211 -153 102 -8 -155 -26 -167 120 -229 186 -249 228 219 13 -114 -215 157 33 51 -56 133 -126 -139 -136 221 -27 245 -185 60 -108 -30 -100 -87 -50 144 180 226 -19 86 -102 -191 52 -92 183 215 244 236 -220 -160 136 5 -189 -119 -232 161 30 -166 190 170 -78 -105 -42 -24 193 -197 -63 17 29 -52 -137 111 87 41 171 -202 -184 159 -150 156 113 -75 238 71 92 -37 181 -210 -209 220 -85 223 150 83 -199 137 -5 90 141 84 -40 -182 100 4 -38 107 135 175 66 15 16 -122 -240 98 -222 224 -22 206 46 -157 139 99 243 96 -95 -168 -165 68 -10 -98 103 114 134 -59 -192 -127 37 119 -67 80 38 0 88 104 247 110 58 128 -1 -223 -196 12 -109 131 199 242 50 -143 101 -101 27 6 -104 166 -43 -161 -15 -193 -4 106 115 39 -36 -145 -146 7 188 36 208 158 129 173 112 -25 -31 -195 -39 225 -118 124 -194 -89 77 -235 -250 122 -187 26 116 64 43 -234 -72 249 151 10 11 40 -47 -159 -18 201 152 -7 229 -214 -66 -140 -57 -177 212 47 -142 -179 154 70 -171 240 -125 -97 59 -41 167 -73 -88 -183 -77 200 -244 34 -35 -14 53 48 -116 241 231 25 -203 18 -32 -74 232 91 -172 230 155 109 79 -212 -54 123 -49 -93 -246 -237 -13 -138 -28 -123 169 -205 95 192 -200 198 -135 74 22 -16 24 195 -34 -190 239 -218 35 191 -3 -17 -239 218 21 187 -231 189 -144 163 -79 -121 160 -70 -174 -180 61 20 81 82 -217 -6 
TEST 193 ARG:220 249 204 95 105 159 198 237 -52 176 -16 49 -41 -118 11 -42 19 104 -200 -93 -228 137 109 -169 243 -37 35 85 199 194 -72 148 -70 128 -137 -15 205 -143 66 64 3 -196 -63 -127 -122 -221 -152 -77 -229 -174 232 209 106 -95 185 -188 162 -177 -154 115 197 -213 -136 -33 61 173 154 -50 191 20 136 92 156 132 184 160 48 -176 203 -44 -233 94 161 -156 -214 91 68 225 -181 -193 -180 -224 221 34 -162 190 62 -104 -173 86 170 181 -217 -14 55 201 213 147 -238 175 -203 -226 -167 -146 -38 -19 206 90 -183 -141 223 -147 107 -212 -18 121 -2 71 -160 -47 -92 2 231 -112 140 -87 135 120 145 -163 51 65 246 241 -8 207 102 193 25 67 -134 -62 -81 239 40 -30 172 -159 -124 88 -115 -98 1 200 -186 21 89 233 229 131 -184 116 122 174 -108 58 -170 142 -166 -20 -5 43 -231 153 -172 28 -145 22 14 46 -49 -1 222 133 248 -241 0 110 82 -144 74 -128 -130 -64 226 -82 -153 4 -149 141 36 -140 -3 216 -90 -219 -101 77 -67 202 -65 -71 179 44 210 129 169 -242 -68 119 54 -105 -53 -35 -83 -248 186 -230 -57 167 -236 139 -103 -182 -243 227 212 188 -120 -55 -40 -113 215 240 -10 -102 52 -209 224 57 -106 -7 96 -34 -187 177 -86 -240 114 -96 -246 138 37 -135 -220 -204 98 -129 144 130 -178 -133 -158 125 -205 -116 63 143 245 17 -215 -74 29 -58 112 211 -126 -66 -61 165 218 10 -27 -206 -139 -89 -142 -9 93 -32 134 150 -121 56 214 -245 158 242 -131 -155 -161 -239 166 -232 99 -21 -211 83 -110 -4 238 -13 -12 24 -79 189 53 45 163 -88 -94 70 -191 168 219 -150 113 -157 -165 171 183 -29 -23 117 -85 123 47 -250 -54 -36 -210 -195 -125 15 84 195 178 -80 -199 101 103 -207 50 76 42 87 100 -24 196 151 -84 33 79 38 13 126 -185 6 247 69 97 59 -198 -235 -111 -223 5 146 -234 -249 -69 -76 -39 -189 75 182 -201 -99 -31 9 27 30 111 -97 -168 -138 -119 -73 -114 -171 -123 -244 192 230 -56 -6 187 16 -17 80 -75 39 -218 -51 -25 -43 164 -109 73 81 -208 8 -237 -22 152 -148 235 127 -59 -227 -100 72 -164 -45 31 -222 -26 236 7 234 -28 108 217 78 228 18 -132 -78 118 -60 60 -194 -192 -197 -216 124 -175 41 -107 -225 32 -151 208 -179 26 -91 155 -117 -11 23 -247 244 -202 180 -46 -48 157 12 149 -190 
TEST 194 ARG:-59 193 -70 -28 -100 -159 -209 117 -10 -19 -193 118 -4 108 -1 112 239 -161 -15 71 159 -241 -31 -216 -29 99 -39 0 -130 -134 59 -233 179 -40 146 -93 238 -181 -80 -103 -186 130 73 97 206 116 -160 131 -94 -20 245 168 246 70 29 126 -27 -7 -11 109 201 110 75 214 127 139 172 132 157 36 -145 -196 64 14 111 27 6 -169 2 25 -222 -192 -63 -62 -104 -207 -69 -125 88 128 240 247 -189 -167 -101 30 -109 57 91 -32 203 9 12 220 -49 237 -239 -227 123 21 66 -51 -148 -42 -26 101 -85 147 56 -210 54 -126 -106 191 -77 -205 -102 -111 219 -123 -120 -122 90 -176 -202 190 40 -44 -75 -115 -25 -188 -165 200 63 -175 -203 -41 242 33 -171 -66 162 -91 -88 -220 -24 -246 183 82 -21 68 -206 49 -234 -79 -178 -226 175 -247 -215 -242 -128 -117 -149 -74 -152 -86 13 -248 -116 138 121 76 -191 -185 -71 93 217 -187 -200 -142 -141 -197 158 166 -221 -38 173 -81 -57 -37 -168 -235 62 8 102 -47 23 224 -137 41 -249 87 19 -97 7 243 236 -5 199 122 52 51 196 155 -138 -224 -6 212 184 96 -68 177 195 145 234 -129 181 -240 48 152 207 188 58 -90 -54 164 -147 78 98 210 -214 22 -228 -135 -72 53 -107 228 -50 -180 -217 163 182 -150 -212 -146 -201 -65 229 -46 -34 60 -166 -89 -223 -43 -162 223 -195 114 -236 -231 -211 69 -18 94 -218 209 10 141 202 149 120 3 -96 -114 -204 61 43 189 -208 -61 -56 208 140 -48 249 -84 4 167 26 -158 -229 205 -76 24 197 106 -105 -172 105 -118 -131 -78 -99 174 -8 148 -64 -3 241 142 248 211 -198 156 35 -95 169 232 72 18 178 113 -83 -73 194 204 81 180 -244 -177 -157 137 176 103 153 -16 37 31 1 5 11 124 -110 -151 100 -232 135 80 104 47 -144 -98 160 136 -87 44 -156 -127 -199 185 -140 222 -60 213 221 198 -164 143 235 -225 186 92 85 -139 151 -58 215 -174 95 187 218 -23 -132 161 -190 20 192 38 50 227 -14 230 67 -219 28 165 -182 244 133 233 -22 -92 65 -35 -82 17 -250 42 77 -153 171 34 16 -53 86 -170 -183 225 45 -108 83 -17 -67 -136 -13 -238 -230 -33 -45 -30 -154 134 -163 15 -9 84 -184 46 55 -155 -36 -237 -52 129 -213 -124 -194 226 -143 -112 -2 -113 125 -133 144 154 -245 216 -12 32 -173 -121 150 -179 79 -243 39 74 -119 89 -55 170 115 107 119 231 
TEST 195 ARG:4 -58 58 8 -19 200 109 -241 -187 -134 225 -228 107 145 131 -25 -114 -221 -31 150 -126 -41 176 26 193 34 -53 0 -150 -233 -171 19 228 -67 -80 -90 -237 -133 -59 37 170 5 175 173 151 -43 70 -199 -18 -152 202 -201 -217 -72 11 39 -49 -123 -129 152 -38 71 -175 -7 79 132 9 -121 -40 120 -246 -117 160 -144 -204 -20 -224 80 -75 -39 -185 166 -22 -250 -106 237 -226 78 188 187 12 -210 18 191 -167 95 53 -145 56 -119 165 162 -158 -71 44 -51 104 135 41 177 -100 -227 -196 -76 -223 -243 -242 -208 125 52 29 242 103 -249 122 144 -113 -93 -135 47 61 -29 111 213 -56 -54 211 181 248 -85 -218 -26 -155 -235 204 -88 -153 -161 67 -107 -30 134 199 217 149 -238 129 -37 224 -95 -205 110 24 223 -244 -2 121 -177 93 186 -191 -148 -33 -200 105 46 -44 -103 -178 38 235 230 20 -110 -14 -220 195 229 246 -65 192 -35 -47 194 197 249 -202 55 83 143 241 234 76 -96 -173 163 -225 -45 -229 171 -169 146 203 -138 180 -206 119 -28 -162 -104 77 -125 -34 -10 -120 -156 -48 -239 -116 30 -183 -170 -94 -63 -127 25 -230 63 72 64 114 208 89 -70 137 -211 189 -131 43 196 73 -16 94 17 -247 -78 215 -98 -74 -15 -92 236 -62 -192 -189 -143 243 -3 -179 172 -108 -160 69 35 226 -186 -52 221 -234 207 -13 130 48 128 32 86 -5 -60 -128 -209 13 -188 -140 -101 22 142 -118 75 -130 126 -142 -42 183 -79 -168 155 -9 206 -190 33 74 -240 45 -64 68 245 227 210 87 198 136 -245 239 -50 90 6 212 -55 2 -122 -203 156 -84 -27 -172 159 201 -136 -157 117 -57 112 62 -181 -184 -182 141 -73 91 -91 116 214 97 -248 -69 -83 -102 -86 -109 182 14 -77 15 118 153 178 -6 -236 161 100 -8 -151 -149 -163 -195 -216 238 138 -36 123 167 147 244 -147 190 -232 169 240 -81 -139 179 57 -212 218 10 148 247 96 23 101 220 84 98 157 -97 27 174 -11 -124 16 -141 -105 -1 -17 -207 219 106 -21 3 -213 7 231 -12 140 216 49 50 113 -214 232 127 -166 -66 -215 -198 184 -174 185 124 99 28 -231 -180 115 -32 60 -154 92 88 139 -137 108 102 -61 -115 -99 -46 -146 85 -89 59 -159 65 66 222 -68 -23 158 233 209 -165 40 -193 -197 51 -176 205 42 81 -112 -222 -164 154 -87 31 82 -111 -132 164 -194 -219 36 168 54 -24 -82 133 21 1 -4 
TEST 196 ARG:-3 147 83 231 -163 234 9 207 -189 145 34 -136 -170 21 -193 124 -238 15 179 -201 -24 25 81 134 65 -230 -122 -2 -226 232 -121 -202 95 -143 150 93 -141 -146 -124 241 33 224 -35 -77 23 -38 -250 175 -233 68 -47 -147 -54 140 -152 -171 167 -97 80 62 -206 -112 -142 94 227 -58 -196 114 184 -1 58 229 -73 20 2 208 -131 41 126 64 130 233 211 217 61 -137 -223 40 -10 -232 -172 16 -199 -237 -18 -7 91 -21 97 -159 -40 -217 -57 -99 -53 187 -30 248 -228 -164 118 -109 63 -75 160 117 203 191 -162 -25 50 -110 -203 161 -145 -135 10 192 -227 14 -13 212 -67 19 -64 79 146 49 -90 -106 51 138 -36 129 -29 27 156 183 -43 -197 -229 92 247 -87 237 159 -60 -134 -88 214 131 176 189 38 195 -185 218 87 72 141 -177 -11 228 246 13 194 -161 -56 100 153 -103 230 137 142 -79 -127 219 -41 -91 32 98 181 96 215 186 -129 45 -204 115 -74 -33 -39 125 -71 -225 -198 -178 -125 -132 128 -100 -221 -212 53 36 -205 106 120 -66 -55 244 -157 -27 155 99 -181 37 -82 199 -194 193 -214 180 185 -14 -83 -156 -200 -173 -213 104 182 -174 77 -59 -140 222 54 -113 69 -9 24 66 -111 -209 -49 -242 -246 -48 -114 225 -191 17 220 -168 169 165 7 -207 -85 -34 127 -234 84 -130 22 196 52 -50 111 -16 133 18 -220 -12 108 177 -70 136 -76 190 -249 8 67 171 -215 206 239 46 -69 12 -20 -86 -80 123 56 -236 -104 -5 -19 -144 144 -243 -89 -169 -190 43 -155 -4 -28 -211 -149 -62 -180 166 48 -23 121 188 -45 209 -182 -160 -81 -15 119 -218 132 -235 85 245 4 139 -8 -176 31 76 105 74 -68 -240 163 -128 198 226 -208 197 -165 -94 102 -51 -247 202 168 26 173 -63 -44 89 170 158 28 11 -175 113 -184 55 238 -166 122 -22 200 -222 236 -52 143 101 47 -187 -150 -133 110 -216 -210 107 73 -17 57 -153 -120 44 112 35 60 152 -116 148 149 -72 243 -42 -151 70 -101 -192 242 88 1 -95 -167 -98 -219 135 103 249 -231 213 -186 -158 201 -126 -105 -241 -239 174 210 82 -118 -31 151 -26 -244 6 -78 205 -32 -92 -188 29 223 -65 -96 75 71 39 -84 -93 240 -138 86 172 42 90 -183 221 -123 78 -139 235 -148 -61 -224 -46 -108 216 -248 3 162 204 164 30 154 -117 109 178 -115 116 5 -154 -179 0 -107 -6 -37 -195 -245 59 157 -102 -119 
TEST 197 ARG:224 162 89 190 -248 26 118 -17 -11 -227 -136 8 -31 -241 27 16 104 -78 93 1 78 -77 166 -79 181 94 -174 77 53 56 128 138 -29 -12 -222 -122 80 -148 112 239 172 -191 -165 -210 176 111 63 199 -40 141 -247 38 -246 169 213 -6 76 186 28 85 -199 -93 -158 -70 -43 -39 -216 -104 -204 -220 18 -10 -155 99 -162 -249 -94 11 -243 -91 185 202 -102 -30 106 -225 -181 145 193 0 -89 228 148 109 -86 160 -127 -13 -149 -184 142 167 41 -35 -138 -50 -176 143 179 -194 -112 222 45 -32 -62 161 -137 79 -108 184 -1 -25 -185 -28 61 -59 -236 114 -64 -237 236 -169 4 -123 -242 243 -111 -61 60 218 230 -4 65 -74 195 126 221 163 105 91 -36 -231 -120 227 75 -153 -100 -188 39 102 183 -3 -63 -142 191 214 -20 174 -71 -224 -226 -21 225 -212 -219 -228 -68 -139 165 -218 43 48 67 66 -72 -96 -187 -201 113 208 -221 -92 58 235 -47 -66 -67 237 210 -166 233 -22 -141 -76 -234 197 -189 -41 -34 139 -84 132 -56 240 -156 40 9 -38 133 88 -52 -146 30 100 153 -26 -208 -154 -119 247 -193 182 19 -167 -223 -15 107 130 119 211 -143 -168 84 151 -183 70 5 36 124 22 -180 97 -206 -229 204 -238 -239 -14 96 -16 -172 -51 115 -152 180 73 -24 249 54 47 -19 -54 244 7 -48 157 -88 -190 20 72 -157 140 46 -217 -159 158 -192 110 59 154 -95 129 159 117 -2 -132 23 171 -101 -129 51 68 -58 -215 -145 -82 -65 131 150 -147 -97 209 203 -105 216 173 -80 -107 -135 -42 201 -85 -235 146 116 232 42 52 189 134 -87 95 -121 15 156 -45 152 86 6 144 37 207 -240 98 196 135 -179 215 -161 245 -213 -117 71 234 -33 -23 -197 -133 -27 -164 -90 188 -175 -126 -163 -144 246 187 -202 206 -49 137 -196 -171 13 25 -173 242 192 155 147 -131 149 17 -106 -250 -214 -245 103 83 -99 220 241 -160 -128 -150 -114 -18 35 121 -203 74 120 -83 81 -125 164 -103 34 -53 49 108 -232 64 -209 -7 62 32 44 -75 10 238 31 229 12 -230 -57 82 29 198 -46 248 57 125 -244 -195 -170 -115 -211 21 217 212 123 127 -140 194 -8 -69 -198 50 3 -177 -207 -110 87 -109 122 -182 -205 -151 -9 -178 -118 219 170 -81 -73 136 178 69 33 223 -60 -124 101 55 -44 226 90 24 -37 2 -5 175 -98 -130 -113 92 -55 177 14 231 -200 168 -134 -116 205 -233 -186 200 
TEST 198 ARG:12 98 246 -109 152 -196 7 -152 236 -130 198 142 -81 -119 -207 -182 -235 -205 65 -159 69 51 237 54 148 -223 130 57 223 172 229 222 -85 214 -150 209 211 -237 -103 160 -104 81 29 -89 9 249 -250 -116 129 -168 67 -225 208 -48 145 -206 -57 -91 -49 -208 79 -115 77 95 -51 239 31 -141 221 -217 -2 210 -95 -58 218 220 138 35 -35 137 -213 171 -214 -93 124 -92 -188 128 163 117 93 147 -234 -184 -4 1 55 219 10 -126 -45 -209 -106 233 -101 -41 164 97 28 122 -117 135 207 73 -24 89 0 -105 70 -228 192 -111 -36 -174 50 185 -194 -220 45 -5 156 -79 72 226 177 18 -66 -161 -173 -133 118 -175 -76 -122 -52 4 17 204 170 157 52 111 -203 215 39 34 -239 132 -31 -219 59 -25 123 -124 146 -23 -94 -233 87 -211 201 -140 -56 120 -158 -154 80 -38 141 -246 -172 -157 2 -78 -18 -33 61 -177 227 104 -199 -181 36 -193 248 -15 -183 149 -125 161 -176 48 151 -138 -162 -200 -28 27 -88 -147 232 8 71 33 158 125 100 -99 -22 -191 -248 -227 166 -3 20 78 -136 -185 224 109 187 205 -65 202 -19 -21 167 42 -224 41 -50 238 136 -53 -63 -26 213 -221 106 11 216 84 -195 150 60 -17 231 -249 189 -231 247 -238 133 165 -139 16 -164 241 235 242 -215 -80 243 180 -61 -149 85 -129 230 -108 43 86 22 191 -178 -98 173 -112 -42 23 159 -46 -29 -190 -107 74 234 197 116 169 143 121 -8 -132 -39 -59 -9 -114 -74 225 -62 32 -241 14 -169 183 37 66 90 175 179 127 212 -167 228 -230 -229 -179 114 -69 139 -134 -113 -110 25 119 176 -143 -14 184 -180 182 153 -82 162 -6 76 -148 -170 -145 186 -12 -47 -210 -72 244 -171 134 -201 -75 -151 -137 -40 113 196 105 -204 -60 96 -11 -71 -32 203 -153 -54 -187 -155 -218 195 26 -146 -163 -37 140 -10 40 47 206 -189 -240 24 3 -166 168 58 190 -7 63 94 112 -127 19 -77 -197 -16 -118 -20 -13 56 -212 102 -192 -120 -121 155 126 38 -226 -243 194 -102 -144 -198 -100 -131 199 5 -242 99 -222 13 -142 -244 131 44 -165 75 200 -135 -247 -44 -87 91 64 217 -68 82 62 -1 240 49 -67 108 -27 -232 6 30 -64 -216 68 -202 110 -156 174 -30 -236 21 103 188 -186 154 115 -84 -73 -160 -90 -34 92 101 53 83 -245 -43 -83 46 181 -86 88 15 178 193 -70 -96 -123 107 -97 245 -128 -55 144 
TEST 199 ARG:-211 -248 107 -226 -83 -110 79 -170 -100 59 -58 -115 -96 72 228 3 223 -227 40 -103 89 -126 -219 99 153 78 -91 222 -117 177 196 81 70 6 -132 -67 5 155 234 -154 105 216 -127 -242 21 -188 244 -106 103 61 -41 -80 -108 -140 139 -63 -239 -68 -249 -90 -99 -230 124 -234 212 -135 -202 -225 -8 181 -55 -12 7 154 147 101 -138 209 23 214 157 -35 -250 -4 17 -2 130 246 51 -34 -163 20 -94 -192 37 168 63 245 -39 -77 25 -201 53 -128 249 -54 -131 68 224 -1 -60 123 11 -46 -210 146 182 -209 -233 -156 94 248 -56 97 -30 215 111 227 -247 148 200 142 -177 -26 87 149 204 -166 26 46 -221 140 198 80 187 -191 10 -61 -10 -120 -20 1 -208 -152 86 -153 -134 -143 188 -13 -102 -27 -81 -168 -236 35 -42 73 -174 -196 -59 -144 158 -237 220 22 76 178 24 36 151 -178 -37 -157 -11 60 -57 231 -95 120 121 69 90 184 -32 175 -197 -16 169 213 30 -93 202 -130 -207 127 -97 -133 -165 211 -204 84 39 42 108 -31 -23 -45 -18 218 -186 133 67 44 98 -137 126 -205 -129 -71 186 -231 -149 156 -109 -76 -146 47 185 119 131 112 4 -182 -150 -65 -22 -139 159 -48 193 -38 180 -44 52 -50 104 -21 135 -162 -107 8 -89 -104 116 -14 -173 49 -64 45 95 -245 91 -159 48 190 247 64 152 110 -228 83 33 9 -98 162 32 118 -179 -214 243 172 128 109 144 225 -206 217 -111 192 12 14 145 55 -7 -151 -198 143 106 -15 -238 167 -218 -246 -195 -52 170 -66 -216 100 -223 -180 -75 50 -28 229 197 58 203 113 163 205 210 -72 166 129 -235 -175 -105 -101 82 -87 -85 -43 237 -147 -212 179 28 -121 238 -171 -3 174 115 71 93 -5 236 207 92 2 233 65 221 138 56 164 96 241 -9 -70 150 -199 -88 -33 -114 -181 -62 195 -124 -194 -136 206 62 137 -189 226 141 -215 -82 74 -217 75 54 -172 -241 208 -244 27 136 -167 183 -122 57 201 85 -24 -158 134 41 -51 173 43 15 -29 -169 191 189 77 -145 194 -141 -84 171 -184 -243 199 -229 -112 240 117 -224 125 16 -220 -53 -160 176 132 -200 -148 -49 -36 -176 -118 230 -123 -119 102 -190 -185 34 -6 -17 13 122 -183 -113 88 -240 -222 0 31 -164 -40 219 -203 38 -69 -142 239 165 -25 66 232 242 161 -78 19 -79 -193 18 -47 235 -86 -73 -232 -116 114 -19 -161 29 -74 -187 -125 -155 160 -92 -213 
TEST 200 ARG:145 55 -121 -10 -241 -41 -37 -193 -64 171 154 48 -17 -175 -44 -209 150 -250 141 -160 113 -143 -110 -15 -113 -80 29 -139 -120 -146 -98 -9 28 63 59 -13 -33 57 196 -183 180 -247 31 -166 156 -84 -151 -61 181 93 203 144 -45 87 -48 -119 247 64 -79 158 90 -228 108 219 -111 -96 106 -215 -233 215 129 -116 81 238 -225 46 182 130 102 -217 169 -70 -78 -222 -239 14 -145 -170 -129 103 -82 -4 221 -39 112 -149 -49 78 -238 242 120 -92 -124 -158 229 -207 -220 -114 -148 -230 179 -32 -104 -135 225 74 -240 -71 100 -3 -93 18 80 -19 234 -141 126 -154 -76 -108 -133 21 -102 23 123 206 155 -137 -97 -173 -26 197 47 -150 -187 186 -171 -109 95 -126 -95 -105 -185 -138 -1 210 -176 79 86 -72 -46 231 60 -68 -6 67 13 77 -180 110 228 -190 185 161 22 240 -63 114 174 -195 249 -235 -123 69 178 -27 209 140 10 84 -14 -103 239 99 96 -51 -163 216 227 -16 241 -211 -50 -159 118 198 -136 -206 168 244 124 -186 8 -38 26 -86 200 70 202 -106 -153 193 109 115 175 -54 176 208 164 184 -147 94 -213 -199 -131 5 34 -69 56 75 128 -130 -203 61 214 -87 -56 122 -94 -52 20 170 -58 58 -152 68 15 138 189 1 53 -162 -59 162 -2 230 -244 -229 -11 159 -60 32 177 192 19 -237 30 65 211 -210 -246 39 -155 149 -182 7 -223 190 -184 9 -22 -115 217 147 -5 -91 -29 -200 163 -25 160 -125 205 -198 -189 -89 -75 -204 50 -249 -202 97 -28 73 -188 212 -65 191 51 -35 -205 -30 137 -88 -172 -132 -144 -57 0 199 52 17 246 -7 -216 132 -236 -47 -90 -122 121 127 -177 -112 111 62 -243 -164 -81 27 157 -31 -34 54 151 44 24 -156 -179 41 236 -101 143 83 125 2 -74 37 71 -142 85 -36 -128 135 -8 -42 139 -219 88 134 -23 98 167 -140 89 -248 248 -227 72 207 131 25 213 165 222 -231 76 -197 -55 105 35 -201 188 -167 33 42 152 -67 4 -157 172 82 116 -181 -18 194 -20 146 -208 133 101 -169 -118 183 49 -53 -242 117 3 223 235 -12 218 -100 226 -107 -192 153 -224 38 204 -66 -191 245 -161 -99 -40 -168 232 91 45 107 -127 -85 66 142 187 201 12 -245 -62 36 224 119 233 92 -73 104 148 -196 173 243 -43 -232 166 11 -174 -221 -212 -83 -21 16 195 136 40 -178 -24 220 237 -194 -218 6 -214 43 -234 -165 -226 -134 -117 -77 
TEST 201 ARG:-87 -41 -224 173 100 211 -207 50 24 58 27 -229 226 -194 93 208 18 -233 -146 -187 1 -216 -147 6 109 -238 192 -7 -222 -82 237 195 -22 -121 219 -210 28 4 -25 233 235 60 110 -246 -88 -244 -226 -212 -37 -245 -195 -85 -165 139 -115 67 205 209 86 -122 -231 137 247 135 51 223 -235 -180 -220 -10 -77 -145 -196 -250 -91 216 39 52 -66 -151 33 -80 217 187 -113 -13 -65 -106 21 69 191 188 54 -23 221 155 -81 172 38 231 200 -90 -69 -184 -127 167 47 -124 119 -14 30 -243 -108 115 75 141 19 22 36 224 131 -44 -47 -26 244 89 -135 -62 76 -2 -221 -68 -104 -189 59 96 117 -214 146 65 162 -242 -54 40 -38 -239 -111 0 -119 -178 -98 -183 63 82 61 48 149 20 -137 -172 -57 -197 3 -59 -99 55 101 -42 13 57 -153 45 -45 43 246 175 -6 -230 78 -125 -9 -103 -53 132 201 25 -247 134 125 133 213 -24 -105 -48 -203 -51 -179 -49 12 -186 29 147 243 -140 -36 189 -181 -94 185 -118 62 -190 171 126 -174 -249 196 -21 163 -28 143 85 -100 194 -136 248 -60 180 -3 14 212 26 -52 206 -32 144 199 183 170 -11 124 -170 79 -116 46 123 207 210 152 -223 238 230 174 127 92 -241 -160 -152 129 165 148 203 70 122 74 -101 -129 220 107 240 -74 71 -1 234 -206 -163 166 -84 -138 -161 5 66 -75 190 130 181 236 -4 -107 -169 88 -19 -133 -102 176 116 114 -33 -208 -188 -63 -182 -92 68 81 -144 -139 -228 -86 -112 -191 186 121 -126 157 228 -167 10 178 102 -8 -171 -177 -5 154 94 -58 -219 140 -205 9 -217 168 -110 -130 37 -218 11 145 -159 -143 138 -131 -35 128 64 -16 214 -164 160 241 -120 -225 -150 16 -215 229 104 -149 -142 169 -213 80 -79 -29 -201 -128 -97 -175 32 164 7 98 72 103 83 -20 -200 232 -83 -248 150 245 239 -168 -240 156 -50 225 -162 -27 56 53 -158 -114 113 -39 31 73 -73 242 2 151 -96 -154 -56 -78 -17 77 -227 -204 -71 249 -95 -40 106 -211 97 193 -64 198 -141 -134 -18 197 136 111 -43 184 -89 179 95 -236 -209 -72 -237 23 105 112 159 -132 87 49 182 -123 8 34 -232 -156 202 -192 -61 -166 142 90 222 118 120 -193 84 -15 99 -202 35 -12 177 -70 15 204 -46 -31 -234 42 -93 -199 -117 -185 -157 161 44 41 -176 -148 158 91 -55 -67 215 -173 108 -76 17 -30 -109 -34 -155 218 -198 227 153 
